source,context,tier,ground_truth,prediction,score,correct,matcher,code
case,,entity,Patient,Patient,1.0,True,rule,
file,,entity,DocumentReference,DocumentReference,1.0,True,rule,
project,,entity,ResearchStudy,ResearchStudy,1.0,True,rule,
Assay,DocumentReference,entity,ServiceRequest,ServiceRequest,1.0,True,rule,
Device,DocumentReference,entity,Device,Device,1.0,True,rule,
Component,DocumentReference,entity,Observation,Observation,1.0,True,rule,
HTANParticipantID,Patient,entity,Identifier,Identifier,1.0,True,rule,
Filename,DocumentReference,entity,DocumentReference,DocumentReference,1.0,True,rule,
FileFormat,DocumentReference,entity,DocumentReference,DocumentReference,1.0,True,rule,
HTANDataFileID,DocumentReference,entity,Identifier,Identifier,1.0,True,rule,
HTANParentBiospecimenID,Specimen,entity,Identifier,Identifier,1.0,True,rule,
Checksum,DocumentReference,entity,Observation,Observation,1.0,True,rule,
HTANBiospecimenID,Specimen,entity,Identifier,Identifier,1.0,True,rule,
HTANParentID,Specimen,entity,Identifier,Identifier,1.0,True,rule,
HTANParentDataFileID,DocumentReference,entity,Identifier,Identifier,1.0,True,rule,
TimepointLabel,Specimen,entity,Observation,Observation,1.0,True,rule,
StartDaysfromIndex,Patient,entity,Observation,Observation,1.0,True,rule,
StopDaysfromIndex,Patient,entity,Observation,Observation,1.0,True,rule,
SentinelLymphNodeCount,Patient,entity,Observation,Observation,1.0,True,rule,
SentinelNodePositiveAssessmentCount,Patient,entity,Observation,Observation,1.0,True,rule,
TumorExtranodalExtensionIndicator,Condition,entity,Observation,Observation,1.0,True,rule,
SatelliteMetastasisPresentIndicator,Patient,entity,Observation,Observation,1.0,True,rule,
OtherBiopsyResectionSite,Patient,entity,Observation,Observation,1.0,True,rule,
ExtentofTumorResection,Patient,entity,Observation,Observation,1.0,True,rule,
PriorSitesofRadiation,Patient,entity,Observation,Observation,1.0,True,rule,
Immunosuppression,MedicationAdministration,entity,Observation,Observation,1.0,True,rule,
ConcomitantMedicationReceivedType,MedicationAdministration,entity,Observation,Observation,1.0,True,rule,
FamilyMemberVitalStatusIndicator,Patient,entity,Observation,Observation,1.0,True,rule,
COVID19OccurrenceIndicator,Patient,entity,Observation,Observation,1.0,True,rule,
COVID19CurrentStatus,Patient,entity,Observation,Observation,1.0,True,rule,
COVID19ComplicationsSeverity,Patient,entity,Observation,Observation,1.0,True,rule,
COVID19CancerTreatmentFollowup,Patient,entity,Observation,Observation,1.0,True,rule,
Ecigvapeuse,Patient,entity,Observation,Observation,1.0,True,rule,
Ecigvape30dayusenum,Patient,entity,Observation,Observation,1.0,True,rule,
Ecigvapetimesperday,Patient,entity,Observation,Observation,1.0,True,rule,
Chewingtobaccodailyusecount,Patient,entity,Observation,Observation,1.0,True,rule,
Secondhandsmokeexposureyears,Patient,entity,Observation,Observation,1.0,True,rule,
KnownGeneticPredispositionMutation,Patient,entity,Observation,Observation,1.0,True,rule,
HereditaryCancerPredispositionSyndrome,Patient,entity,Observation,Observation,1.0,True,rule,
CancerAssociatedGeneMutations,Patient,entity,Observation,Observation,1.0,True,rule,
MutationalSignatures,Patient,entity,Observation,Observation,1.0,True,rule,
MismatchRepairSystemStatus,Patient,entity,Observation,Observation,1.0,True,rule,
LabTestsforMMRStatus,Patient,entity,Observation,Observation,1.0,True,rule,
ModeofCancerDetection,Patient,entity,Observation,Observation,1.0,True,rule,
EducationLevel,Patient,entity,Observation,Observation,1.0,True,rule,
CountryofBirth,Patient,entity,Observation,Observation,1.0,True,rule,
MedicallyUnderservedArea,Patient,entity,Observation,Observation,1.0,True,rule,
RuralvsUrban,Patient,entity,Observation,Observation,1.0,True,rule,
CancerIncidence,Patient,entity,Observation,Observation,1.0,True,rule,
CancerIncidenceLocation,Patient,entity,Observation,Observation,1.0,True,rule,
Ethnicity,Patient,entity,Patient,Patient,1.0,True,rule,
Gender,Patient,entity,Patient,Patient,1.0,True,rule,
Race,Patient,entity,Patient,Patient,1.0,True,rule,
VitalStatus,Patient,entity,Patient,Patient,1.0,True,rule,
AgeatDiagnosis,Patient,entity,Condition,Condition,1.0,True,rule,
DaystoLastFollowup,Patient,entity,Observation,Observation,1.0,True,rule,
DaystoLastKnownDiseaseStatus,Patient,entity,Observation,Observation,1.0,True,rule,
DaystoRecurrence,Patient,entity,Observation,Observation,1.0,True,rule,
LastKnownDiseaseStatus,Patient,entity,Observation,Observation,1.0,True,rule,
Morphology,Patient,entity,Observation,Observation,1.0,True,rule,
PrimaryDiagnosis,Patient,entity,Condition,Condition,1.0,True,rule,
ProgressionorRecurrence,Patient,entity,Condition,Condition,1.0,True,rule,
SiteofResectionorBiopsy,Specimen,entity,Specimen,Specimen,1.0,True,rule,
TissueorOrganofOrigin,Patient,entity,Condition,Condition,1.0,True,rule,
NCIAtlasCancerSite,,entity,Condition,Condition,1.0,True,rule,
TumorGrade,Patient,entity,Condition,Condition,1.0,True,rule,
PackYearsSmoked,Patient,entity,Observation,Observation,1.0,True,rule,
YearsSmoked,Patient,entity,Observation,Observation,1.0,True,rule,
DaystoFollowUp,Patient,entity,Observation,Observation,1.0,True,rule,
GeneSymbol,Patient,entity,Observation,Observation,1.0,True,rule,
MolecularAnalysisMethod,Patient,entity,Observation,Observation,1.0,True,rule,
TestResult,Patient,entity,Observation,Observation,1.0,True,rule,
TreatmentType,MedicationAdministration,entity,MedicationAdministration,MedicationAdministration,1.0,True,rule,
TumorLargestDimensionDiameter,,entity,Observation,Observation,1.0,True,rule,
LungCancerTier3,,entity,Identifier,Identifier,1.0,True,rule,
LungCancerDetectionMethodType,Patient,entity,Condition,Condition,1.0,True,rule,
BreastCancerTier3,Patient,entity,Identifier,Identifier,1.0,True,rule,
ProstateCancerTier3,,entity,Identifier,Identifier,1.0,True,rule,
PancreasPrecancerHistopathologicGrade,Patient,entity,Condition,Condition,1.0,True,rule,
PancreaticIPMNPathologyEpithelialSubtype,Patient,entity,Observation,Observation,1.0,True,rule,
PancreaticDuctFinalPathologyType,Patient,entity,Observation,Observation,1.0,True,rule,
DaystoBirth,Patient,entity,Observation,Observation,1.0,True,rule,
CountryofResidence,Patient,entity,Observation,Observation,1.0,True,rule,
AgeIsObfuscated,Patient,entity,Observation,Observation,1.0,True,rule,
YearOfBirth,Patient,entity,Observation,Observation,1.0,True,rule,
OccupationDurationYears,Patient,entity,Observation,Observation,1.0,True,rule,
PrematureAtBirth,Patient,entity,Observation,Observation,1.0,True,rule,
WeeksGestationatBirth,Patient,entity,Observation,Observation,1.0,True,rule,
RelativewithCancerHistory,Patient,entity,Observation,Observation,1.0,True,rule,
SmokingExposure,Patient,entity,Observation,Observation,1.0,True,rule,
AlcoholExposure,Patient,entity,Observation,Observation,1.0,True,rule,
AsbestosExposure,Patient,entity,Observation,Observation,1.0,True,rule,
CoalDustExposure,Patient,entity,Observation,Observation,1.0,True,rule,
EnvironmentalTobaccoSmokeExposure,Patient,entity,Observation,Observation,1.0,True,rule,
RadonExposure,Patient,entity,Observation,Observation,1.0,True,rule,
RespirableCrystallineSilicaExposure,Patient,entity,Observation,Observation,1.0,True,rule,
AdverseEvent,Patient,entity,Observation,Observation,1.0,True,rule,
BarrettsEsophagusGobletCellsPresent,Patient,entity,Observation,Observation,1.0,True,rule,
BMI,Patient,entity,Observation,Observation,1.0,True,rule,
CauseofResponse,Patient,entity,Observation,Observation,1.0,True,rule,
Comorbidity,Patient,entity,Observation,Observation,1.0,True,rule,
ComorbidityMethodofDiagnosis,Patient,entity,Observation,Observation,1.0,True,rule,
DaystoAdverseEvent,Patient,entity,Observation,Observation,1.0,True,rule,
DaystoComorbidity,Patient,entity,Observation,Observation,1.0,True,rule,
DiseaseResponse,Patient,entity,Observation,Observation,1.0,True,rule,
DLCORefPredictivePercent,Patient,entity,Observation,Observation,1.0,True,rule,
ECOGPerformanceStatus,Patient,entity,Observation,Observation,1.0,True,rule,
FEV1FVCPostBronchPercent,Patient,entity,Observation,Observation,1.0,True,rule,
FEV1FVCPreBronchPercent,Patient,entity,Observation,Observation,1.0,True,rule,
FEV1RefPostBronchPercent,Patient,entity,Observation,Observation,1.0,True,rule,
FEV1RefPreBronchPercent,Patient,entity,Observation,Observation,1.0,True,rule,
Height,Patient,entity,Observation,Observation,1.0,True,rule,
HepatitisSustainedVirologicalResponse,Patient,entity,Observation,Observation,1.0,True,rule,
HPVPositiveType,Patient,entity,Observation,Observation,1.0,True,rule,
KarnofskyPerformanceStatus,Patient,entity,Observation,Observation,1.0,True,rule,
MenopauseStatus,Patient,entity,Observation,Observation,1.0,True,rule,
PancreatitisOnsetYear,Patient,entity,Observation,Observation,1.0,True,rule,
RefluxTreatmentType,Patient,entity,Observation,Observation,1.0,True,rule,
RiskFactor,Patient,entity,Observation,Observation,1.0,True,rule,
RiskFactorTreatment,Patient,entity,Observation,Observation,1.0,True,rule,
ViralHepatitisSerologies,Patient,entity,Observation,Observation,1.0,True,rule,
Weight,Patient,entity,Observation,Observation,1.0,True,rule,
AdverseEventGrade,Patient,entity,Observation,Observation,1.0,True,rule,
AIDSRiskFactors,,entity,Observation,Observation,1.0,True,rule,
BodySurfaceArea,Patient,entity,Observation,Observation,1.0,True,rule,
CDCHIVRiskFactors,Patient,entity,Observation,Observation,1.0,True,rule,
DaystoImaging,Patient,entity,Observation,Observation,1.0,True,rule,
HAARTTreatmentIndicator,Patient,entity,Observation,Observation,1.0,True,rule,
HIVViralLoad,Patient,entity,Observation,Observation,1.0,True,rule,
HormonalContraceptiveUse,Patient,entity,Observation,Observation,1.0,True,rule,
HysterectomyMarginsInvolved,Patient,entity,Observation,Observation,1.0,True,rule,
HysterectomyType,Patient,entity,Observation,Observation,1.0,True,rule,
ImagingResult,Patient,entity,Observation,Observation,1.0,True,rule,
ImagingType,Patient,entity,Observation,Observation,1.0,True,rule,
ImmunosuppressiveTreatmentType,Patient,entity,Observation,Observation,1.0,True,rule,
NadirCD4Count,Patient,entity,Observation,Observation,1.0,True,rule,
PregnancyOutcome,Patient,entity,Observation,Observation,1.0,True,rule,
RecistTargetedRegionsNumber,Patient,entity,Observation,Observation,1.0,True,rule,
RecistTargetedRegionsSum,Patient,entity,Observation,Observation,1.0,True,rule,
ScanTracerUsed,Patient,entity,Observation,Observation,1.0,True,rule,
TreatmentorTherapy,Patient,entity,Observation,Observation,1.0,True,rule,
TreatmentEffect,MedicationAdministration,entity,Observation,Observation,1.0,True,rule,
TreatmentOutcome,,entity,Observation,Observation,1.0,True,rule,
DaystoTreatmentEnd,Patient,entity,MedicationAdministration,MedicationAdministration,1.0,True,rule,
TreatmentAnatomicSite,Patient,entity,MedicationAdministration,MedicationAdministration,1.0,True,rule,
DaystoTreatmentStart,Patient,entity,MedicationAdministration,MedicationAdministration,1.0,True,rule,
InitialDiseaseStatus,Patient,entity,Condition,Condition,1.0,True,rule,
RegimenorLineofTherapy,Patient,entity,Observation,Observation,1.0,True,rule,
TherapeuticAgents,Patient,entity,Medication,Medication,1.0,True,rule,
TreatmentIntentType,Patient,entity,Observation,Observation,1.0,True,rule,
ChemoConcurrenttoRadiation,Patient,entity,Observation,Observation,1.0,True,rule,
NumberofCycles,Patient,entity,Observation,Observation,1.0,True,rule,
ReasonTreatmentEnded,Patient,entity,MedicationAdministration,MedicationAdministration,1.0,True,rule,
TreatmentDose,Patient,entity,MedicationAdministration,MedicationAdministration,1.0,True,rule,
TreatmentDoseUnits,Patient,entity,MedicationAdministration,MedicationAdministration,1.0,True,rule,
TreatmentEffectIndicator,Patient,entity,Observation,Observation,1.0,True,rule,
TreatmentFrequency,MedicationAdministration,entity,Observation,Observation,1.0,True,rule,
YearofDiagnosis,Patient,entity,Observation,Observation,1.0,True,rule,
PrecancerousConditionType,,entity,Condition,Condition,1.0,True,rule,
MethodofDiagnosis,,entity,Observation,Observation,1.0,True,rule,
PriorMalignancy,,entity,Observation,Observation,1.0,True,rule,
PriorTreatment,,entity,Observation,Observation,1.0,True,rule,
MetastasisatDiagnosis,,entity,Observation,Observation,1.0,True,rule,
MetastasisatDiagnosisSite,,entity,Condition,Condition,1.0,True,rule,
FirstSymptomPriortoDiagnosis,,entity,Observation,Observation,1.0,True,rule,
AAChange,Patient,entity,Observation,Observation,1.0,True,rule,
Antigen,Patient,entity,Observation,Observation,1.0,True,rule,
ClinicalBiospecimenType,Specimen,entity,Observation,Observation,1.0,True,rule,
BloodTestNormalRangeUpper,Patient,entity,Observation,Observation,1.0,True,rule,
BloodTestNormalRangeLower,Patient,entity,Observation,Observation,1.0,True,rule,
CellCount,Patient,entity,Observation,Observation,1.0,True,rule,
Clonality,Specimen,entity,Observation,Observation,1.0,True,rule,
CopyNumber,Patient,entity,Observation,Observation,1.0,True,rule,
Cytoband,Patient,entity,Observation,Observation,1.0,True,rule,
HistoneFamily,Patient,entity,Observation,Observation,1.0,True,rule,
HistoneVariant,Patient,entity,Observation,Observation,1.0,True,rule,
Intron,Specimen,entity,Observation,Observation,1.0,True,rule,
LaboratoryTest,Patient,entity,Observation,Observation,1.0,True,rule,
LociAbnormalCount,Patient,entity,Observation,Observation,1.0,True,rule,
LociCount,Patient,entity,Observation,Observation,1.0,True,rule,
Locus,Patient,entity,Observation,Observation,1.0,True,rule,
MismatchRepairMutation,Patient,entity,Observation,Observation,1.0,True,rule,
MolecularConsequence,Patient,entity,Observation,Observation,1.0,True,rule,
Pathogenicity,Patient,entity,Observation,Observation,1.0,True,rule,
Ploidy,Patient,entity,Observation,Observation,1.0,True,rule,
SecondExon,Patient,entity,Observation,Observation,1.0,True,rule,
SecondGeneSymbol,Patient,entity,Observation,Observation,1.0,True,rule,
SpecializedMolecularTest,Patient,entity,Observation,Observation,1.0,True,rule,
TestAnalyteType,Patient,entity,Specimen,Specimen,1.0,True,rule,
TestUnits,Patient,entity,Observation,Observation,1.0,True,rule,
TestValue,Patient,entity,Observation,Observation,1.0,True,rule,
Transcript,Patient,entity,Observation,Observation,1.0,True,rule,
VariantOrigin,Patient,entity,Observation,Observation,1.0,True,rule,
VariantType,Patient,entity,Observation,Observation,1.0,True,rule,
Zygosity,Patient,entity,Observation,Observation,1.0,True,rule,
CollectionDaysfromIndex,Specimen,entity,Identifier,Identifier,1.0,True,rule,
AdjacentBiospecimenIDs,Specimen,entity,Identifier,Identifier,1.0,True,rule,
BiospecimenType,Specimen,entity,Specimen,Specimen,1.0,True,rule,
AcquisitionMethodType,Specimen,entity,Specimen,Specimen,1.0,True,rule,
FixativeType,Specimen,entity,Observation,Observation,1.0,True,rule,
StorageMethod,Specimen,entity,Observation,Observation,1.0,True,rule,
ProcessingDaysfromIndex,Specimen,entity,Observation,Observation,1.0,True,rule,
ProtocolLink,DocumentReference,entity,Observation,Observation,1.0,True,rule,
SiteDataSource,Specimen,entity,Observation,Observation,1.0,True,rule,
CollectionMedia,Specimen,entity,Observation,Observation,1.0,True,rule,
MountingMedium,Specimen,entity,Observation,Observation,1.0,True,rule,
ProcessingLocation,Specimen,entity,Observation,Observation,1.0,True,rule,
HistologyAssessmentBy,Specimen,entity,Observation,Observation,1.0,True,rule,
HistologyAssessmentMedium,Specimen,entity,Observation,Observation,1.0,True,rule,
PreinvasiveMorphology,Specimen,entity,Observation,Observation,1.0,True,rule,
TumorInfiltratingLymphocytes,Specimen,entity,Observation,Observation,1.0,True,rule,
DegreeofDysplasia,Specimen,entity,Observation,Observation,1.0,True,rule,
DysplasiaFraction,Specimen,entity,Observation,Observation,1.0,True,rule,
NumberProliferatingCells,Specimen,entity,Observation,Observation,1.0,True,rule,
PercentEosinophilInfiltration,Specimen,entity,Observation,Observation,1.0,True,rule,
PercentGranulocyteInfiltration,Specimen,entity,Observation,Observation,1.0,True,rule,
PercentInflamInfiltration,Specimen,entity,Observation,Observation,1.0,True,rule,
PercentLymphocyteInfiltration,Specimen,entity,Observation,Observation,1.0,True,rule,
PercentMonocyteInfiltration,Specimen,entity,Observation,Observation,1.0,True,rule,
PercentNecrosis,Specimen,entity,Observation,Observation,1.0,True,rule,
PercentNeutrophilInfiltration,Specimen,entity,Observation,Observation,1.0,True,rule,
PercentNormalCells,Specimen,entity,Observation,Observation,1.0,True,rule,
PercentStromalCells,Specimen,entity,Observation,Observation,1.0,True,rule,
PercentTumorCells,Specimen,entity,Observation,Observation,1.0,True,rule,
PercentTumorNuclei,Specimen,entity,Observation,Observation,1.0,True,rule,
FiducialMarker,Specimen,entity,Observation,Observation,1.0,True,rule,
SlicingMethod,Specimen,entity,Observation,Observation,1.0,True,rule,
LysisBuffer,Specimen,entity,Observation,Observation,1.0,True,rule,
MethodofNucleicAcidIsolation,Specimen,entity,Observation,Observation,1.0,True,rule,
IschemicTime,Specimen,entity,Observation,Observation,1.0,True,rule,
IschemicTemperature,Specimen,entity,Observation,Observation,1.0,True,rule,
HistologicMorphologyCode,Specimen,entity,Observation,Observation,1.0,True,rule,
PreservationMethod,Specimen,entity,Specimen,Specimen,1.0,True,rule,
NucleicAcidSource,DocumentReference,entity,Observation,Observation,1.0,True,rule,
CryopreservedCellsinSample,DocumentReference,entity,Observation,Observation,1.0,True,rule,
SingleCellIsolationMethod,DocumentReference,entity,Observation,Observation,1.0,True,rule,
DissociationMethod,DocumentReference,entity,Observation,Observation,1.0,True,rule,
LibraryConstructionMethod,DocumentReference,entity,Observation,Observation,1.0,True,rule,
ReadIndicator,DocumentReference,entity,Observation,Observation,1.0,True,rule,
Read1,DocumentReference,entity,Observation,Observation,1.0,True,rule,
Read2,DocumentReference,entity,Observation,Observation,1.0,True,rule,
EndBias,DocumentReference,entity,Observation,Observation,1.0,True,rule,
ReverseTranscriptionPrimer,DocumentReference,entity,Observation,Observation,1.0,True,rule,
SpikeIn,DocumentReference,entity,Observation,Observation,1.0,True,rule,
SequencingPlatform,DocumentReference,entity,Device,Device,1.0,True,rule,
TotalNumberofInputCells,DocumentReference,entity,Observation,Observation,1.0,True,rule,
InputCellsandNuclei,DocumentReference,entity,Observation,Observation,1.0,True,rule,
LibraryPreparationDaysfromIndex,DocumentReference,entity,Observation,Observation,1.0,True,rule,
SingleCellDissociationDaysfromIndex,DocumentReference,entity,Observation,Observation,1.0,True,rule,
SequencingLibraryConstructionDaysfromIndex,DocumentReference,entity,Observation,Observation,1.0,True,rule,
NucleicAcidCaptureDaysfromIndex,DocumentReference,entity,Observation,Observation,1.0,True,rule,
TechnicalReplicateGroup,DocumentReference,entity,Observation,Observation,1.0,True,rule,
ScRNAseqWorkflowType,DocumentReference,entity,Observation,Observation,1.0,True,rule,
WorkflowVersion,DocumentReference,entity,Observation,Observation,1.0,True,rule,
ScRNAseqWorkflowParametersDescription,DocumentReference,entity,Observation,Observation,1.0,True,rule,
WorkflowLink,DocumentReference,entity,Observation,Observation,1.0,True,rule,
GenomicReference,DocumentReference,entity,Observation,Observation,1.0,True,rule,
GenomicReferenceURL,DocumentReference,entity,Observation,Observation,1.0,True,rule,
GenomeAnnotationURL,DocumentReference,entity,Observation,Observation,1.0,True,rule,
WhitelistCellBarcodeFileLink,DocumentReference,entity,Observation,Observation,1.0,True,rule,
CellBarcodeTag,DocumentReference,entity,Observation,Observation,1.0,True,rule,
UMITag,DocumentReference,entity,Observation,Observation,1.0,True,rule,
AppliedHardTrimming,DocumentReference,entity,Observation,Observation,1.0,True,rule,
DataCategory,DocumentReference,entity,DocumentReference,DocumentReference,1.0,True,rule,
MatrixType,DocumentReference,entity,Observation,Observation,1.0,True,rule,
LinkedMatrices,DocumentReference,entity,Observation,Observation,1.0,True,rule,
CellMedianNumberReads,DocumentReference,entity,Observation,Observation,1.0,True,rule,
CellMedianNumberGenes,DocumentReference,entity,Observation,Observation,1.0,True,rule,
CellTotal,DocumentReference,entity,Observation,Observation,1.0,True,rule,
Slide-seqLevel3,DocumentReference,entity,Observation,Observation,1.0,True,rule,
SequencingBatchID,DocumentReference,entity,Observation,Observation,1.0,True,rule,
Slide-seqBeadFileType,DocumentReference,entity,Observation,Observation,1.0,True,rule,
Slide-seqFragmentSize,DocumentReference,entity,Observation,Observation,1.0,True,rule,
BulkRNA-seqLevel1,DocumentReference,entity,DocumentReference,DocumentReference,1.0,True,rule,
LibraryLayout,DocumentReference,entity,Observation,Observation,1.0,True,rule,
Micro-regionSeqPlatform,DocumentReference,entity,Observation,Observation,1.0,True,rule,
ROITag,DocumentReference,entity,Observation,Observation,1.0,True,rule,
ReadLength,DocumentReference,entity,Observation,Observation,1.0,True,rule,
LibrarySelectionMethod,DocumentReference,entity,Observation,Observation,1.0,True,rule,
LibraryPreparationKitName,DocumentReference,entity,Observation,Observation,1.0,True,rule,
LibraryPreparationKitVendor,DocumentReference,entity,Observation,Observation,1.0,True,rule,
LibraryPreparationKitVersion,DocumentReference,entity,Observation,Observation,1.0,True,rule,
AdapterName,DocumentReference,entity,Observation,Observation,1.0,True,rule,
AdapterSequence,DocumentReference,entity,Observation,Observation,1.0,True,rule,
BaseCallerName,DocumentReference,entity,Observation,Observation,1.0,True,rule,
BaseCallerVersion,DocumentReference,entity,Observation,Observation,1.0,True,rule,
FlowCellBarcode,DocumentReference,entity,Observation,Observation,1.0,True,rule,
FragmentMaximumLength,DocumentReference,entity,Observation,Observation,1.0,True,rule,
FragmentMeanLength,DocumentReference,entity,Observation,Observation,1.0,True,rule,
FragmentMinimumLength,DocumentReference,entity,Observation,Observation,1.0,True,rule,
FragmentStandardDeviationLength,DocumentReference,entity,Observation,Observation,1.0,True,rule,
LaneNumber,DocumentReference,entity,Observation,Observation,1.0,True,rule,
LibraryStrand,DocumentReference,entity,Observation,Observation,1.0,True,rule,
MultiplexBarcode,DocumentReference,entity,Observation,Observation,1.0,True,rule,
SizeSelectionRange,DocumentReference,entity,Observation,Observation,1.0,True,rule,
TargetDepth,DocumentReference,entity,Observation,Observation,1.0,True,rule,
ToTrimAdapterSequence,DocumentReference,entity,Observation,Observation,1.0,True,rule,
TranscriptIntegrityNumber,DocumentReference,entity,Observation,Observation,1.0,True,rule,
RIN,DocumentReference,entity,Observation,Observation,1.0,True,rule,
AdapterContent,DocumentReference,entity,Observation,Observation,1.0,True,rule,
BasicStatistics,DocumentReference,entity,Observation,Observation,1.0,True,rule,
Encoding,DocumentReference,entity,Observation,Observation,1.0,True,rule,
OverrepresentedSequences,DocumentReference,entity,Observation,Observation,1.0,True,rule,
PerBaseNContent,DocumentReference,entity,Observation,Observation,1.0,True,rule,
PerBaseSequenceContent,DocumentReference,entity,Observation,Observation,1.0,True,rule,
PerBaseSequenceQuality,DocumentReference,entity,Observation,Observation,1.0,True,rule,
PerSequenceGCContent,DocumentReference,entity,Observation,Observation,1.0,True,rule,
PerSequenceQualityScore,DocumentReference,entity,Observation,Observation,1.0,True,rule,
PerTileSequenceQuality,DocumentReference,entity,Observation,Observation,1.0,True,rule,
PercentGCContent,DocumentReference,entity,Observation,Observation,1.0,True,rule,
SequenceDuplicationLevels,DocumentReference,entity,Observation,Observation,1.0,True,rule,
SequenceLengthDistribution,DocumentReference,entity,Observation,Observation,1.0,True,rule,
TotalReads,DocumentReference,entity,Observation,Observation,1.0,True,rule,
QCWorkflowType,DocumentReference,entity,Observation,Observation,1.0,True,rule,
QCWorkflowVersion,DocumentReference,entity,Observation,Observation,1.0,True,rule,
QCWorkflowLink,DocumentReference,entity,Observation,Observation,1.0,True,rule,
AlignmentWorkflowType,DocumentReference,entity,Observation,Observation,1.0,True,rule,
IndexFileName,DocumentReference,entity,Observation,Observation,1.0,True,rule,
AverageBaseQuality,DocumentReference,entity,Observation,Observation,1.0,True,rule,
AverageInsertSize,DocumentReference,entity,Observation,Observation,1.0,True,rule,
AverageReadLength,DocumentReference,entity,Observation,Observation,1.0,True,rule,
Contamination,DocumentReference,entity,Observation,Observation,1.0,True,rule,
ContaminationError,DocumentReference,entity,Observation,Observation,1.0,True,rule,
MeanCoverage,DocumentReference,entity,Observation,Observation,1.0,True,rule,
MSIWorkflowLink,DocumentReference,entity,Observation,Observation,1.0,True,rule,
MSIScore,DocumentReference,entity,Observation,Observation,1.0,True,rule,
MSIStatus,DocumentReference,entity,Observation,Observation,1.0,True,rule,
PairsOnDiffCHR,DocumentReference,entity,Observation,Observation,1.0,True,rule,
TotalUniquelyMapped,DocumentReference,entity,Observation,Observation,1.0,True,rule,
TotalUnmappedreads,DocumentReference,entity,Observation,Observation,1.0,True,rule,
ProportionReadsDuplicated,DocumentReference,entity,Observation,Observation,1.0,True,rule,
ProportionReadsMapped,DocumentReference,entity,Observation,Observation,1.0,True,rule,
ProportionTargetsNoCoverage,DocumentReference,entity,Observation,Observation,1.0,True,rule,
ProportionBaseMismatch,DocumentReference,entity,Observation,Observation,1.0,True,rule,
ShortReads,DocumentReference,entity,Observation,Observation,1.0,True,rule,
Islowestlevel,DocumentReference,entity,Observation,Observation,1.0,True,rule,
TargetCaptureKit,DocumentReference,entity,Observation,Observation,1.0,True,rule,
ProportionCoverage10x,DocumentReference,entity,Observation,Observation,1.0,True,rule,
ProportionCoverage30X,DocumentReference,entity,Observation,Observation,1.0,True,rule,
GermlineVariantsWorkflowURL,DocumentReference,entity,Observation,Observation,1.0,True,rule,
GermlineVariantsWorkflowType,DocumentReference,entity,Observation,Observation,1.0,True,rule,
SomaticVariantsWorkflowURL,DocumentReference,entity,Observation,Observation,1.0,True,rule,
SomaticVariantsWorkflowType,DocumentReference,entity,Observation,Observation,1.0,True,rule,
SomaticVariantsSampleType,DocumentReference,entity,Observation,Observation,1.0,True,rule,
StructuralVariantWorkflowURL,DocumentReference,entity,Observation,Observation,1.0,True,rule,
StructuralVariantWorkflowType,DocumentReference,entity,Observation,Observation,1.0,True,rule,
SpikeInConcentration,DocumentReference,entity,Observation,Observation,1.0,True,rule,
EmptyWellBarcode,DocumentReference,entity,Observation,Observation,1.0,True,rule,
WellIndex,DocumentReference,entity,Observation,Observation,1.0,True,rule,
FeatureReferenceId,DocumentReference,entity,Observation,Observation,1.0,True,rule,
ImagingAssayType,DocumentReference,entity,ServiceRequest,ServiceRequest,1.0,True,rule,
SoftwareandVersion,DocumentReference,entity,Observation,Observation,1.0,True,rule,
CommitSHA,DocumentReference,entity,Observation,Observation,1.0,True,rule,
Comment,,entity,Observation,Observation,1.0,True,rule,
ChannelMetadataFilename,DocumentReference,entity,Observation,Observation,1.0,True,rule,
Microscope,DocumentReference,entity,Observation,Observation,1.0,True,rule,
Objective,DocumentReference,entity,Observation,Observation,1.0,True,rule,
NominalMagnification,DocumentReference,entity,Observation,Observation,1.0,True,rule,
LensNA,DocumentReference,entity,Observation,Observation,1.0,True,rule,
WorkingDistance,DocumentReference,entity,Observation,Observation,1.0,True,rule,
WorkingDistanceUnit,DocumentReference,entity,Observation,Observation,1.0,True,rule,
Immersion,DocumentReference,entity,Observation,Observation,1.0,True,rule,
Pyramid,DocumentReference,entity,Observation,Observation,1.0,True,rule,
Zstack,DocumentReference,entity,Observation,Observation,1.0,True,rule,
Tseries,DocumentReference,entity,Observation,Observation,1.0,True,rule,
PassedQC,DocumentReference,entity,Observation,Observation,1.0,True,rule,
FOVnumber,DocumentReference,entity,Observation,Observation,1.0,True,rule,
FOVX,DocumentReference,entity,Observation,Observation,1.0,True,rule,
FOVXUnit,DocumentReference,entity,Observation,Observation,1.0,True,rule,
FOVY,DocumentReference,entity,Observation,Observation,1.0,True,rule,
FOVYUnit,DocumentReference,entity,Observation,Observation,1.0,True,rule,
FrameAveraging,DocumentReference,entity,Observation,Observation,1.0,True,rule,
ImageID,DocumentReference,entity,Observation,Observation,1.0,True,rule,
DimensionOrder,DocumentReference,entity,Observation,Observation,1.0,True,rule,
PhysicalSizeX,DocumentReference,entity,Observation,Observation,1.0,True,rule,
PhysicalSizeXUnit,DocumentReference,entity,Observation,Observation,1.0,True,rule,
PhysicalSizeY,DocumentReference,entity,Observation,Observation,1.0,True,rule,
PhysicalSizeYUnit,DocumentReference,entity,Observation,Observation,1.0,True,rule,
PhysicalSizeZ,DocumentReference,entity,Observation,Observation,1.0,True,rule,
PhysicalSizeZUnit,DocumentReference,entity,Observation,Observation,1.0,True,rule,
PixelsBigEndian,DocumentReference,entity,Observation,Observation,1.0,True,rule,
PlaneCount,DocumentReference,entity,Observation,Observation,1.0,True,rule,
SizeC,DocumentReference,entity,Observation,Observation,1.0,True,rule,
SizeT,DocumentReference,entity,Observation,Observation,1.0,True,rule,
SizeX,DocumentReference,entity,Observation,Observation,1.0,True,rule,
SizeY,DocumentReference,entity,Observation,Observation,1.0,True,rule,
SizeZ,DocumentReference,entity,Observation,Observation,1.0,True,rule,
PixelType,DocumentReference,entity,Observation,Observation,1.0,True,rule,
MERFISHPositionsFile,DocumentReference,entity,Observation,Observation,1.0,True,rule,
MERFISHCodebookFile,DocumentReference,entity,Observation,Observation,1.0,True,rule,
ImagingSegmentationDataType,DocumentReference,entity,Observation,Observation,1.0,True,rule,
Parameterfile,DocumentReference,entity,Observation,Observation,1.0,True,rule,
ImagingObjectClass,DocumentReference,entity,Observation,Observation,1.0,True,rule,
NumberofObjects,DocumentReference,entity,Observation,Observation,1.0,True,rule,
HTANParentChannelMetadataID,DocumentReference,entity,Observation,Observation,1.0,True,rule,
UMIBarcodeOffset,DocumentReference,entity,Observation,Observation,1.0,True,rule,
UMIBarcodeLength,DocumentReference,entity,Observation,Observation,1.0,True,rule,
AlignedReadLength,DocumentReference,entity,Observation,Observation,1.0,True,rule,
NumberofFeatures,DocumentReference,entity,Observation,Observation,1.0,True,rule,
ImagingSummaryStatistic,DocumentReference,entity,Observation,Observation,1.0,True,rule,
10XGenomicsXeniumISSExperiment,DocumentReference,entity,ServiceRequest,ServiceRequest,1.0,True,rule,
AnalyteType,Specimen,entity,Specimen,Specimen,1.0,True,rule,
ImagingObjectClassDescription,DocumentReference,entity,Observation,Observation,1.0,True,rule,
CDNAOffset,DocumentReference,entity,Observation,Observation,1.0,True,rule,
CDNALength,DocumentReference,entity,Observation,Observation,1.0,True,rule,
MedianUMIsperCellNumber,DocumentReference,entity,Observation,Observation,1.0,True,rule,
CellBarcodeOffset,DocumentReference,entity,Observation,Observation,1.0,True,rule,
CellBarcodeLength,DocumentReference,entity,Observation,Observation,1.0,True,rule,
ValidBarcodesCellNumber,DocumentReference,entity,Observation,Observation,1.0,True,rule,
CustomGermlineVariantsWorkflowType,DocumentReference,entity,Observation,Observation,1.0,True,rule,
CustomSomaticVariantsWorkflowType,DocumentReference,entity,Observation,Observation,1.0,True,rule,
CustomStructuralVariantWorkflowType,DocumentReference,entity,Observation,Observation,1.0,True,rule,
CustomAlignmentWorkflow,DocumentReference,entity,Observation,Observation,1.0,True,rule,
FixationDuration,Specimen,entity,Observation,Observation,1.0,True,rule,
SlideChargeType,Specimen,entity,Observation,Observation,1.0,True,rule,
SectionThicknessValue,Specimen,entity,Observation,Observation,1.0,True,rule,
SectioningDaysfromIndex,Specimen,entity,Observation,Observation,1.0,True,rule,
ShippingConditionType,Specimen,entity,Observation,Observation,1.0,True,rule,
SpecimenLaterality,Specimen,entity,Observation,Observation,1.0,True,rule,
PortionWeight,Specimen,entity,Observation,Observation,1.0,True,rule,
TotalVolume,Specimen,entity,Observation,Observation,1.0,True,rule,
TumorTissueType,Specimen,entity,Observation,Observation,1.0,True,rule,
BiospecimenDimension1,Specimen,entity,Observation,Observation,1.0,True,rule,
BiospecimenDimension2,Specimen,entity,Observation,Observation,1.0,True,rule,
BiospecimenDimension3,Specimen,entity,Observation,Observation,1.0,True,rule,
SectionNumberinSequence,Specimen,entity,Observation,Observation,1.0,True,rule,
AcquisitionMethodOtherSpecify,Specimen,entity,Observation,Observation,1.0,True,rule,
TotalVolumeUnit,Specimen,entity,Observation,Observation,1.0,True,rule,
DimensionsUnit,Specimen,entity,Observation,Observation,1.0,True,rule,
YearofDeath,Patient,entity,Observation,Observation,1.0,True,rule,
CauseofDeath,Patient,entity,Observation,Observation,1.0,True,rule,
CauseofDeathSource,Patient,entity,Observation,Observation,1.0,True,rule,
DaystoDeath,Patient,entity,Observation,Observation,1.0,True,rule,
MedicallyUnderservedScore,Patient,entity,Observation,Observation,1.0,True,rule,
RelationshipGender,Patient,entity,Observation,Observation,1.0,True,rule,
RelationshipAgeatDiagnosis,Patient,entity,Observation,Observation,1.0,True,rule,
RelationshipPrimaryDiagnosis,Patient,entity,Observation,Observation,1.0,True,rule,
RelationshipType,Patient,entity,Observation,Observation,1.0,True,rule,
RelativeswithCancerHistoryCount,Patient,entity,Observation,Observation,1.0,True,rule,
CigarettesperDay,Patient,entity,Observation,Observation,1.0,True,rule,
SmokingFrequency,Patient,entity,Observation,Observation,1.0,True,rule,
TypeofSmokeExposure,Patient,entity,Observation,Observation,1.0,True,rule,
TimebetweenWakingandFirstSmoke,Patient,entity,Observation,Observation,1.0,True,rule,
TobaccoSmokingOnsetYear,Patient,entity,Observation,Observation,1.0,True,rule,
TobaccoSmokingQuitYear,Patient,entity,Observation,Observation,1.0,True,rule,
TobaccoSmokingStatus,Patient,entity,Observation,Observation,1.0,True,rule,
TypeofTobaccoUsed,Patient,entity,Observation,Observation,1.0,True,rule,
SecondhandSmokeasChild,Patient,entity,Observation,Observation,1.0,True,rule,
SmokeExposureDuration,Patient,entity,Observation,Observation,1.0,True,rule,
TobaccoUseperDay,Patient,entity,Observation,Observation,1.0,True,rule,
SmokelessTobaccoQuitAge,Patient,entity,Observation,Observation,1.0,True,rule,
AlcoholDaysPerWeek,Patient,entity,Observation,Observation,1.0,True,rule,
AlcoholDrinksPerDay,Patient,entity,Observation,Observation,1.0,True,rule,
AlcoholHistory,Patient,entity,Observation,Observation,1.0,True,rule,
AlcoholIntensity,Patient,entity,Observation,Observation,1.0,True,rule,
AlcoholType,Patient,entity,Observation,Observation,1.0,True,rule,
MarijuanaUsePerWeek,Patient,entity,Observation,Observation,1.0,True,rule,
DaystoProgression,Patient,entity,Observation,Observation,1.0,True,rule,
ProgressionorRecurrenceType,Patient,entity,Observation,Observation,1.0,True,rule,
ProgressionorRecurrenceAnatomicSite,Patient,entity,Observation,Observation,1.0,True,rule,
Publication-associatedHTANParentDataFileID,DocumentReference,entity,Identifier,Identifier,1.0,True,rule,
DataType,DocumentReference,entity,ServiceRequest,ServiceRequest,1.0,True,rule,
AtlasName,ResearchStudy,entity,ResearchStudy,ResearchStudy,1.0,True,rule,
ResidualDisease,Patient,entity,Observation,Observation,1.0,True,rule,
Yes-AnaplasiaPresent,Patient,entity,Observation,Observation,1.0,True,rule,
Yes-VascularInvasionPresent,Patient,entity,Observation,Observation,1.0,True,rule,
Dead,Patient,entity,Observation,Observation,1.0,True,rule,
Level,DocumentReference,entity,DocumentReference,DocumentReference,1.0,True,rule,
Organ,Patient,entity,Observation,Observation,1.0,True,rule,
Treatment,MedicationAdministration,entity,DocumentReference,DocumentReference,1.0,True,rule,
DataAccess,DocumentReference,entity,DocumentReference,DocumentReference,1.0,True,rule,
SynapseId,DocumentReference,entity,Identifier,Identifier,1.0,True,rule,
Atlasid,ResearchStudy,entity,Identifier,Identifier,1.0,True,rule,
DataFileID,DocumentReference,entity,Identifier,Identifier,1.0,True,rule,
ParticipantID,Patient,entity,Identifier,Identifier,1.0,True,rule,
ParentBiospecimenID,Specimen,entity,Identifier,Identifier,1.0,True,rule,
PublicationIds,DocumentReference,entity,Observation,Observation,1.0,True,rule,
IsRawSequencing,DocumentReference,entity,Observation,Observation,1.0,True,rule,
ReleaseVersion,DocumentReference,entity,Observation,Observation,1.0,True,rule,
ParentDataFileID,DocumentReference,entity,DocumentReference,DocumentReference,1.0,True,rule,
Metadata,DocumentReference,entity,Observation,Observation,1.0,True,rule,
View,DocumentReference,entity,Observation,Observation,1.0,True,rule,
AnalyteBiospecimenType,Specimen,entity,Observation,Observation,1.0,True,rule,
BloodBiospecimenType,Specimen,entity,Observation,Observation,1.0,True,rule,
BoneMarrowBiospecimenType,Specimen,entity,Observation,Observation,1.0,True,rule,
OtherAcquisitionMethod,Specimen,entity,Observation,Observation,1.0,True,rule,
TissueBiospecimenType,Specimen,entity,Observation,Observation,1.0,True,rule,
UrineBiospecimenType,Specimen,entity,Observation,Observation,1.0,True,rule,
entityId,Specimen,entity,Observation,Observation,1.0,True,rule,
name,tissue_source_site,field,Organization.name,Organization.name,1.0,True,rule,
program_id,project.program,field,ResearchStudy.identifier,ResearchStudy.identifier,1.0,True,rule,
PhysicalSizeYUnit,DocumentReference,field,Observation.component,Observation.component,1.0,True,rule,
no_matched_normal_low_pass_wgs,samples.portions.analytes.aliquots,field,Observation.aliquot.no_matched_normal_low_pass_wgs,Observation.aliquot.no_matched_normal_low_pass_wgs,1.0,True,rule,
SmokingExposure,Patient,field,Observation.valueString,Observation.valueString,1.0,True,rule,
target_capture_kit_vendor,analysis.metadata.read_groups,field,Observation.DocumentReference.target_capture_kit_vendor,Observation.DocumentReference.target_capture_kit_vendor,1.0,True,rule,
submitter_analyte_ids,case,field,Specimen.identifier.analyte,Specimen.identifier.analyte,1.0,True,rule,
PixelsBigEndian,DocumentReference,field,Observation.component,Observation.component,1.0,True,rule,
created_datetime,analysis.metadata.read_groups,field,Observation.DocumentReference.created_datetime,Extension.valueDateTime,1.0,False,rule,
name,project,field,ResearchStudy.name,Organization.name,1.0,False,rule,
YearsSmoked,Patient,field,Observation.valueQuantity.value,Observation.code,1.0,False,rule,
portion_id,samples.portions,field,Specimen.identifier,Specimen.identifier,1.0,True,rule,
SiteDataSource,Specimen,field,Observation.component,Observation.component,1.0,True,rule,
TreatmentEffectIndicator,Patient,field,Observation.valueString,Observation.valueString,1.0,True,rule,
DaystoFollowUp,Patient,field,Observation.code,Observation.code,1.0,True,rule,
10XGenomicsXeniumISSExperiment,DocumentReference,field,ServiceRequest.supportingInfo.CodeableReference.concept.CodeableConcept.code,ServiceRequest.code,1.0,False,rule,
updated_datetime,samples.portions.analytes.aliquots,field,Observation.aliquot.updated_datetime,Observation.aliquot.updated_datetime,1.0,True,rule,
PrecancerousConditionType,,field,Condition.code,Condition.code,1.0,True,rule,
DLCORefPredictivePercent,Patient,field,Observation.valueString,Observation.valueString,1.0,True,rule,
Race,Patient,field,Patient.extension.valueString,Patient.extension.valueString,1.0,True,rule,
WeeksGestationatBirth,Patient,field,Observation.valueString,Observation.valueString,1.0,True,rule,
is_ffpe,samples.portions,field,Observation.portions.is_ffpe,Observation.sample.is_ffpe,1.0,False,rule,
read_group_name,analysis.metadata.read_groups,field,Observation.DocumentReference.read_group_name,Observation.DocumentReference.read_group_name,1.0,True,rule,
spectrophotometer_method,samples.portions.analytes,field,Observation.analyte.spectrophotometer_method,Observation.analyte.spectrophotometer_method,1.0,True,rule,
PancreaticDuctFinalPathologyType,Patient,field,Observation.valueString,Observation.valueString,1.0,True,rule,
HTANParticipantID,Patient,field,Identifier.value,Identifier.value,1.0,True,rule,
Ecigvapetimesperday,Patient,field,Observation.valueQuantity,Observation.valueQuantity,1.0,True,rule,
RefluxTreatmentType,Patient,field,Observation.valueString,Observation.valueString,1.0,True,rule,
SingleCellDissociationDaysfromIndex,DocumentReference,field,Observation.component,Observation.component,1.0,True,rule,
DataAccess,DocumentReference,field,DocumentReference.securityLabel,DocumentReference.securityLabel,1.0,True,rule,
SentinelLymphNodeCount,Patient,field,Observation.valueQuantity,Observation.valueQuantity,1.0,True,rule,
TherapeuticAgents,Patient,field,Medication.code,Medication.code,1.0,True,rule,
FEV1FVCPreBronchPercent,Patient,field,Observation.valueQuantity,Observation.valueQuantity,1.0,True,rule,
includes_spike_ins,analysis.metadata.read_groups,field,Observation.DocumentReference.includes_spike_ins,Observation.DocumentReference.includes_spike_ins,1.0,True,rule,
DaystoDeath,Patient,field,Observation.valueQuantity,Observation.valueQuantity,1.0,True,rule,
SlicingMethod,Specimen,field,Observation.component,Observation.component,1.0,True,rule,
IsRawSequencing,DocumentReference,field,Observation.component,Observation.component,1.0,True,rule,
ECOGPerformanceStatus,Patient,field,Observation.valueString,Observation.valueString,1.0,True,rule,
case_id,cases,field,Patient.identifier,Patient.identifier,1.0,True,rule,
UrineBiospecimenType,Specimen,field,Observation.component,Observation.component,1.0,True,rule,
InputCellsandNuclei,DocumentReference,field,Observation.component,Observation.component,1.0,True,rule,
program,project,field,ResearchStudy,ResearchStudy,1.0,True,rule,
VariantOrigin,Patient,field,Observation.valueString,Observation.valueString,1.0,True,rule,
Antigen,Patient,field,Observation.valueString,Observation.valueString,1.0,True,rule,
PhysicalSizeXUnit,DocumentReference,field,Observation.component,Observation.component,1.0,True,rule,
ethnicity,demographic,field,Extension:extension.USCoreEthnicity,Extension:extension.USCoreEthnicity,1.0,True,rule,
case_count,summary.experimental_strategies,field,Extension.valueUnsignedInt,Extension.valueUnsignedInt,1.0,True,rule,
ChemoConcurrenttoRadiation,Patient,field,Observation.valueString,Observation.valueString,1.0,True,rule,
sample_type,samples,field,Specimen.type.sample,Specimen.type.sample,1.0,True,rule,
ProtocolLink,DocumentReference,field,Observation.component,Observation.component,1.0,True,rule,
SizeZ,DocumentReference,field,Observation.component,Observation.component,1.0,True,rule,
SequencingLibraryConstructionDaysfromIndex,DocumentReference,field,Observation.component,Observation.component,1.0,True,rule,
project_id,project,field,ResearchStudy.identifier,ResearchStudy.identifier,1.0,True,rule,
DataFileID,DocumentReference,field,Identifier.value,Identifier.value,1.0,True,rule,
PerSequenceQualityScore,DocumentReference,field,Observation.component,Observation.component,1.0,True,rule,
BoneMarrowBiospecimenType,Specimen,field,Observation.component,Observation.component,1.0,True,rule,
BarrettsEsophagusGobletCellsPresent,Patient,field,Observation.valueString,Observation.valueString,1.0,True,rule,
SpecializedMolecularTest,Patient,field,Observation.valueString,Observation.valueString,1.0,True,rule,
AlcoholIntensity,Patient,field,Observation.valueString,Observation.valueString,1.0,True,rule,
NadirCD4Count,Patient,field,Observation.valueString,Observation.valueString,1.0,True,rule,
SizeY,DocumentReference,field,Observation.component,Observation.component,1.0,True,rule,
instrument_model,analysis.metadata.read_groups,field,Observation.DocumentReference.instrument_model,Observation.DocumentReference.instrument_model,1.0,True,rule,
SecondGeneSymbol,Patient,field,Observation.valueString,Observation.valueString,1.0,True,rule,
COVID19CurrentStatus,Patient,field,Observation.valueString,Observation.valueString,1.0,True,rule,
Contamination,DocumentReference,field,Observation.component,Observation.component,1.0,True,rule,
file_count,summary.experimental_strategies,field,Extension.valueUnsignedInt,Extension.valueUnsignedInt,1.0,True,rule,
CellBarcodeLength,DocumentReference,field,Observation.component,Observation.component,1.0,True,rule,
to_trim_adapter_sequence,analysis.metadata.read_groups,field,Observation.DocumentReference.to_trim_adapter_sequence,Observation.DocumentReference.to_trim_adapter_sequence,1.0,True,rule,
TreatmentType,MedicationAdministration,field,MedicationAdministration.category.text,MedicationAdministration.category.text,1.0,True,rule,
FragmentMinimumLength,DocumentReference,field,Observation.component,Observation.component,1.0,True,rule,
NumberofObjects,DocumentReference,field,Observation.component,Observation.component,1.0,True,rule,
AAChange,Patient,field,Observation.valueString,Observation.valueString,1.0,True,rule,
primary_diagnosis,diagnoses,field,Condition.code_primary_diagnosis,Condition.code_primary_diagnosis,1.0,True,rule,
NucleicAcidCaptureDaysfromIndex,DocumentReference,field,Observation.component,Observation.component,1.0,True,rule,
submitter_id,file,field,DocumentReference.Identifier,Patient.identifier,1.0,False,rule,
data_type,file,field,DocumentReference.category.data_type,DocumentReference.category.data_type,1.0,True,rule,
Yes-VascularInvasionPresent,Patient,field,Observation.component,Observation.component,1.0,True,rule,
ReleaseVersion,DocumentReference,field,Observation.component,Observation.component,1.0,True,rule,
dbgap_accession_number,project,field,ResearchStudy.dbgap_accession_number,ResearchStudy.dbgap_accession_number,1.0,True,rule,
LociCount,Patient,field,Observation.valueString,Observation.valueString,1.0,True,rule,
created_datetime,demographic,field,Extension.valueDateTime,Extension.valueDateTime,1.0,True,rule,
DaystoLastFollowup,Patient,field,Observation.valueQuantity.value,Observation.code,1.0,False,rule,
DaystoRecurrence,Patient,field,Observation.valueQuantity.value,Observation.code,1.0,False,rule,
HTANParentBiospecimenID,Specimen,field,Identifier.value,Identifier.value,1.0,True,rule,
ajcc_pathologic_n,diagnoses,field,Condition.stage_ajcc_pathologic_n,Condition.stage_ajcc_pathologic_n,1.0,True,rule,
BloodTestNormalRangeLower,Patient,field,Observation.valueString,Observation.valueString,1.0,True,rule,
PackYearsSmoked,Patient,field,Observation.code,Observation.code,1.0,True,rule,
sample_ids,case,field,Specimen.identifier,Specimen.identifier,1.0,True,rule,
EducationLevel,Patient,field,Observation.valueString,Observation.valueString,1.0,True,rule,
MismatchRepairSystemStatus,Patient,field,Observation.valueString,Observation.valueString,1.0,True,rule,
sample_id,samples,field,Specimen.identifier,Specimen.identifier,1.0,True,rule,
SlideChargeType,Specimen,field,Observation.component,Observation.component,1.0,True,rule,
is_paired_end,analysis.metadata.read_groups,field,Observation.DocumentReference.is_paired_end,Observation.DocumentReference.is_paired_end,1.0,True,rule,
selected_normal_low_pass_wgs,samples.portions.analytes.aliquots,field,Observation.aliquot.selected_normal_low_pass_wgs,Observation.aliquot.selected_normal_low_pass_wgs,1.0,True,rule,
SectionNumberinSequence,Specimen,field,Observation.component,Observation.component,1.0,True,rule,
ParentDataFileID,DocumentReference,field,DocumentReference.relatesTo.target,DocumentReference.relatesTo.target,1.0,True,rule,
submitter_portion_ids,case,field,Specimen.identifier.portion,Specimen.identifier.portion,1.0,True,rule,
TargetDepth,DocumentReference,field,Observation.component,Observation.component,1.0,True,rule,
QCWorkflowType,DocumentReference,field,Observation.component,Observation.component,1.0,True,rule,
FileFormat,DocumentReference,field,DocumentReference.content.attachment.contentType,DocumentReference.content.attachment.contentType,1.0,True,rule,
Microscope,DocumentReference,field,Observation.component,Observation.component,1.0,True,rule,
ribosomal_rna_28s_16s_ratio,samples.portions.analytes,field,Observation.analyte.ribosomal_rna_28s_16s_ratio,Observation.analyte.ribosomal_rna_28s_16s_ratio,1.0,True,rule,
treatment_type,diagnoses.treatments,field,MedicationAdministration.treatment_type,MedicationAdministration.treatment_type,1.0,True,rule,
library_preparation_kit_vendor,analysis.metadata.read_groups,field,Observation.DocumentReference.library_preparation_kit_vendor,Observation.DocumentReference.library_preparation_kit_vendor,1.0,True,rule,
ProcessingLocation,Specimen,field,Observation.component,Observation.component,1.0,True,rule,
PercentTumorNuclei,Specimen,field,Observation.component,Observation.component,1.0,True,rule,
IschemicTime,Specimen,field,Observation.component,Observation.component,1.0,True,rule,
library_strand,analysis.metadata.read_groups,field,Observation.DocumentReference.library_strand,Observation.DocumentReference.library_strand,1.0,True,rule,
AverageBaseQuality,DocumentReference,field,Observation.component,Observation.component,1.0,True,rule,
MSIScore,DocumentReference,field,Observation.component,Observation.component,1.0,True,rule,
DaystoImaging,Patient,field,Observation.valueQuantity,Observation.valueQuantity,1.0,True,rule,
YearofDiagnosis,Patient,field,Observation.valueString,Observation.valueString,1.0,True,rule,
TimebetweenWakingandFirstSmoke,Patient,field,Observation.valueString,Observation.valueString,1.0,True,rule,
BaseCallerVersion,DocumentReference,field,Observation.component,Observation.component,1.0,True,rule,
ViralHepatitisSerologies,Patient,field,Observation.valueString,Observation.valueString,1.0,True,rule,
AlcoholDrinksPerDay,Patient,field,Observation.valueString,Observation.valueString,1.0,True,rule,
HTANBiospecimenID,Specimen,field,Identifier.value,Identifier.value,1.0,True,rule,
QCWorkflowVersion,DocumentReference,field,Observation.component,Observation.component,1.0,True,rule,
ProportionReadsMapped,DocumentReference,field,Observation.component,Observation.component,1.0,True,rule,
SynapseId,DocumentReference,field,Identifier.value,Identifier.value,1.0,True,rule,
RelationshipGender,Patient,field,Observation.valueString,Observation.valueString,1.0,True,rule,
HistoneFamily,Patient,field,Observation.valueString,Observation.valueString,1.0,True,rule,
BloodTestNormalRangeUpper,Patient,field,Observation.valueString,Observation.valueString,1.0,True,rule,
LinkedMatrices,DocumentReference,field,Observation.component,Observation.component,1.0,True,rule,
DaystoLastKnownDiseaseStatus,Patient,field,Observation.valueQuantity.value,Observation.code,1.0,False,rule,
ConcomitantMedicationReceivedType,MedicationAdministration,field,Observation.valueString,Observation.valueString,1.0,True,rule,
DaystoTreatmentEnd,Patient,field,MedicationAdministration.occurrenceTiming,MedicationAdministration.occurrenceTiming,1.0,True,rule,
Atlasid,ResearchStudy,field,Identifier.value,Identifier.value,1.0,True,rule,
TotalUniquelyMapped,DocumentReference,field,Observation.component,Observation.component,1.0,True,rule,
TumorTissueType,Specimen,field,Observation.component,Observation.component,1.0,True,rule,
WorkingDistance,DocumentReference,field,Observation.component,Observation.component,1.0,True,rule,
spike_ins_concentration,analysis.metadata.read_groups,field,Observation.DocumentReference.spike_ins_concentration,Observation.DocumentReference.spike_ins_concentration,1.0,True,rule,
PregnancyOutcome,Patient,field,Observation.valueString,Observation.valueString,1.0,True,rule,
section_location,samples.portions.slides,field,Observation.slides.section_location,Observation.slides.section_location,1.0,True,rule,
HTANParentDataFileID,DocumentReference,field,Identifier.value,Identifier.value,1.0,True,rule,
PriorSitesofRadiation,Patient,field,Observation.valueString,Observation.valueString,1.0,True,rule,
ReadLength,DocumentReference,field,Observation.component,Observation.component,1.0,True,rule,
Filename,DocumentReference,field,DocumentReference.content.attachment.url,DocumentReference.content.attachment.title,1.0,False,rule,
data_format,file,field,DocumentReference.content.profile,DocumentReference.content.profile,1.0,True,rule,
PerTileSequenceQuality,DocumentReference,field,Observation.component,Observation.component,1.0,True,rule,
TotalReads,DocumentReference,field,Observation.component,Observation.component,1.0,True,rule,
Intron,Specimen,field,Observation.valueString,Observation.valueString,1.0,True,rule,
project_id,project,field,ResearchStudy.identifier,ResearchStudy.identifier,1.0,True,rule,
sequencing_center,analysis.metadata.read_groups,field,Observation.DocumentReference.sequencing_center,Observation.DocumentReference.sequencing_center,1.0,True,rule,
Organ,Patient,field,Observation.component,Observation.component,1.0,True,rule,
name,project.program,field,ResearchStudy.name,Organization.name,1.0,False,rule,
library_selection,analysis.metadata.read_groups,field,Observation.DocumentReference.library_selection,Observation.DocumentReference.library_selection,1.0,True,rule,
NucleicAcidSource,DocumentReference,field,Observation.component,Observation.component,1.0,True,rule,
SomaticVariantsSampleType,DocumentReference,field,Observation.component,Observation.component,1.0,True,rule,
ProgressionorRecurrenceType,Patient,field,Observation.valueString,Observation.valueString,1.0,True,rule,
case_count,summary.data_categories,field,Extension.valueUnsignedInt,Extension.valueUnsignedInt,1.0,True,rule,
updated_datetime,diagnoses,field,Observation.survey.updated_datetime,Observation.aliquot.updated_datetime,1.0,False,rule,
COVID19OccurrenceIndicator,Patient,field,Observation.valueString,Observation.valueString,1.0,True,rule,
DaystoAdverseEvent,Patient,field,Observation.valueQuantity,Observation.valueQuantity,1.0,True,rule,
TumorLargestDimensionDiameter,,field,Observation.valueString,Observation.valueString,1.0,True,rule,
ProportionCoverage10x,DocumentReference,field,Observation.component,Observation.component,1.0,True,rule,
AdverseEvent,Patient,field,Observation.valueString,Observation.valueString,1.0,True,rule,
target_capture_kit,analysis.metadata.read_groups,field,Observation.DocumentReference.target_capture_kit,Observation.DocumentReference.target_capture_kit,1.0,True,rule,
OtherAcquisitionMethod,Specimen,field,Observation.component,Observation.component,1.0,True,rule,
AsbestosExposure,Patient,field,Observation.valueString,Observation.valueString,1.0,True,rule,
experimental_strategy,summary.experimental_strategies,field,ResearchStudy.focus,ResearchStudy.focus,1.0,True,rule,
analyte_type,samples.portions.analytes.aliquots,field,Observation.aliquot.analyte_type,Specimen.type.analyte,1.0,False,rule,
Assay,DocumentReference,field,ServiceRequest.supportingInfo.CodeableReference.concept.CodeableConcept.code,ServiceRequest.code,1.0,False,rule,
case_id,case,field,Patient.identifier,Patient.identifier,1.0,True,rule,
Ecigvape30dayusenum,Patient,field,Observation.valueQuantity,Observation.valueQuantity,1.0,True,rule,
FragmentMeanLength,DocumentReference,field,Observation.component,Observation.component,1.0,True,rule,
ClinicalBiospecimenType,Specimen,field,Observation.valueString,Observation.valueString,1.0,True,rule,
MenopauseStatus,Patient,field,Observation.valueString,Observation.valueString,1.0,True,rule,
year_of_birth,demographic,field,Patient.birthDate,Patient.birthDate,1.0,True,rule,
CollectionMedia,Specimen,field,Observation.component,Observation.component,1.0,True,rule,
released,project,field,ResearchStudyProgressStatus.actual,ResearchStudyProgressStatus.actual,1.0,True,rule,
Filename,DocumentReference,field,DocumentReference.content.attachment.title,DocumentReference.content.attachment.title,1.0,True,rule,
PortionWeight,Specimen,field,Observation.component,Observation.component,1.0,True,rule,
PreinvasiveMorphology,Specimen,field,Observation.component,Observation.component,1.0,True,rule,
file_size,summary,field,Extension.valueUnsignedInt,Extension.valueUnsignedInt,1.0,True,rule,
target_capture_kit_target_region,analysis.metadata.read_groups,field,Observation.DocumentReference.target_capture_kit_target_region,Observation.DocumentReference.target_capture_kit_target_region,1.0,True,rule,
days_to_death,demographic,field,Observation.survey.days_to_death,Observation.survey.days_to_death,1.0,True,rule,
ProgressionorRecurrence,Patient,field,Condition.clinicalStatus,Condition.clinicalStatus,1.0,True,rule,
Comorbidity,Patient,field,Observation.valueString,Observation.valueString,1.0,True,rule,
CDCHIVRiskFactors,Patient,field,Observation.valueString,Observation.valueString,1.0,True,rule,
PreservationMethod,Specimen,field,Specimen.processing.method,Specimen.processing.method,1.0,True,rule,
submitter_id,cases,field,cases_submitter_id,Patient.identifier,1.0,False,rule,
PercentStromalCells,Specimen,field,Observation.component,Observation.component,1.0,True,rule,
version,file,field,DocumentReference.version,DocumentReference.version,1.0,True,rule,
CopyNumber,Patient,field,Observation.valueQuantity,Observation.valueQuantity,1.0,True,rule,
View,DocumentReference,field,Observation.component,Observation.component,1.0,True,rule,
SizeSelectionRange,DocumentReference,field,Observation.component,Observation.component,1.0,True,rule,
ImagingObjectClassDescription,DocumentReference,field,Observation.component,Observation.component,1.0,True,rule,
RelativeswithCancerHistoryCount,Patient,field,Observation.valueString,Observation.valueString,1.0,True,rule,
platform,file,field,DocumentReference.category.platform,Observation.DocumentReference.platform,1.0,False,rule,
Ethnicity,Patient,field,Patient.extension.valueString,Patient.extension.valueString,1.0,True,rule,
RespirableCrystallineSilicaExposure,Patient,field,Observation.valueString,Observation.valueString,1.0,True,rule,
CoalDustExposure,Patient,field,Observation.valueString,Observation.valueString,1.0,True,rule,
submitter_id,demographic,field,Patient.identifier,Patient.identifier,1.0,True,rule,
alcohol_history,exposures,field,Observation.patient.alcohol_history,Observation.patient.alcohol_history,1.0,True,rule,
updated_datetime,samples.portions,field,Observation.portion.updated_datetime,Observation.aliquot.updated_datetime,1.0,False,rule,
CellBarcodeOffset,DocumentReference,field,Observation.component,Observation.component,1.0,True,rule,
OverrepresentedSequences,DocumentReference,field,Observation.component,Observation.component,1.0,True,rule,
HIVViralLoad,Patient,field,Observation.valueString,Observation.valueString,1.0,True,rule,
AIDSRiskFactors,,field,Observation.valueString,Observation.valueString,1.0,True,rule,
StartDaysfromIndex,Patient,field,Observation.valueString,Observation.valueString,1.0,True,rule,
MatrixType,DocumentReference,field,Observation.component,Observation.component,1.0,True,rule,
CDNAOffset,DocumentReference,field,Observation.component,Observation.component,1.0,True,rule,
RiskFactor,Patient,field,Observation.valueString,Observation.valueString,1.0,True,rule,
AdverseEventGrade,Patient,field,Observation.valueString,Observation.valueString,1.0,True,rule,
FOVXUnit,DocumentReference,field,Observation.component,Observation.component,1.0,True,rule,
workflow_type,analysis,field,DocumentReference.category.workflow_type,DocumentReference.category.workflow_type,1.0,True,rule,
FOVnumber,DocumentReference,field,Observation.component,Observation.component,1.0,True,rule,
TreatmentAnatomicSite,Patient,field,MedicationAdministration.valueString,MedicationAdministration.valueString,1.0,True,rule,
FixativeType,Specimen,field,Observation.component,Observation.component,1.0,True,rule,
ajcc_clinical_t,diagnoses,field,Condition.stage_ajcc_clinical_t,Condition.stage_ajcc_clinical_t,1.0,True,rule,
alcohol_intensity,exposures,field,Observation.patient.alcohol_intensity,Observation.patient.alcohol_intensity,1.0,True,rule,
TumorExtranodalExtensionIndicator,Condition,field,Observation.valueString,Observation.valueString,1.0,True,rule,
aliquot_ids,case,field,Specimen.identifier,Specimen.identifier,1.0,True,rule,
primary_site,project,field,Condition.bodySite,Condition.bodySite,1.0,True,rule,
data_category,summary.data_categories,field,Extension.valueString,Extension.valueString,1.0,True,rule,
TypeofTobaccoUsed,Patient,field,Observation.valueString,Observation.valueString,1.0,True,rule,
id,file,field,DocumentReference.id,Specimen.aliquot.center_id,1.0,False,rule,
AdapterName,DocumentReference,field,Observation.component,Observation.component,1.0,True,rule,
PercentGranulocyteInfiltration,Specimen,field,Observation.component,Observation.component,1.0,True,rule,
Immersion,DocumentReference,field,Observation.component,Observation.component,1.0,True,rule,
lane_number,analysis.metadata.read_groups,field,Observation.DocumentReference.lane_number,Observation.DocumentReference.lane_number,1.0,True,rule,
SectionThicknessValue,Specimen,field,Observation.component,Observation.component,1.0,True,rule,
submitter_diagnosis_ids,case,field,Condition.identifier,Condition.identifier,1.0,True,rule,
TobaccoUseperDay,Patient,field,Observation.valueQuantity,Observation.valueString,1.0,False,rule,
CountryofBirth,Patient,field,Observation.valueString,Observation.valueString,1.0,True,rule,
tissue_source_site_id,tissue_source_site,field,Organization.id,Organization.id,1.0,True,rule,
KarnofskyPerformanceStatus,Patient,field,Observation.valueString,Observation.valueString,1.0,True,rule,
DaystoProgression,Patient,field,Observation.valueQuantity,Observation.valueQuantity,1.0,True,rule,
ScanTracerUsed,Patient,field,Observation.valueString,Observation.valueString,1.0,True,rule,
AppliedHardTrimming,DocumentReference,field,Observation.component,Observation.component,1.0,True,rule,
program,project,field,ResearchStudy,ResearchStudy,1.0,True,rule,
IndexFileName,DocumentReference,field,Observation.component,Observation.component,1.0,True,rule,
ProportionReadsDuplicated,DocumentReference,field,Observation.component,Observation.component,1.0,True,rule,
state,case,field,ResearchSubject.status,Extension.valueString,1.0,False,rule,
sequencing_date,analysis.metadata.read_groups,field,Observation.DocumentReference.sequencing_date,Observation.DocumentReference.sequencing_date,1.0,True,rule,
TestValue,Patient,field,Observation.valueString,Observation.valueString,1.0,True,rule,
HepatitisSustainedVirologicalResponse,Patient,field,Observation.valueString,Observation.valueString,1.0,True,rule,
MutationalSignatures,Patient,field,Observation.valueString,Observation.valueString,1.0,True,rule,
no_matched_normal_targeted_sequencing,samples.portions.analytes.aliquots,field,Observation.aliquot.no_matched_normal_targeted_sequencing,Observation.aliquot.no_matched_normal_targeted_sequencing,1.0,True,rule,
updated_datetime,case,field,Extension.valueDateTime,Observation.aliquot.updated_datetime,1.0,False,rule,
AlcoholExposure,Patient,field,Observation.valueString,Observation.valueString,1.0,True,rule,
days_to_sequencing,analysis.metadata.read_groups,field,Observation.DocumentReference.days_to_sequencing,Observation.DocumentReference.days_to_sequencing,1.0,True,rule,
LungCancerDetectionMethodType,Patient,field,Condition.category,Condition.category,1.0,True,rule,
BasicStatistics,DocumentReference,field,Observation.component,Observation.component,1.0,True,rule,
Publication-associatedHTANParentDataFileID,DocumentReference,field,Identifier.value,Identifier.value,1.0,True,rule,
file_count,summary,field,Extension.valueUnsignedInt,Extension.valueUnsignedInt,1.0,True,rule,
LaboratoryTest,Patient,field,Observation.valueString,Observation.valueString,1.0,True,rule,
PerBaseSequenceContent,DocumentReference,field,Observation.component,Observation.component,1.0,True,rule,
PercentMonocyteInfiltration,Specimen,field,Observation.component,Observation.component,1.0,True,rule,
TargetCaptureKit,DocumentReference,field,Observation.component,Observation.component,1.0,True,rule,
ImmunosuppressiveTreatmentType,Patient,field,Observation.valueString,Observation.valueString,1.0,True,rule,
number_expect_cells,analysis.metadata.read_groups,field,Observation.DocumentReference.number_expect_cells,Observation.DocumentReference.number_expect_cells,1.0,True,rule,
vital_status,demographic,field,Patient.deceasedBoolean,Patient.deceasedBoolean,1.0,True,rule,
FeatureReferenceId,DocumentReference,field,Observation.component,Observation.component,1.0,True,rule,
SomaticVariantsWorkflowURL,DocumentReference,field,Observation.component,Observation.component,1.0,True,rule,
gender,demographic,field,Patient.gender,Patient.gender,1.0,True,rule,
SectioningDaysfromIndex,Specimen,field,Observation.component,Observation.component,1.0,True,rule,
LibraryPreparationKitVersion,DocumentReference,field,Observation.component,Observation.component,1.0,True,rule,
Encoding,DocumentReference,field,Observation.component,Observation.component,1.0,True,rule,
CellMedianNumberReads,DocumentReference,field,Observation.component,Observation.component,1.0,True,rule,
LociAbnormalCount,Patient,field,Observation.valueString,Observation.valueString,1.0,True,rule,
WhitelistCellBarcodeFileLink,DocumentReference,field,Observation.component,Observation.component,1.0,True,rule,
tumor_grade,diagnoses,field,Observation.code.nci_tumor_grade,Observation.code.nci_tumor_grade,1.0,True,rule,
Metadata,DocumentReference,field,Observation.component,Observation.component,1.0,True,rule,
aliquot_quantity,samples.portions.analytes.aliquots,field,Observation.aliquot.aliquot_quantity,Observation.aliquot.aliquot_quantity,1.0,True,rule,
PlaneCount,DocumentReference,field,Observation.component,Observation.component,1.0,True,rule,
ReasonTreatmentEnded,Patient,field,MedicationAdministration.statusReason,MedicationAdministration.statusReason,1.0,True,rule,
EnvironmentalTobaccoSmokeExposure,Patient,field,Observation.valueString,Observation.valueString,1.0,True,rule,
days_to_diagnosis,diagnoses,field,Observation.survey.days_to_diagnosis,Observation.survey.days_to_diagnosis,1.0,True,rule,
NumberProliferatingCells,Specimen,field,Observation.component,Observation.component,1.0,True,rule,
PancreasPrecancerHistopathologicGrade,Patient,field,Condition.Condition.stage.summary.type,Condition.Condition.stage.summary.type,1.0,True,rule,
ReadIndicator,DocumentReference,field,Observation.component,Observation.component,1.0,True,rule,
TreatmentorTherapy,Patient,field,Observation.valueString,Observation.valueString,1.0,True,rule,
AcquisitionMethodOtherSpecify,Specimen,field,Observation.component,Observation.component,1.0,True,rule,
PerBaseSequenceQuality,DocumentReference,field,Observation.component,Observation.component,1.0,True,rule,
RelativewithCancerHistory,Patient,field,Observation.valueString,Observation.valueString,1.0,True,rule,
demographic_id,demographic,field,Patient.id,Patient.id,1.0,True,rule,
BaseCallerName,DocumentReference,field,Observation.component,Observation.component,1.0,True,rule,
selected_normal_targeted_sequencing,samples.portions.analytes.aliquots,field,Observation.aliquot.selected_normal_targeted_sequencing,Observation.aliquot.selected_normal_targeted_sequencing,1.0,True,rule,
submitter_aliquot_ids,case,field,Specimen.identifier.aliquot,Specimen.identifier.aliquot,1.0,True,rule,
ajcc_pathologic_t,diagnoses,field,Condition.stage_ajcc_pathologic_t,Condition.stage_ajcc_pathologic_t,1.0,True,rule,
updated_datetime,samples,field,Observation.sample.updated_datetime,Observation.aliquot.updated_datetime,1.0,False,rule,
file_name,file,field,DocumentReference.Identifier.file_name,Attachment.title,1.0,True,rule,
BiospecimenType,Specimen,field,Specimen.type,Specimen.type,1.0,True,rule,
submitter_id,diagnoses.treatments,field,MedicationAdministration.identifier,Patient.identifier,1.0,False,rule,
state,analysis.metadata.read_groups,field,Observation.DocumentReference.state,Extension.valueString,1.0,False,rule,
ToTrimAdapterSequence,DocumentReference,field,Observation.component,Observation.component,1.0,True,rule,
MismatchRepairMutation,Patient,field,Observation.valueString,Observation.valueString,1.0,True,rule,
ShippingConditionType,Specimen,field,Observation.component,Observation.component,1.0,True,rule,
CryopreservedCellsinSample,DocumentReference,field,Observation.component,Observation.component,1.0,True,rule,
AverageInsertSize,DocumentReference,field,Observation.component,Observation.component,1.0,True,rule,
concentration,samples.portions.analytes,field,Observation.analyte.concentration,Observation.aliquot.concentration,1.0,False,rule,
PhysicalSizeX,DocumentReference,field,Observation.component,Observation.component,1.0,True,rule,
data_category,file,field,DocumentReference.category.data_category,Extension.valueString,1.0,False,rule,
AnalyteType,Specimen,field,Specimen.type.code,Specimen.type.code,1.0,True,rule,
Secondhandsmokeexposureyears,Patient,field,Observation.valueQuantity,Observation.valueQuantity,1.0,True,rule,
GermlineVariantsWorkflowURL,DocumentReference,field,Observation.component,Observation.component,1.0,True,rule,
AgeIsObfuscated,Patient,field,Observation.valueString,Observation.valueString,1.0,True,rule,
HormonalContraceptiveUse,Patient,field,Observation.valueString,Observation.valueString,1.0,True,rule,
Peripheral blood and bone marrow,anatomical_location.prime,content,specimen.collection.bodysite,Specimen.collection.bodySite,1.0,True,rule,419583006
G5,staging_grade,content,observation.valuecodeableconcept,Observation.valueCodeableConcept,1.0,True,rule,1259951003
Left proximal phalanx,anatomical_location.prime,content,procedure.code,Specimen.collection.bodySite,1.0,True,rule,708650001
N0 (mol+),staging_n,content,observation.valuecodeableconcept,Observation.valueCodeableConcept,1.0,True,rule,1229950000
Left Supraclavicular Lymph Node,anatomical_location.prime,content,procedure.code,Specimen.collection.bodySite,1.0,True,rule,16217501000119107
N0 (i+),staging_n,content,observation.valuecodeableconcept,Observation.valueCodeableConcept,1.0,True,rule,1229949000
Left breast simple mastectomy,anatomical_location.prime,content,procedure.code,Specimen.collection.bodySite,1.0,True,rule,428571003
Right lower lobe of right lung,anatomical_location.prime,content,procedure.code,Specimen.collection.bodySite,1.0,True,rule,739139005
EBUS-FNA,procedure.prime,content,procedure.code,Procedure.code,1.0,True,rule,48635004
US-guided bipsy of right breast mass,anatomical_location.prime,content,specimen.collection.bodysite,Specimen.collection.bodySite,1.0,True,rule,73056007
axillary lymph node biopsy,anatomical_location.prime,content,procedure.code,Specimen.collection.bodySite,1.0,True,rule,21911005
CT Guided Biopsy retroperitoneal lymph node,anatomical_location.prime,content,procedure.code,Specimen.collection.bodySite,1.0,True,rule,21911005
Left femur,anatomical_location.prime,content,procedure.code,Specimen.collection.bodySite,1.0,True,rule,1303639003
Chest wall,anatomical_location.prime,content,procedure.code,Specimen.collection.bodySite,1.0,True,rule,177754003
Right liver lobe,anatomical_location.prime,content,specimen.collection.bodysite,Specimen.collection.bodySite,1.0,True,rule,48521005
0,staging_group,content,observation.valuecodeableconcept,Observation.valueCodeableConcept,1.0,True,rule,1222605001
Left breast total masectomy,anatomical_location.prime,content,procedure.code,Specimen.collection.bodySite,1.0,True,rule,1231734007
Normal tissue,histology,content,condition.code,Condition.code,1.0,True,rule,30389008
Fine Needle Aspirate biopsy of hilar lung nodule/right upper lobe lung nodule,anatomical_location.prime,content,procedure.code,Specimen.collection.bodySite,1.0,True,rule,432231006
Rt. upper arm,anatomical_location.prime,content,procedure.code,Specimen.collection.bodySite,1.0,True,rule,18824003
excision,procedure.prime,content,procedure.code,Procedure.code,1.0,True,rule,56361007
IB1,staging_group,content,observation.valuecodeableconcept,Observation.valueCodeableConcept,1.0,True,rule,1222729002
Right colon with tumor resection,anatomical_location.prime,content,specimen.collection.bodysite,Specimen.collection.bodySite,1.0,True,rule,51342009
Right shoulder/Scapula subQ node,anatomical_location.prime,content,specimen.collection.bodysite,Specimen.collection.bodySite,1.0,True,rule,71791004
Lt breast core needle biopsy,anatomical_location.prime,content,procedure.code,Specimen.collection.bodySite,1.0,True,rule,122548005
Lymph Node: Inguinal,metastasis-site,content,specimen.collection.bodysite,Specimen.collection.bodySite,1.0,True,rule,181762005
CT Guided Biopsy left pelvic side wall lymph node,anatomical_location.prime,content,procedure.code,Specimen.collection.bodySite,1.0,True,rule,14211004
US guided Fine Needle Aspiration: Left Breast Axillary Lymph Node,anatomical_location.prime,content,specimen.collection.bodysite,Specimen.collection.bodySite,1.0,True,rule,80248007
IIIB,staging_group,content,observation.valuecodeableconcept,Observation.valueCodeableConcept,1.0,True,rule,1222805004
Liquid Biopsy,procedure.prime,content,procedure.code,Procedure.code,1.0,True,rule,86273004
Intra-operative US of liver; Segment 2 and 3 liver wedge resections,anatomical_location.prime,content,specimen.collection.bodysite,Specimen.collection.bodySite,1.0,True,rule,119216005
Bilateral mastectomies and left axillary dissection (Dr. Arpana Naik),anatomical_location.prime,content,specimen.collection.bodysite,Specimen.collection.bodySite,1.0,True,rule,387713003
Lt axillary lymph node,anatomical_location.prime,content,procedure.code,Procedure.code,1.0,True,rule,58347006
Lung Wedge Resection,procedure.prime,content,procedure.code,Specimen.collection.bodySite,1.0,True,rule,444188003
Right breast mastectomy and right axillary sentinel lymph node,anatomical_location.prime,content,procedure.code,Specimen.collection.bodySite,1.0,True,rule,428571003
axillary sentinel lymph node biopsy,anatomical_location.prime,content,specimen.collection.bodysite,Specimen.collection.bodySite,1.0,True,rule,746225004
Upper central omentum,anatomical_location.prime,content,procedure.code,Specimen.collection.bodySite,1.0,True,rule,11291002
Left Paratracheal/Mediastinal Lymph Node,anatomical_location.prime,content,procedure.code,Specimen.collection.bodySite,1.0,True,rule,58347006
Left pelvic mass,anatomical_location.prime,content,procedure.code,Specimen.collection.bodySite,1.0,True,rule,11550001000004102
Anterior Abdomen Lesion,anatomical_location.prime,content,specimen.collection.bodysite,Specimen.collection.bodySite,1.0,True,rule,302553009
Right mastectomy and SLN,anatomical_location.prime,content,procedure.code,Specimen.collection.bodySite,1.0,True,rule,429400009
0a,staging_group,content,observation.valuecodeableconcept,Observation.valueCodeableConcept,1.0,True,rule,1222605001
Thoracic structure,enrollment_primary_site,content,specimen.collection.bodysite,Specimen.collection.bodySite,1.0,True,rule,51185008
Right Calf Mass,anatomical_location.prime,content,specimen.collection.bodysite,Specimen.collection.bodySite,1.0,True,rule,53840002
Left adrenal gland,anatomical_location.prime,content,procedure.code,Specimen.collection.bodySite,1.0,True,rule,726488007
Right external iliac,anatomical_location.prime,content,specimen.collection.bodysite,Specimen.collection.bodySite,1.0,True,rule,283797001
Abdominal ascites,anatomical_location.prime,content,procedure.code,Specimen.collection.bodySite,1.0,True,rule,440183002
Right Liver Segment 5/6,anatomical_location.prime,content,specimen.collection.bodysite,Specimen.collection.bodySite,1.0,True,rule,12245001
Right breast simple mastectomy/sentinel lymph node biopsy,anatomical_location.prime,content,procedure.code,Specimen.collection.bodySite,1.0,True,rule,428571003
Right ovarian (adnexal) mass,anatomical_location.prime,content,procedure.code,Specimen.collection.bodySite,1.0,True,rule,608892008
Lymph Node: Axillary,metastasis-site,content,specimen.collection.bodysite,Specimen.collection.bodySite,1.0,True,rule,59441001
Right proximal femur,anatomical_location.prime,content,procedure.code,Specimen.collection.bodySite,1.0,True,rule,997199941000119102
Omentum,anatomical_location.prime,content,procedure.code,Specimen.collection.bodySite,1.0,True,rule,11291002
US guided Lt breast core biopsy,anatomical_location.prime,content,procedure.code,Specimen.collection.bodySite,1.0,True,rule,4541000087104
SMMART - US Biopsy Liver w/Guidance,anatomical_location.prime,content,procedure.code,Specimen.collection.bodySite,1.0,True,rule,86259008
IIIC1,staging_group,content,observation.valuecodeableconcept,Observation.valueCodeableConcept,1.0,True,rule,1222807007
Pelvic mass,anatomical_location.prime,content,procedure.code,Specimen.collection.bodySite,1.0,True,rule,11550001000004102
bone lesion left femur biopsy,anatomical_location.prime,content,procedure.code,Specimen.collection.bodySite,1.0,True,rule,13861005
Spinal cord,anatomical_location.prime,content,specimen.collection.bodysite,Specimen.collection.bodySite,1.0,True,rule,119404002
Periumbilical area,anatomical_location.prime,content,procedure.code,Specimen.collection.bodySite,1.0,True,rule,997199941000119102
Excisional Biopsy,procedure.prime,content,procedure.code,Procedure.code,1.0,True,rule,8889005
Left and right breast subcutaneous masectomy,anatomical_location.prime,content,specimen.collection.bodysite,Specimen.collection.bodySite,1.0,True,rule,80248007
Breast,anatomical_location.prime,content,procedure.code,Specimen.collection.bodySite,1.0,True,rule,997199941000119102
Bilateral ovaries,anatomical_location.prime,content,procedure.code,Specimen.collection.bodySite,1.0,True,rule,76876009
Right cervial Lymph Node Biopsy and FNA,anatomical_location.prime,content,procedure.code,Procedure.code,1.0,True,rule,21911005
Laparoscopic,procedure.prime,content,procedure.code,Procedure.code,1.0,True,rule,73632009
IIID,staging_group,content,observation.valuecodeableconcept,Observation.valueCodeableConcept,1.0,True,rule,1222811001
Subcarinal lymph node,anatomical_location.prime,content,specimen.collection.bodysite,Specimen.collection.bodySite,1.0,True,rule,59441001
N1b,staging_n,content,observation.valuecodeableconcept,Observation.valueCodeableConcept,1.0,True,rule,1229955005
Right breast simple mastectomy with axillary sentinel lymph node dissection,anatomical_location.prime,content,procedure.code,Specimen.collection.bodySite,1.0,True,rule,428571003
Liver biopsy,anatomical_location.prime,content,procedure.code,Specimen.collection.bodySite,1.0,True,rule,86259008
Right axillary lymph node US-guided needle core biopsy,anatomical_location.prime,content,specimen.collection.bodysite,Specimen.collection.bodySite,1.0,True,rule,746224000
Right hepatic lobe,anatomical_location.prime,content,specimen.collection.bodysite,Specimen.collection.bodySite,1.0,True,rule,48521005
Clinical biopsy (non-SMMART)- Liver,anatomical_location.prime,content,procedure.code,Specimen.collection.bodySite,1.0,True,rule,86259008
T3b,staging_t,content,observation.valuecodeableconcept,Observation.valueCodeableConcept,1.0,True,rule,1229861009
Duodenum,anatomical_location.prime,content,procedure.code,Specimen.collection.bodySite,1.0,True,rule,1208951004
US Breast Right,anatomical_location.prime,content,procedure.code,Specimen.collection.bodySite,1.0,True,rule,961000087109
Biopsy of left humerus pathological fracture,anatomical_location.prime,content,procedure.code,Specimen.collection.bodySite,1.0,True,rule,13861005
IM femoral reamings,anatomical_location.prime,content,specimen.collection.bodysite,Specimen.collection.bodySite,1.0,True,rule,272673000
Mastectomy,procedure.prime,content,procedure.code,Specimen.collection.bodySite,1.0,True,rule,172043006
Right Axillary Lymph Node,anatomical_location.prime,content,procedure.code,Specimen.collection.bodySite,1.0,True,rule,739023000
Left Lower Flank,anatomical_location.prime,content,specimen.collection.bodysite,Specimen.collection.bodySite,1.0,True,rule,243400007
IIIA,staging_group,content,observation.valuecodeableconcept,Observation.valueCodeableConcept,1.0,True,rule,1222802001
Right supra-renal region,anatomical_location.prime,content,procedure.code,Specimen.collection.bodySite,1.0,True,rule,726489004
Malignant tumor of prostate,histology,content,condition.code,Condition.code,1.0,True,rule,93974005
Subcutaneous lesion,anatomical_location.prime,content,procedure.code,Specimen.collection.bodySite,1.0,True,rule,35646002
Mediastinal Lymph Node Level 4R,anatomical_location.prime,content,specimen.collection.bodysite,Specimen.collection.bodySite,1.0,True,rule,39607008
Inflammation,histology,content,condition.code,Condition.code,1.0,True,rule,363170005
IVB,staging_group,content,observation.valuecodeableconcept,Observation.valueCodeableConcept,1.0,True,rule,1222841004
lymph node evaluation,anatomical_location.prime,content,specimen.collection.bodysite,Specimen.collection.bodySite,1.0,True,rule,59441001
Right humerus,anatomical_location.prime,content,specimen.collection.bodysite,Specimen.collection.bodySite,1.0,True,rule,272673000
Mediastinum nodes,anatomical_location.prime,content,procedure.code,Specimen.collection.bodySite,1.0,True,rule,85929002
HG,staging_grade,content,observation.valuecodeableconcept,Observation.valueCodeableConcept,1.0,True,rule,1228854003
Right central outer breast,anatomical_location.prime,content,procedure.code,Specimen.collection.bodySite,1.0,True,rule,392023007
Bilateral mastectomies and Rt axillary lymph node dissection,anatomical_location.prime,content,procedure.code,Procedure.code,1.0,True,rule,27865001
Right Breast US-guided biopsy,anatomical_location.prime,content,procedure.code,Specimen.collection.bodySite,1.0,True,rule,432550005
US-guided Percutaneous Biopsy - FNA,procedure.prime,content,procedure.code,Procedure.code,1.0,True,rule,274314005
N1bI,staging_n,content,observation.valuecodeableconcept,Observation.valueCodeableConcept,1.0,True,rule,1229955005
EUS-guided Percutaneous Biopsy - Core,procedure.prime,content,procedure.code,Procedure.code,1.0,True,rule,274314005
N1mi,staging_n,content,observation.valuecodeableconcept,Observation.valueCodeableConcept,1.0,True,rule,1229952008
Right breast needle-guided excision,anatomical_location.prime,content,specimen.collection.bodysite,Specimen.collection.bodySite,1.0,True,rule,73056007
Left adrenal mass,anatomical_location.prime,content,procedure.code,Specimen.collection.bodySite,1.0,True,rule,726488007
Right diaphragmatic implant/right central diaphragmatic nodule,anatomical_location.prime,content,procedure.code,Specimen.collection.bodySite,1.0,True,rule,61952002
Left axillary sentinel lymph node,anatomical_location.prime,content,specimen.collection.bodysite,Specimen.collection.bodySite,1.0,True,rule,746225004
Left Lung,anatomical_location.prime,content,procedure.code,Specimen.collection.bodySite,1.0,True,rule,735015005
N0 (i-),staging_n,content,observation.valuecodeableconcept,Observation.valueCodeableConcept,1.0,True,rule,1229947003
Abdominal tumor implant,anatomical_location.prime,content,specimen.collection.bodysite,Specimen.collection.bodySite,1.0,True,rule,18139001
Prostate-Core needle biopsy,anatomical_location.prime,content,procedure.code,Specimen.collection.bodySite,1.0,True,rule,40013009
TX,staging_t,content,observation.valuecodeableconcept,Observation.valueCodeableConcept,1.0,True,rule,1228950008
GX,staging_grade,content,observation.valuecodeableconcept,Observation.valueCodeableConcept,1.0,True,rule,1228845001
Left lower lobe of lung,anatomical_location.prime,content,specimen.collection.bodysite,Specimen.collection.bodySite,1.0,True,rule,41224006
Left perirenal,anatomical_location.prime,content,specimen.collection.bodysite,Specimen.collection.bodySite,1.0,True,rule,18639004
T2a2,staging_t,content,observation.valuecodeableconcept,Observation.valueCodeableConcept,1.0,True,rule,1229855006
Right pleura/right chest wall,anatomical_location.prime,content,specimen.collection.bodysite,Specimen.collection.bodySite,1.0,True,rule,44788007
Right pelvic sidewall,anatomical_location.prime,content,procedure.code,Specimen.collection.bodySite,1.0,True,rule,997199941000119102
Left supraclavicular and axillary lymph node FNA,anatomical_location.prime,content,procedure.code,Specimen.collection.bodySite,1.0,True,rule,234279002
Left back nodule,anatomical_location.prime,content,specimen.collection.bodysite,Specimen.collection.bodySite,1.0,True,rule,64626006
Right humerus reamings,anatomical_location.prime,content,specimen.collection.bodysite,Specimen.collection.bodySite,1.0,True,rule,466551000124105
Skin Punch,procedure.prime,content,procedure.code,Specimen.collection.bodySite,1.0,True,rule,87697008
M1c,staging_m,content,observation.valuecodeableconcept,Observation.valueCodeableConcept,1.0,True,rule,1229923005
Right Forehead Mass,anatomical_location.prime,content,specimen.collection.bodysite,Specimen.collection.bodySite,1.0,True,rule,181738000
Right Anterior Abdominal Superficial Node,anatomical_location.prime,content,specimen.collection.bodysite,Specimen.collection.bodySite,1.0,True,rule,415994006
Malignant tumor of breast,histology,content,condition.code,Condition.code,1.0,True,rule,254837009
VATS-sharkcore,procedure.prime,content,procedure.code,Specimen.collection.bodySite,1.0,True,rule,262256007
IIC,staging_group,content,observation.valuecodeableconcept,Observation.valueCodeableConcept,1.0,True,rule,1222770000
IA3,staging_group,content,observation.valuecodeableconcept,Observation.valueCodeableConcept,1.0,True,rule,1222727000
Right and Left Breast,anatomical_location.prime,content,specimen.collection.bodysite,Specimen.collection.bodySite,1.0,True,rule,76752008
Bone Marrow of Right iliac crest,anatomical_location.prime,content,procedure.code,Specimen.collection.bodySite,1.0,True,rule,287550000
Part B Rt axilla needle core biopsy,anatomical_location.prime,content,procedure.code,Specimen.collection.bodySite,1.0,True,rule,21911005
N0 (mol-),staging_n,content,observation.valuecodeableconcept,Observation.valueCodeableConcept,1.0,True,rule,1229947003
M1,staging_m,content,observation.valuecodeableconcept,Observation.valueCodeableConcept,1.0,True,rule,1229916009
Left breast mass biopsy,anatomical_location.prime,content,procedure.code,Specimen.collection.bodySite,1.0,True,rule,122548005
Bladder,anatomical_location.prime,content,procedure.code,Specimen.collection.bodySite,1.0,True,rule,997199941000119102
Right and left breast mastectomy with lymph node dissection,anatomical_location.prime,content,procedure.code,Specimen.collection.bodySite,1.0,True,rule,428571003
Right anterior chest wall,anatomical_location.prime,content,procedure.code,Specimen.collection.bodySite,1.0,True,rule,177754003
Left axillary tail,anatomical_location.prime,content,specimen.collection.bodysite,Specimen.collection.bodySite,1.0,True,rule,457281000124109
Lymph Node: Paraaortic,metastasis-site,content,specimen.collection.bodysite,Specimen.collection.bodySite,1.0,True,rule,59441001
Right breast mass excision,anatomical_location.prime,content,procedure.code,Specimen.collection.bodySite,1.0,True,rule,6189002
Prostate biopsy,anatomical_location.prime,content,procedure.code,Specimen.collection.bodySite,1.0,True,rule,65575008
Right upper lobe-endobronchial mass,anatomical_location.prime,content,procedure.code,Specimen.collection.bodySite,1.0,True,rule,87101000
Right breast mass needle biopsy,anatomical_location.prime,content,procedure.code,Specimen.collection.bodySite,1.0,True,rule,44578009
Posterior iliac crest,anatomical_location.prime,content,specimen.collection.bodysite,Specimen.collection.bodySite,1.0,True,rule,29850006
Skin lesion,anatomical_location.prime,content,procedure.code,Specimen.collection.bodySite,1.0,True,rule,35646002
Knee [left],anatomical_location.prime,content,specimen.collection.bodysite,Specimen.collection.bodySite,1.0,True,rule,82169009
Left sacrum,anatomical_location.prime,content,specimen.collection.bodysite,Specimen.collection.bodySite,1.0,True,rule,736830008
Right breast 10 o'clock,anatomical_location.prime,content,procedure.code,Specimen.collection.bodySite,1.0,True,rule,46662001
RLQ Abdominal mass,anatomical_location.prime,content,procedure.code,Specimen.collection.bodySite,1.0,True,rule,225162003
Abdominal Mass,anatomical_location.prime,content,procedure.code,Specimen.collection.bodySite,1.0,True,rule,225162003
Pleural cavity,anatomical_location.prime,content,procedure.code,Specimen.collection.bodySite,1.0,True,rule,278296000
LG,staging_grade,content,observation.valuecodeableconcept,Observation.valueCodeableConcept,1.0,True,rule,1228853009
Bilateral skin sparing mastectomies,anatomical_location.prime,content,specimen.collection.bodysite,Specimen.collection.bodySite,1.0,True,rule,181490005
cervical mediastinal lymph node,anatomical_location.prime,content,procedure.code,Specimen.collection.bodySite,1.0,True,rule,58347006
T2,staging_t,content,observation.valuecodeableconcept,Observation.valueCodeableConcept,1.0,True,rule,1229852009
Lt. lateral shin shave biopsy; basal cell carcinoma,anatomical_location.prime,content,procedure.code,Procedure.code,1.0,True,rule,177346002
Right arm,anatomical_location.prime,content,specimen.collection.bodysite,Specimen.collection.bodySite,1.0,True,rule,368209003
Blood,anatomical_location.prime,content,procedure.code,Specimen.type,1.0,True,rule,22778000
T2 epidural tumor,anatomical_location.prime,content,specimen.collection.bodysite,Specimen.collection.bodySite,1.0,True,rule,180959008
Liver,metastasis-site,content,specimen.collection.bodysite,Specimen.collection.bodySite,1.0,True,rule,10200004
Left Lung/Mediastinum,anatomical_location.prime,content,procedure.code,Specimen.collection.bodySite,1.0,True,rule,735015005
IIIA1,staging_group,content,observation.valuecodeableconcept,Observation.valueCodeableConcept,1.0,True,rule,1222803006
Ta,staging_t,content,observation.valuecodeableconcept,Observation.valueCodeableConcept,1.0,True,rule,1228952000
Left Axillary Lymph Node,anatomical_location.prime,content,procedure.code,Specimen.collection.bodySite,1.0,True,rule,746225004
Right radical mastectomy with axillary node dissection,anatomical_location.prime,content,procedure.code,Specimen.collection.bodySite,1.0,True,rule,726430006
Right ovary,anatomical_location.prime,content,specimen.collection.bodysite,Specimen.collection.bodySite,1.0,True,rule,95550009
Left upper chest wall soft tissue nodule (Lung),anatomical_location.prime,content,specimen.collection.bodysite,Specimen.collection.bodySite,1.0,True,rule,1293021009
Left Iliac Crest,anatomical_location.prime,content,specimen.collection.bodysite,Specimen.collection.bodySite,1.0,True,rule,1208626003
CT-guided core biopsy of the right ischial metastatic lesion,anatomical_location.prime,content,procedure.code,Specimen.collection.bodySite,1.0,True,rule,709627002
Left breast tissue,anatomical_location.prime,content,procedure.code,Specimen.collection.bodySite,1.0,True,rule,6189002
Right breast structure,sample_tissue_type,content,specimen.type,Specimen.type,1.0,True,rule,73056007
Rt Breast lumpectomy,anatomical_location.prime,content,procedure.code,Specimen.collection.bodySite,1.0,True,rule,392023007
Left distal femur,anatomical_location.prime,content,specimen.collection.bodysite,Specimen.collection.bodySite,1.0,True,rule,764554000
Left leg,anatomical_location.prime,content,specimen.collection.bodysite,Specimen.collection.bodySite,1.0,True,rule,48979004
VATS,procedure.prime,content,procedure.code,Procedure.code,1.0,True,rule,262256007
T1a,staging_t,content,observation.valuecodeableconcept,Observation.valueCodeableConcept,1.0,True,rule,1228959009
Incisional Biopsy,procedure.prime,content,procedure.code,Procedure.code,1.0,True,rule,70871006
Tru-Cut Needle Biopsy,procedure.prime,content,procedure.code,Procedure.code,1.0,True,rule,86273004
Left parietal tumor resection,anatomical_location.prime,content,procedure.code,Specimen.collection.bodySite,1.0,True,rule,1201979001
Left Lower Lobe- Lung,anatomical_location.prime,content,specimen.collection.bodysite,Specimen.collection.bodySite,1.0,True,rule,41224006
Left lobe of liver,anatomical_location.prime,content,procedure.code,Specimen.collection.bodySite,1.0,True,rule,736758005
Infiltrating lobular carcinoma of breast,histology,content,condition.code,Condition.code,1.0,True,rule,278054005
Rt breast bx,anatomical_location.prime,content,procedure.code,Specimen.collection.bodySite,1.0,True,rule,2141000087100
Right elbow soft tissue,anatomical_location.prime,content,procedure.code,Specimen.collection.bodySite,1.0,True,rule,284397007
Inflammation of specific body structures or tissue,histology,content,condition.code,Condition.code,1.0,True,rule,363170005
Rectum,anatomical_location.prime,content,procedure.code,Specimen.collection.bodySite,1.0,True,rule,410006001
US Guided Paracentesis,procedure.prime,content,procedure.code,Procedure.code,1.0,True,rule,16433271000119101
II,staging_group,content,observation.valuecodeableconcept,Observation.valueCodeableConcept,1.0,True,rule,1222765007
Right Posterior Iliac Bone,anatomical_location.prime,content,specimen.collection.bodysite,Specimen.collection.bodySite,1.0,True,rule,22356005
Mediastinum,metastasis-site,content,specimen.collection.bodysite,Specimen.collection.bodySite,1.0,True,rule,86671006
Left Ovary,anatomical_location.prime,content,procedure.code,Specimen.collection.bodySite,1.0,True,rule,608891001
Right abdominal lesion,anatomical_location.prime,content,procedure.code,Specimen.collection.bodySite,1.0,True,rule,450591007
Qiagen kit,sample-preservation-method,content,specimen.type,Specimen.type,1.0,True,rule,104166004
Bilateral mastectomy with low axillary dissections,anatomical_location.prime,content,specimen.collection.bodysite,Specimen.collection.bodySite,1.0,True,rule,76752008
Left breast excision,anatomical_location.prime,content,procedure.code,Specimen.collection.bodySite,1.0,True,rule,428571003
Right chest excision,anatomical_location.prime,content,specimen.collection.bodysite,Specimen.collection.bodySite,1.0,True,rule,1290342004
Sarcoma,condition,content,condition.code,Condition.code,1.0,True,rule,424413001
Bone structure of femur,sample_tissue_type,content,specimen.type,Specimen.type,1.0,True,rule,71341001
IVC,staging_group,content,observation.valuecodeableconcept,Observation.valueCodeableConcept,1.0,True,rule,1222842006
T4,staging_t,content,observation.valuecodeableconcept,Observation.valueCodeableConcept,1.0,True,rule,1229864001
US-guided Percutaneous Biopsy - Core,procedure.prime,content,procedure.code,Procedure.code,1.0,True,rule,274314005
Right breast and axillary lymph node,anatomical_location.prime,content,procedure.code,Specimen.collection.bodySite,1.0,True,rule,429400009
Rt breast,anatomical_location.prime,content,procedure.code,Specimen.collection.bodySite,1.0,True,rule,429400009
Unknown,staging_grade,content,specimen.type,Observation.valueCodeableConcept,1.0,True,rule,261665006
Left Breast Core biopsy,anatomical_location.prime,content,procedure.code,Specimen.collection.bodySite,1.0,True,rule,122548005
Bladder dome and prostatic urethra biopsy,anatomical_location.prime,content,specimen.collection.bodysite,Specimen.collection.bodySite,1.0,True,rule,89837001
Left breast skin punch biopsy,anatomical_location.prime,content,specimen.collection.bodysite,Specimen.collection.bodySite,1.0,True,rule,181490005
Section,sample-preservation-method,content,specimen.type,Specimen.type,1.0,True,rule,261665006
Lymph Node: NOS,metastasis-site,content,specimen.collection.bodysite,Specimen.collection.bodySite,1.0,True,rule,59441001
Right and left breast needle core biopsy,anatomical_location.prime,content,procedure.code,Specimen.collection.bodySite,1.0,True,rule,44578009
CT-guided Percutaneous Biopsy - Core,procedure.prime,content,procedure.code,Procedure.code,1.0,True,rule,274314005
Right abdominal mass,anatomical_location.prime,content,procedure.code,Specimen.collection.bodySite,1.0,True,rule,81751006
Inferior right liver segment 6,anatomical_location.prime,content,specimen.collection.bodysite,Specimen.collection.bodySite,1.0,True,rule,48521005
Liver Biopsy: metastatic carcinoma,anatomical_location.prime,content,procedure.code,Specimen.collection.bodySite,1.0,True,rule,86259008
N2c,staging_n,content,observation.valuecodeableconcept,Observation.valueCodeableConcept,1.0,True,rule,1229961008
Rt chest wall xiphoid region,anatomical_location.prime,content,procedure.code,Specimen.collection.bodySite,1.0,True,rule,177754003
Bone Marrow Percutaneous Aspiration,procedure.prime,content,procedure.code,Specimen.collection.bodySite,1.0,True,rule,274314005
Right axilla,anatomical_location.prime,content,procedure.code,Specimen.collection.bodySite,1.0,True,rule,284429001
T2c,staging_t,content,observation.valuecodeableconcept,Observation.valueCodeableConcept,1.0,True,rule,1229857003
Left breast mastectomy with axillary node dissection,anatomical_location.prime,content,procedure.code,Specimen.collection.bodySite,1.0,True,rule,428571003
N2mi,staging_n,content,observation.valuecodeableconcept,Observation.valueCodeableConcept,1.0,True,rule,1229958007
Bilateral ovaries/fallopian tubes,anatomical_location.prime,content,procedure.code,Specimen.collection.bodySite,1.0,True,rule,29827000
IA,staging_group,content,observation.valuecodeableconcept,Observation.valueCodeableConcept,1.0,True,rule,1222724007
Left mastectomy and ALND,anatomical_location.prime,content,procedure.code,Specimen.collection.bodySite,1.0,True,rule,428571003
Lymph Node: Infraclavicular,metastasis-site,content,specimen.collection.bodysite,Specimen.collection.bodySite,1.0,True,rule,181762005
Bone structure of humerus,sample_tissue_type,content,specimen.type,Specimen.type,1.0,True,rule,85050009
Centrifugation,sample-preservation-method,content,specimen.type,Specimen.type,1.0,True,rule,72151000000106
Spleen,anatomical_location.prime,content,procedure.code,Specimen.collection.bodySite,1.0,True,rule,174776001
N1c,staging_n,content,observation.valuecodeableconcept,Observation.valueCodeableConcept,1.0,True,rule,1229956006
Open incisional biopsy of left leg mass,anatomical_location.prime,content,specimen.collection.bodysite,Specimen.collection.bodySite,1.0,True,rule,416131009
Lt. forearm shave biopsy,anatomical_location.prime,content,procedure.code,Specimen.collection.bodySite,1.0,True,rule,177346002
Left breast and left LN biopsy,anatomical_location.prime,content,specimen.collection.bodysite,Specimen.collection.bodySite,1.0,True,rule,80248007
Right Breast,anatomical_location.prime,content,specimen.collection.bodysite,Specimen.collection.bodySite,1.0,True,rule,76752008
Right upper quadrant omentum,anatomical_location.prime,content,procedure.code,Specimen.collection.bodySite,1.0,True,rule,11291002
FNA of right axilla lymph node,anatomical_location.prime,content,procedure.code,Specimen.collection.bodySite,1.0,True,rule,234279002
T1b1,staging_t,content,observation.valuecodeableconcept,Observation.valueCodeableConcept,1.0,True,rule,1229844006
Left axillary lymph nodes,anatomical_location.prime,content,specimen.collection.bodysite,Specimen.collection.bodySite,1.0,True,rule,746225004
Right Lung Lower Lobe,anatomical_location.prime,content,specimen.collection.bodysite,Specimen.collection.bodySite,1.0,True,rule,266005
GB,staging_grade,content,observation.valuecodeableconcept,Observation.valueCodeableConcept,1.0,True,rule,1228847009
Axillary lymph node dissection,anatomical_location.prime,content,specimen.collection.bodysite,Specimen.collection.bodySite,1.0,True,rule,361716006
Right Outer Quadrant Abdominal Mass,anatomical_location.prime,content,specimen.collection.bodysite,Specimen.collection.bodySite,1.0,True,rule,368077008
Right breast needle core biopsy,anatomical_location.prime,content,procedure.code,Specimen.collection.bodySite,1.0,True,rule,44578009
N3b,staging_n,content,observation.valuecodeableconcept,Observation.valueCodeableConcept,1.0,True,rule,1229964000
T2b,staging_t,content,observation.valuecodeableconcept,Observation.valueCodeableConcept,1.0,True,rule,1229856007
Right clavicle,anatomical_location.prime,content,specimen.collection.bodysite,Specimen.collection.bodySite,1.0,True,rule,1260150009
Left modified radical mastectomy and lymph node dissection,anatomical_location.prime,content,procedure.code,Procedure.code,1.0,True,rule,726437009
CT-guided core biopsy of the sternal lesion (14 guage),anatomical_location.prime,content,procedure.code,Specimen.collection.bodySite,1.0,True,rule,708694007
T1c2,staging_t,content,observation.valuecodeableconcept,Observation.valueCodeableConcept,1.0,True,rule,1229849001
US-guided right breast needle biopsy,anatomical_location.prime,content,specimen.collection.bodysite,Specimen.collection.bodySite,1.0,True,rule,73056007
Sternum,anatomical_location.prime,content,procedure.code,Specimen.collection.bodySite,1.0,True,rule,1332009002
US guided Lt Breast biopsy,anatomical_location.prime,content,procedure.code,Specimen.collection.bodySite,1.0,True,rule,4541000087104
N3,staging_n,content,observation.valuecodeableconcept,Observation.valueCodeableConcept,1.0,True,rule,1229962001
Bilateral Fallopian tubes,anatomical_location.prime,content,procedure.code,Specimen.collection.bodySite,1.0,True,rule,287664005
Superior Right lobe liver,anatomical_location.prime,content,procedure.code,Specimen.collection.bodySite,1.0,True,rule,71273005
Liquid nitrogen,sample-preservation-method,content,specimen.type,Specimen.type,1.0,True,rule,27872000
Right femoral head,anatomical_location.prime,content,specimen.collection.bodysite,Specimen.collection.bodySite,1.0,True,rule,723838003
Blood Collection,anatomical_location.prime,content,procedure.code,Specimen.collection.bodySite,1.0,True,rule,713143008
Right Parietal Occipital Craniotomy for Tumor Resection,anatomical_location.prime,content,specimen.collection.bodysite,Specimen.collection.bodySite,1.0,True,rule,71388002
Right breast lumpectomy and excisional biopsy,anatomical_location.prime,content,procedure.code,Specimen.collection.bodySite,1.0,True,rule,392023007
Left breast capsule and nipple biopsy,anatomical_location.prime,content,specimen.collection.bodysite,Specimen.collection.bodySite,1.0,True,rule,265780004
Radical resection left leg soft tissue sarcoma,anatomical_location.prime,content,specimen.collection.bodysite,Specimen.collection.bodySite,1.0,True,rule,67328008
Left lower Lung nodule,anatomical_location.prime,content,specimen.collection.bodysite,Specimen.collection.bodySite,1.0,True,rule,303549000
Right subcutaneous umbilical mass,anatomical_location.prime,content,specimen.collection.bodysite,Specimen.collection.bodySite,1.0,True,rule,368066002
N2a,staging_n,content,observation.valuecodeableconcept,Observation.valueCodeableConcept,1.0,True,rule,1229959004
Right upper abdominal soft tissue mass,anatomical_location.prime,content,specimen.collection.bodysite,Specimen.collection.bodySite,1.0,True,rule,1293243005
US guided FNA of chest wall subpectoral mass and Rt axillary lymph node,anatomical_location.prime,content,specimen.collection.bodysite,Specimen.collection.bodySite,1.0,True,rule,78904004
Left pelvic side wall soft tissue mass,anatomical_location.prime,content,specimen.collection.bodysite,Specimen.collection.bodySite,1.0,True,rule,3665003
Pancreas,anatomical_location.prime,content,procedure.code,Specimen.collection.bodySite,1.0,True,rule,33149006
lumbar spine,anatomical_location.prime,content,procedure.code,Specimen.collection.bodySite,1.0,True,rule,284407000
Right Acetabulum,anatomical_location.prime,content,specimen.collection.bodysite,Specimen.collection.bodySite,1.0,True,rule,1163051005
G4,staging_grade,content,observation.valuecodeableconcept,Observation.valueCodeableConcept,1.0,True,rule,1228852004
Recurrent invasive carcinoma in left axilla,anatomical_location.prime,content,specimen.collection.bodysite,Specimen.collection.bodySite,1.0,True,rule,734429008
Re-excision of left breast lumpectomy cavity for positive inferior margin,anatomical_location.prime,content,procedure.code,Specimen.collection.bodySite,1.0,True,rule,392023007
IIIA2,staging_group,content,observation.valuecodeableconcept,Observation.valueCodeableConcept,1.0,True,rule,1222804000
Retroperitoneal lymph node,anatomical_location.prime,content,procedure.code,Specimen.collection.bodySite,1.0,True,rule,399733007
Soft Tissue,anatomical_location.prime,content,procedure.code,Specimen.type,1.0,True,rule,56361007
Pelvic wall,anatomical_location.prime,content,procedure.code,Specimen.collection.bodySite,1.0,True,rule,12703009
Fibrocystic change,histology,content,condition.code,Condition.code,1.0,True,rule,27431007
Right inguinal mass,anatomical_location.prime,content,specimen.collection.bodysite,Specimen.collection.bodySite,1.0,True,rule,1332264003
Liver resection,anatomical_location.prime,content,procedure.code,Specimen.collection.bodySite,1.0,True,rule,107963000
EBUS Percutaneous Biopsy - Core,procedure.prime,content,procedure.code,Specimen.collection.bodySite,1.0,True,rule,78603008
Breast reconstruction,anatomical_location.prime,content,specimen.collection.bodysite,Specimen.collection.bodySite,1.0,True,rule,361716006
Uterus,anatomical_location.prime,content,procedure.code,Specimen.collection.bodySite,1.0,True,rule,265056007
Left axillary mass,anatomical_location.prime,content,procedure.code,Specimen.collection.bodySite,1.0,True,rule,301798002
Prostate,anatomical_location.prime,content,specimen.type,Specimen.type,1.0,True,rule,248153007
Splenectomy,procedure.prime,content,procedure.code,Procedure.code,1.0,True,rule,234319005
N1a,staging_n,content,observation.valuecodeableconcept,Observation.valueCodeableConcept,1.0,True,rule,1229954009
Left knee,anatomical_location.prime,content,specimen.collection.bodysite,Specimen.collection.bodySite,1.0,True,rule,210659002
transurethral resection of prostate,anatomical_location.prime,content,specimen.collection.bodysite,Specimen.collection.bodySite,1.0,True,rule,39607008
Right level 4 lymph node,anatomical_location.prime,content,procedure.code,Specimen.collection.bodySite,1.0,True,rule,58347006
Rectosigmoid polyp,anatomical_location.prime,content,specimen.collection.bodysite,Specimen.collection.bodySite,1.0,True,rule,181261002
Endobronchoscopic US-guided needle aspiration biopsy,anatomical_location.prime,content,specimen.collection.bodysite,Specimen.collection.bodySite,1.0,True,rule,39607008
T4e,staging_t,content,observation.valuecodeableconcept,Observation.valueCodeableConcept,1.0,True,rule,1229869006
Prostate needle biopsies,anatomical_location.prime,content,procedure.code,Specimen.collection.bodySite,1.0,True,rule,65575008
Carcinoma,histology,content,condition.code,Condition.code,1.0,True,rule,722688002
Fallopian Tube,anatomical_location.prime,content,procedure.code,Specimen.collection.bodySite,1.0,True,rule,62692004
skin graft,anatomical_location.prime,content,procedure.code,Specimen.collection.bodySite,1.0,True,rule,304040003
Pancreatic Cancer,condition,content,condition.code,Condition.code,1.0,True,rule,363418001
right breast core biopsy,anatomical_location.prime,content,procedure.code,Specimen.collection.bodySite,1.0,True,rule,122548005
Caudate lobe liver,anatomical_location.prime,content,procedure.code,Specimen.collection.bodySite,1.0,True,rule,897714003
Lymph Node,anatomical_location.prime,content,procedure.code,Specimen.collection.bodySite,1.0,True,rule,58347006
Right lymph node with Savi,anatomical_location.prime,content,procedure.code,Specimen.collection.bodySite,1.0,True,rule,58347006
Sigmoid Epiploica,anatomical_location.prime,content,specimen.collection.bodysite,Specimen.collection.bodySite,1.0,True,rule,60184004
T4b,staging_t,content,observation.valuecodeableconcept,Observation.valueCodeableConcept,1.0,True,rule,1229866004
Right breast and right axilla,anatomical_location.prime,content,procedure.code,Specimen.collection.bodySite,1.0,True,rule,46662001
Left breast polyp excision,anatomical_location.prime,content,specimen.collection.bodysite,Specimen.collection.bodySite,1.0,True,rule,80248007
Ovarian structure,sample_tissue_type,content,specimen.type,Specimen.type,1.0,True,rule,15497006
Left cerebellar brain mass resection,anatomical_location.prime,content,specimen.collection.bodysite,Specimen.collection.bodySite,1.0,True,rule,113305005
N1bIII,staging_n,content,observation.valuecodeableconcept,Observation.valueCodeableConcept,1.0,True,rule,1229955005
T3d,staging_t,content,observation.valuecodeableconcept,Observation.valueCodeableConcept,1.0,True,rule,1229863007
Left breast partial mastectomy,anatomical_location.prime,content,specimen.collection.bodysite,Specimen.collection.bodySite,1.0,True,rule,80248007
Right adrenal gland,anatomical_location.prime,content,procedure.code,Specimen.collection.bodySite,1.0,True,rule,726489004
Rt breast biopsy and Rt axillary lymph node FNA,anatomical_location.prime,content,specimen.collection.bodysite,Specimen.collection.bodySite,1.0,True,rule,116030008
Mediastinal Lymph Node - Lung,anatomical_location.prime,content,procedure.code,Specimen.collection.bodySite,1.0,True,rule,234263003
Posterior bladder wall biopsy,anatomical_location.prime,content,specimen.collection.bodysite,Specimen.collection.bodySite,1.0,True,rule,89837001
Lt. lateral lower calf,anatomical_location.prime,content,specimen.collection.bodysite,Specimen.collection.bodySite,1.0,True,rule,53840002
Sterotactic biopsy of left breast calcifications,anatomical_location.prime,content,specimen.collection.bodysite,Specimen.collection.bodySite,1.0,True,rule,80248007
Mesorectal implant,anatomical_location.prime,content,specimen.collection.bodysite,Specimen.collection.bodySite,1.0,True,rule,18139001
T1b2,staging_t,content,observation.valuecodeableconcept,Observation.valueCodeableConcept,1.0,True,rule,1229845007
Mediastinum node,anatomical_location.prime,content,procedure.code,Specimen.collection.bodySite,1.0,True,rule,234263003
Left upper lobe of lung,anatomical_location.prime,content,procedure.code,Specimen.collection.bodySite,1.0,True,rule,739141006
Brain,anatomical_location.prime,content,procedure.code,Specimen.collection.bodySite,1.0,True,rule,807005
T1mi,staging_t,content,observation.valuecodeableconcept,Observation.valueCodeableConcept,1.0,True,rule,1228958001
Periduodenal mass,anatomical_location.prime,content,specimen.collection.bodysite,Specimen.collection.bodySite,1.0,True,rule,38848004
Right middle lobe lobectomy,anatomical_location.prime,content,procedure.code,Specimen.collection.bodySite,1.0,True,rule,736974006
Breast Cancer,condition,content,condition.code,Condition.code,1.0,True,rule,254837009
Left cervical LN cytology,anatomical_location.prime,content,specimen.collection.bodysite,Specimen.collection.bodySite,1.0,True,rule,368225008
Infiltrating ductular carcinoma,histology,content,condition.code,Condition.code,1.0,True,rule,408643008
Perirectal,anatomical_location.prime,content,specimen.collection.bodysite,Specimen.collection.bodySite,1.0,True,rule,276511004
US-GUIDED MESENTERIC MASS BIOPSY,anatomical_location.prime,content,specimen.collection.bodysite,Specimen.collection.bodySite,1.0,True,rule,89679009
Right axillary node dissection,anatomical_location.prime,content,procedure.code,Specimen.collection.bodySite,1.0,True,rule,234262008
Associated morphology,enrollment_primary_site,content,specimen.collection.bodysite,Specimen.collection.bodySite,1.0,True,rule,116676008
Right visceral pluera and right lower lobe nodule,anatomical_location.prime,content,specimen.collection.bodysite,Specimen.collection.bodySite,1.0,True,rule,266005
Retroperitoneal mass,anatomical_location.prime,content,specimen.collection.bodysite,Specimen.collection.bodySite,1.0,True,rule,82849001
left axillary node dissection,anatomical_location.prime,content,specimen.collection.bodysite,Specimen.collection.bodySite,1.0,True,rule,39607008
NX,staging_n,content,observation.valuecodeableconcept,Observation.valueCodeableConcept,1.0,True,rule,1229945006
Left breast mastectomy,anatomical_location.prime,content,specimen.collection.bodysite,Specimen.collection.bodySite,1.0,True,rule,361716006
T1a2,staging_t,content,observation.valuecodeableconcept,Observation.valueCodeableConcept,1.0,True,rule,1228961000
Mid sternum punch biopsy,anatomical_location.prime,content,procedure.code,Specimen.collection.bodySite,1.0,True,rule,87697008
Right chest wall excision,anatomical_location.prime,content,specimen.collection.bodysite,Specimen.collection.bodySite,1.0,True,rule,1290342004
US guided Liver core needle biopsy of 15mm hypoechoic nodule in the right lobe,anatomical_location.prime,content,procedure.code,Specimen.collection.bodySite,1.0,True,rule,86259008
Bone (T9 vertebrae),anatomical_location.prime,content,specimen.collection.bodysite,Specimen.collection.bodySite,1.0,True,rule,280846003
G3,staging_grade,content,observation.valuecodeableconcept,Observation.valueCodeableConcept,1.0,True,rule,1228851006
Thoracoscopic left upper lobectomy,anatomical_location.prime,content,specimen.collection.bodysite,Specimen.collection.bodySite,1.0,True,rule,39607008
CT-guided needle biopsy of R clavicle,anatomical_location.prime,content,procedure.code,Specimen.collection.bodySite,1.0,True,rule,708694007
IB,staging_group,content,observation.valuecodeableconcept,Observation.valueCodeableConcept,1.0,True,rule,1222728005
Central liver,anatomical_location.prime,content,procedure.code,Specimen.collection.bodySite,1.0,True,rule,72106008
N1,staging_n,content,observation.valuecodeableconcept,Observation.valueCodeableConcept,1.0,True,rule,1229951001
Left breast biopsy,anatomical_location.prime,content,procedure.code,Specimen.collection.bodySite,1.0,True,rule,122548005
Right retroperitoneum,anatomical_location.prime,content,specimen.collection.bodysite,Specimen.collection.bodySite,1.0,True,rule,82849001
Pericardium,anatomical_location.prime,content,procedure.code,Specimen.collection.bodySite,1.0,True,rule,34646007
Right Axilla Lymph Node,anatomical_location.prime,content,procedure.code,Specimen.collection.bodySite,1.0,True,rule,739023000
Lymph Node: Retroperitoneal,metastasis-site,content,specimen.collection.bodysite,Specimen.collection.bodySite,1.0,True,rule,91394001
CT-guided T12 biopsy (back/spine biopsy) for metastatic adenocarcinoma,anatomical_location.prime,content,specimen.collection.bodysite,Specimen.collection.bodySite,1.0,True,rule,281206008
Left breast skin biopsy,anatomical_location.prime,content,specimen.collection.bodysite,Specimen.collection.bodySite,1.0,True,rule,722157002
IS,staging_group,content,observation.valuecodeableconcept,Observation.valueCodeableConcept,1.0,True,rule,1222733009
Left breast needle biopsy,anatomical_location.prime,content,procedure.code,Specimen.collection.bodySite,1.0,True,rule,44578009
Right breast needle core biopsies,anatomical_location.prime,content,procedure.code,Specimen.collection.bodySite,1.0,True,rule,44578009
Peripancreatic Mass,anatomical_location.prime,content,specimen.collection.bodysite,Specimen.collection.bodySite,1.0,True,rule,15776009
N3c,staging_n,content,observation.valuecodeableconcept,Observation.valueCodeableConcept,1.0,True,rule,1229965004
Peritoneal lavage,anatomical_location.prime,content,procedure.code,Specimen.collection.bodySite,1.0,True,rule,387715005
Right Lobe Liver,anatomical_location.prime,content,specimen.collection.bodysite,Specimen.collection.bodySite,1.0,True,rule,48521005
Bone,anatomical_location.prime,content,procedure.code,Specimen.collection.bodySite,1.0,True,rule,997199941000119102
Bilateral nipple sparing mastectomy,anatomical_location.prime,content,specimen.collection.bodysite,Specimen.collection.bodySite,1.0,True,rule,76752008
Right upper lobe of lung,anatomical_location.prime,content,procedure.code,Specimen.collection.bodySite,1.0,True,rule,739141006
AML,condition,content,condition.code,Condition.code,1.0,True,rule,10979003
M0,staging_m,content,observation.valuecodeableconcept,Observation.valueCodeableConcept,1.0,True,rule,1222591006
L and R Breast capsulectomy,anatomical_location.prime,content,procedure.code,Specimen.collection.bodySite,1.0,True,rule,172124009
Mediastinal Lymph Node,anatomical_location.prime,content,procedure.code,Specimen.collection.bodySite,1.0,True,rule,234263003
CT-guided core biopsy of the right posterior ilium,anatomical_location.prime,content,specimen.collection.bodysite,Specimen.collection.bodySite,1.0,True,rule,22356005
Left Flank,anatomical_location.prime,content,specimen.collection.bodysite,Specimen.collection.bodySite,1.0,True,rule,1290341006
R Femur fracture fragments,anatomical_location.prime,content,procedure.code,Procedure.code,1.0,True,rule,735088000
Lymph Node: Supraclavicular,metastasis-site,content,specimen.collection.bodysite,Specimen.collection.bodySite,1.0,True,rule,59441001
US-guided Liver core biopsy,anatomical_location.prime,content,procedure.code,Specimen.collection.bodySite,1.0,True,rule,86259008
IIB,staging_group,content,observation.valuecodeableconcept,Observation.valueCodeableConcept,1.0,True,rule,1222769001
Thoracoscopic-assisted Biopsy,procedure.prime,content,procedure.code,Procedure.code,1.0,True,rule,86273004
IV,staging_group,content,observation.valuecodeableconcept,Observation.valueCodeableConcept,1.0,True,rule,1222837003
M2,staging_m,content,observation.valuecodeableconcept,Observation.valueCodeableConcept,1.0,True,rule,1222591006
Right abdominal wall mass,anatomical_location.prime,content,specimen.collection.bodysite,Specimen.collection.bodySite,1.0,True,rule,1279608001
T4a,staging_t,content,observation.valuecodeableconcept,Observation.valueCodeableConcept,1.0,True,rule,1229865000
right colon,anatomical_location.prime,content,specimen.collection.bodysite,Specimen.collection.bodySite,1.0,True,rule,51342009
Right breast biopsy for ILC,anatomical_location.prime,content,procedure.code,Specimen.collection.bodySite,1.0,True,rule,122548005
US-guided biopsy,anatomical_location.prime,content,specimen.collection.bodysite,Specimen.collection.bodySite,1.0,True,rule,1186636000
Epidural tumor,anatomical_location.prime,content,specimen.collection.bodysite,Specimen.collection.bodySite,1.0,True,rule,30636001
IIA1,staging_group,content,observation.valuecodeableconcept,Observation.valueCodeableConcept,1.0,True,rule,1222767004
Right gluteal mass,anatomical_location.prime,content,specimen.collection.bodysite,Specimen.collection.bodySite,1.0,True,rule,764593009
Right breast modified radical mastectomy with right breast new antero-superior border excision,anatomical_location.prime,content,procedure.code,Specimen.collection.bodySite,1.0,True,rule,726436000
Left breast lumpectomy & Axillary lymph node dissection,anatomical_location.prime,content,procedure.code,Specimen.collection.bodySite,1.0,True,rule,392023007
"Brain, NOS",metastasis-site,content,specimen.collection.bodysite,Specimen.collection.bodySite,1.0,True,rule,12738006
Supraclavicular lymph node,anatomical_location.prime,content,procedure.code,Specimen.collection.bodySite,1.0,True,rule,58347006
Ovary,anatomical_location.prime,content,specimen.collection.bodysite,Specimen.collection.bodySite,1.0,True,rule,15497006
Thigh,anatomical_location.prime,content,specimen.collection.bodysite,Specimen.collection.bodySite,1.0,True,rule,58246004
Left thigh,anatomical_location.prime,content,specimen.collection.bodysite,Specimen.collection.bodySite,1.0,True,rule,61396006
Left breast core needle biopsy,anatomical_location.prime,content,procedure.code,Specimen.collection.bodySite,1.0,True,rule,44578009
Right lower lobe of lung,anatomical_location.prime,content,procedure.code,Specimen.collection.bodySite,1.0,True,rule,739139005
"Bone, NOS",metastasis-site,content,specimen.collection.bodysite,Specimen.collection.bodySite,1.0,True,rule,421663001
Left and right thyroid nodule,anatomical_location.prime,content,procedure.code,Specimen.collection.bodySite,1.0,True,rule,53533006
Right femur/intertrochanter biopsy,anatomical_location.prime,content,specimen.collection.bodysite,Specimen.collection.bodySite,1.0,True,rule,722739008
Lt axilla,anatomical_location.prime,content,specimen.collection.bodysite,Specimen.collection.bodySite,1.0,True,rule,734429008
Segment 4 hepatic lobe of liver,anatomical_location.prime,content,procedure.code,Specimen.collection.bodySite,1.0,True,rule,736758005
Left segmental mastectomy,anatomical_location.prime,content,specimen.collection.bodysite,Specimen.collection.bodySite,1.0,True,rule,361716006
Appendix,metastasis-site,content,specimen.collection.bodysite,Specimen.collection.bodySite,1.0,True,rule,66754008
EUS-guided Percutaneous Biopsy - FNA,procedure.prime,content,procedure.code,Procedure.code,1.0,True,rule,274314005
Right inferior lobe of liver,anatomical_location.prime,content,procedure.code,Specimen.collection.bodySite,1.0,True,rule,71273005
Skin of chest wall,anatomical_location.prime,content,specimen.collection.bodysite,Specimen.collection.bodySite,1.0,True,rule,699936004
Pleura,metastasis-site,content,specimen.collection.bodysite,Specimen.collection.bodySite,1.0,True,rule,3120008
Adenoma AND/OR adenocarcinoma,histology,content,condition.code,Condition.code,1.0,True,rule,1187375007
Lung right upper lobe wedge resection,anatomical_location.prime,content,specimen.collection.bodysite,Specimen.collection.bodySite,1.0,True,rule,3341006
N1bIV,staging_n,content,observation.valuecodeableconcept,Observation.valueCodeableConcept,1.0,True,rule,1229950000
Manubrium,anatomical_location.prime,content,specimen.collection.bodysite,Specimen.collection.bodySite,1.0,True,rule,16226271000119107
Left anterior mediastinum,anatomical_location.prime,content,specimen.collection.bodysite,Specimen.collection.bodySite,1.0,True,rule,39607008
Right forearm mass,anatomical_location.prime,content,specimen.collection.bodysite,Specimen.collection.bodySite,1.0,True,rule,64262003
Infiltrating duct carcinoma,histology,content,condition.code,Condition.code,1.0,True,rule,408643008
IA2,staging_group,content,observation.valuecodeableconcept,Observation.valueCodeableConcept,1.0,True,rule,1222726009
T2a,staging_t,content,observation.valuecodeableconcept,Observation.valueCodeableConcept,1.0,True,rule,1229853004
Right tube and ovary (right adnexal),anatomical_location.prime,content,specimen.collection.bodysite,Specimen.collection.bodySite,1.0,True,rule,2033006
Rt elbow,anatomical_location.prime,content,specimen.collection.bodysite,Specimen.collection.bodySite,1.0,True,rule,895277004
Radical resection of soft tissue mass left lower extremity,anatomical_location.prime,content,specimen.collection.bodysite,Specimen.collection.bodySite,1.0,True,rule,442311008
Left breast nodule,anatomical_location.prime,content,specimen.collection.bodysite,Specimen.collection.bodySite,1.0,True,rule,722157002
US Guided Liver biopsy,anatomical_location.prime,content,specimen.collection.bodysite,Specimen.collection.bodySite,1.0,True,rule,10200004
Pancreatic structure,sample_tissue_type,content,specimen.type,Specimen.type,1.0,True,rule,15776009
Skin Punch Biopsy,anatomical_location.prime,content,procedure.code,Specimen.collection.bodySite,1.0,True,rule,240977001
Right Supraclavicular Lymph Node,anatomical_location.prime,content,specimen.collection.bodysite,Specimen.collection.bodySite,1.0,True,rule,16217541000119109
T3,staging_t,content,observation.valuecodeableconcept,Observation.valueCodeableConcept,1.0,True,rule,1229859000
Right popliteal fossa,anatomical_location.prime,content,specimen.collection.bodysite,Specimen.collection.bodySite,1.0,True,rule,6902008
Prostate gland,anatomical_location.prime,content,specimen.collection.bodysite,Specimen.collection.bodySite,1.0,True,rule,248153007
1 o'clock Left Breast 7cm from nipple,anatomical_location.prime,content,procedure.code,Specimen.collection.bodySite,1.0,True,rule,392023007
Right retroperitoneal lymph node mass,anatomical_location.prime,content,procedure.code,Specimen.collection.bodySite,1.0,True,rule,399733007
Left breast 3:00 biopsy,anatomical_location.prime,content,procedure.code,Specimen.collection.bodySite,1.0,True,rule,122548005
Left breast conserving surgery,anatomical_location.prime,content,procedure.code,Specimen.collection.bodySite,1.0,True,rule,392023007
Prostate Cancer,condition,content,condition.code,Condition.code,1.0,True,rule,399068003
Pancreas-head mass,anatomical_location.prime,content,procedure.code,Specimen.collection.bodySite,1.0,True,rule,47789005
T1c,staging_t,content,observation.valuecodeableconcept,Observation.valueCodeableConcept,1.0,True,rule,1229846008
Bone Marrow Iliac Crest,anatomical_location.prime,content,procedure.code,Specimen.collection.bodySite,1.0,True,rule,287550000
Bone Marrow,procedure.prime,content,procedure.code,Specimen.type,1.0,True,rule,86273004
MX,staging_m,content,observation.valuecodeableconcept,Observation.valueCodeableConcept,1.0,True,rule,1222591006
Rt forearm,anatomical_location.prime,content,procedure.code,Specimen.collection.bodySite,1.0,True,rule,41396000
Right iliac bone,anatomical_location.prime,content,specimen.collection.bodysite,Specimen.collection.bodySite,1.0,True,rule,272673000
Gallbladder,anatomical_location.prime,content,procedure.code,Specimen.collection.bodySite,1.0,True,rule,38102005
US-guided Thoracentesis,procedure.prime,content,procedure.code,Specimen.collection.bodySite,1.0,True,rule,91602002
Prostate Radical prostatectomy,anatomical_location.prime,content,specimen.collection.bodysite,Specimen.collection.bodySite,1.0,True,rule,72400000
Ovarian Cancer,condition,content,condition.code,Condition.code,1.0,True,rule,363443007
Skin above iliac crest,anatomical_location.prime,content,procedure.code,Specimen.collection.bodySite,1.0,True,rule,177249006
T4c,staging_t,content,observation.valuecodeableconcept,Observation.valueCodeableConcept,1.0,True,rule,1229867008
Lymph Node: Illiac,metastasis-site,content,specimen.collection.bodysite,Specimen.collection.bodySite,1.0,True,rule,59441001
M1d,staging_m,content,observation.valuecodeableconcept,Observation.valueCodeableConcept,1.0,True,rule,1229926002
Mesentery,metastasis-site,content,specimen.collection.bodysite,Specimen.collection.bodySite,1.0,True,rule,89679009
Mammographic localization,anatomical_location.prime,content,specimen.collection.bodysite,Specimen.collection.bodySite,1.0,True,rule,361716006
Colonoscopy,anatomical_location.prime,content,procedure.code,Specimen.collection.bodySite,1.0,True,rule,73761001
US Guided Right Breast Biopsy,anatomical_location.prime,content,procedure.code,Specimen.collection.bodySite,1.0,True,rule,122548005
Left modified radical mastectomy with axillary lymph node dissection,anatomical_location.prime,content,specimen.collection.bodysite,Specimen.collection.bodySite,1.0,True,rule,39607008
Right pelvis mass,anatomical_location.prime,content,specimen.collection.bodysite,Specimen.collection.bodySite,1.0,True,rule,12921003
Left neck lymph node,anatomical_location.prime,content,procedure.code,Specimen.collection.bodySite,1.0,True,rule,447412005
Peritoneal and liver nodules,anatomical_location.prime,content,specimen.collection.bodysite,Specimen.collection.bodySite,1.0,True,rule,15425007
Right breast 1 o'clock needle core biopsy,anatomical_location.prime,content,procedure.code,Specimen.collection.bodySite,1.0,True,rule,44578009
Right primary breast tumor,anatomical_location.prime,content,procedure.code,Specimen.collection.bodySite,1.0,True,rule,1303631000
Right gluteus,anatomical_location.prime,content,specimen.collection.bodysite,Specimen.collection.bodySite,1.0,True,rule,764593009
US guided Liver core needle biopsy of a right 2 x 1.4 cm hypoechoic mass,anatomical_location.prime,content,procedure.code,Specimen.collection.bodySite,1.0,True,rule,86259008
Skin,metastasis-site,content,specimen.collection.bodysite,Specimen.collection.bodySite,1.0,True,rule,39937001
Left adnexa,anatomical_location.prime,content,procedure.code,Specimen.collection.bodySite,1.0,True,rule,1010714005
Right breast sentinel lymph node biopsy with right partial mastectomy,anatomical_location.prime,content,procedure.code,Procedure.code,1.0,True,rule,396487001
CT-guided percutaneous mid sternum bone needle biopsy,anatomical_location.prime,content,specimen.collection.bodysite,Specimen.collection.bodySite,1.0,True,rule,302522007
US-guided Paracentesis,procedure.prime,content,procedure.code,Procedure.code,1.0,True,rule,86088003
N0,staging_n,content,observation.valuecodeableconcept,Observation.valueCodeableConcept,1.0,True,rule,1229947003
Lt Axillary LN Biopsy,anatomical_location.prime,content,procedure.code,Procedure.code,1.0,True,rule,21911005
Femur,anatomical_location.prime,content,specimen.collection.bodysite,Specimen.collection.bodySite,1.0,True,rule,182046008
Peritoneum,anatomical_location.prime,content,procedure.code,Specimen.collection.bodySite,1.0,True,rule,609015000
Right pleural mass,anatomical_location.prime,content,procedure.code,Specimen.collection.bodySite,1.0,True,rule,278294002
Bilateral mastectomies and Rt SLN evaluation,anatomical_location.prime,content,procedure.code,Procedure.code,1.0,True,rule,27865001
N2,staging_n,content,observation.valuecodeableconcept,Observation.valueCodeableConcept,1.0,True,rule,1229957002
porta caval lymph node,anatomical_location.prime,content,procedure.code,Specimen.collection.bodySite,1.0,True,rule,58347006
Left Breast Mass,anatomical_location.prime,content,procedure.code,Specimen.collection.bodySite,1.0,True,rule,392023007
Right Brachial Plexus Upper Trunk,anatomical_location.prime,content,specimen.collection.bodysite,Specimen.collection.bodySite,1.0,True,rule,723374000
Right lobe of liver,anatomical_location.prime,content,specimen.collection.bodysite,Specimen.collection.bodySite,1.0,True,rule,48521005
Right upper lobe lung,anatomical_location.prime,content,procedure.code,Specimen.collection.bodySite,1.0,True,rule,739141006
Left axilla Lymph Node,anatomical_location.prime,content,procedure.code,Procedure.code,1.0,True,rule,234262008
Right buttock,anatomical_location.prime,content,specimen.collection.bodysite,Specimen.collection.bodySite,1.0,True,rule,368209003
US Guided Left Breast Biopsy,anatomical_location.prime,content,specimen.collection.bodysite,Specimen.collection.bodySite,1.0,True,rule,80248007
Entire head and neck,enrollment_primary_site,content,specimen.collection.bodysite,Specimen.collection.bodySite,1.0,True,rule,361355005
Right iliac,anatomical_location.prime,content,procedure.code,Specimen.collection.bodySite,1.0,True,rule,997199941000119102
Left Axilla,anatomical_location.prime,content,procedure.code,Specimen.collection.bodySite,1.0,True,rule,301798002
Surgical Resection,procedure.prime,content,procedure.code,Procedure.code,1.0,True,rule,56361007
EBUS Percutaneous Biopsy - FNA,procedure.prime,content,procedure.code,Procedure.code,1.0,True,rule,274314005
Right anterior superior infraclavicular,anatomical_location.prime,content,specimen.collection.bodysite,Specimen.collection.bodySite,1.0,True,rule,1260150009
Left Breast and chest wall,anatomical_location.prime,content,procedure.code,Specimen.collection.bodySite,1.0,True,rule,1231734007
IIA,staging_group,content,observation.valuecodeableconcept,Observation.valueCodeableConcept,1.0,True,rule,1222766008
Left sentinel lymph node biopsy,anatomical_location.prime,content,procedure.code,Specimen.collection.bodySite,1.0,True,rule,1179695007
Posterior right upper abdomen,anatomical_location.prime,content,procedure.code,Specimen.collection.bodySite,1.0,True,rule,225162003
M1b,staging_m,content,observation.valuecodeableconcept,Observation.valueCodeableConcept,1.0,True,rule,1229920008
Right lung/pleura,anatomical_location.prime,content,procedure.code,Specimen.collection.bodySite,1.0,True,rule,735016006
Right chest wall mass,anatomical_location.prime,content,procedure.code,Specimen.collection.bodySite,1.0,True,rule,177754003
Core needle biopsy of Lt breast (2 sites) and Lt axilla,anatomical_location.prime,content,procedure.code,Specimen.collection.bodySite,1.0,True,rule,44578009
Right clavicular (soft tissue),anatomical_location.prime,content,procedure.code,Specimen.collection.bodySite,1.0,True,rule,291661009
US-guided,procedure.prime,content,procedure.code,Specimen.collection.bodySite,1.0,True,rule,86273004
Endometrium,anatomical_location.prime,content,procedure.code,Specimen.collection.bodySite,1.0,True,rule,T-28000
IIA12,staging_group,content,observation.valuecodeableconcept,Observation.valueCodeableConcept,1.0,True,rule,1222768009
Right hilar and level 4R,anatomical_location.prime,content,specimen.collection.bodysite,Specimen.collection.bodySite,1.0,True,rule,3341006
Right jaw resection,anatomical_location.prime,content,specimen.collection.bodysite,Specimen.collection.bodySite,1.0,True,rule,735178003
Right breast mass,anatomical_location.prime,content,procedure.code,Specimen.collection.bodySite,1.0,True,rule,122548005
9:00 2cm Right Breast,anatomical_location.prime,content,procedure.code,Specimen.collection.bodySite,1.0,True,rule,392023007
IVA,staging_group,content,observation.valuecodeableconcept,Observation.valueCodeableConcept,1.0,True,rule,1222838008
Right breast upper outer quadrant and upper inner quadrant needle core biopsies,anatomical_location.prime,content,procedure.code,Specimen.collection.bodySite,1.0,True,rule,44578009
case,,entity,Patient,Patient,0.9534801244735718,True,biobert,
file,,entity,DocumentReference,Device,0.7889963388442993,False,biobert,
project,,entity,ResearchStudy,Device,0.9134533405303955,False,biobert,
Assay,DocumentReference,entity,ServiceRequest,Observation,0.8297052383422852,False,biobert,
Device,DocumentReference,entity,Device,Device,1.0,True,biobert,
Component,DocumentReference,entity,Observation,Medication,0.9552952647209167,False,biobert,
HTANParticipantID,Patient,entity,Identifier,DocumentReference,0.8576676845550537,False,biobert,
Filename,DocumentReference,entity,DocumentReference,Observation,0.8346277475357056,False,biobert,
FileFormat,DocumentReference,entity,DocumentReference,DocumentReference,0.8071720004081726,True,biobert,
HTANDataFileID,DocumentReference,entity,Identifier,DocumentReference,0.8465336561203003,False,biobert,
HTANParentBiospecimenID,Specimen,entity,Identifier,DocumentReference,0.8269881010055542,False,biobert,
Checksum,DocumentReference,entity,Observation,Medication,0.8351438641548157,False,biobert,
HTANBiospecimenID,Specimen,entity,Identifier,DocumentReference,0.8152309656143188,False,biobert,
HTANParentID,Specimen,entity,Identifier,DocumentReference,0.8632228374481201,False,biobert,
HTANParentDataFileID,DocumentReference,entity,Identifier,DocumentReference,0.8541529178619385,False,biobert,
TimepointLabel,Specimen,entity,Observation,DocumentReference,0.8680634498596191,False,biobert,
StartDaysfromIndex,Patient,entity,Observation,ServiceRequest,0.813696026802063,False,biobert,
StopDaysfromIndex,Patient,entity,Observation,ServiceRequest,0.8027480244636536,False,biobert,
SentinelLymphNodeCount,Patient,entity,Observation,DocumentReference,0.8457986116409302,False,biobert,
SentinelNodePositiveAssessmentCount,Patient,entity,Observation,DocumentReference,0.8284947872161865,False,biobert,
TumorExtranodalExtensionIndicator,Condition,entity,Observation,MedicationAdministration,0.7891839742660522,False,biobert,
SatelliteMetastasisPresentIndicator,Patient,entity,Observation,MedicationAdministration,0.7842132449150085,False,biobert,
OtherBiopsyResectionSite,Patient,entity,Observation,DocumentReference,0.8455964922904968,False,biobert,
ExtentofTumorResection,Patient,entity,Observation,DocumentReference,0.8156638145446777,False,biobert,
PriorSitesofRadiation,Patient,entity,Observation,DocumentReference,0.8619652986526489,False,biobert,
Immunosuppression,MedicationAdministration,entity,Observation,MedicationAdministration,0.7896521687507629,False,biobert,
ConcomitantMedicationReceivedType,MedicationAdministration,entity,Observation,MedicationAdministration,0.8746403455734253,False,biobert,
FamilyMemberVitalStatusIndicator,Patient,entity,Observation,ResearchStudy,0.7680063843727112,False,biobert,
COVID19OccurrenceIndicator,Patient,entity,Observation,MedicationAdministration,0.8266544342041016,False,biobert,
COVID19CurrentStatus,Patient,entity,Observation,DocumentReference,0.8321018815040588,False,biobert,
COVID19ComplicationsSeverity,Patient,entity,Observation,DocumentReference,0.8614345788955688,False,biobert,
COVID19CancerTreatmentFollowup,Patient,entity,Observation,MedicationAdministration,0.8012694716453552,False,biobert,
Ecigvapeuse,Patient,entity,Observation,DocumentReference,0.844347357749939,False,biobert,
Ecigvape30dayusenum,Patient,entity,Observation,ServiceRequest,0.8276744484901428,False,biobert,
Ecigvapetimesperday,Patient,entity,Observation,DocumentReference,0.8360987901687622,False,biobert,
Chewingtobaccodailyusecount,Patient,entity,Observation,DocumentReference,0.8150284290313721,False,biobert,
Secondhandsmokeexposureyears,Patient,entity,Observation,MedicationAdministration,0.8107974529266357,False,biobert,
KnownGeneticPredispositionMutation,Patient,entity,Observation,DocumentReference,0.8327239155769348,False,biobert,
HereditaryCancerPredispositionSyndrome,Patient,entity,Observation,DocumentReference,0.783988893032074,False,biobert,
CancerAssociatedGeneMutations,Patient,entity,Observation,DocumentReference,0.8096439838409424,False,biobert,
MutationalSignatures,Patient,entity,Observation,DocumentReference,0.8225771188735962,False,biobert,
MismatchRepairSystemStatus,Patient,entity,Observation,MedicationAdministration,0.8053869009017944,False,biobert,
LabTestsforMMRStatus,Patient,entity,Observation,DocumentReference,0.8330797553062439,False,biobert,
ModeofCancerDetection,Patient,entity,Observation,DocumentReference,0.8206595182418823,False,biobert,
EducationLevel,Patient,entity,Observation,DocumentReference,0.8551763296127319,False,biobert,
CountryofBirth,Patient,entity,Observation,DocumentReference,0.8782697916030884,False,biobert,
MedicallyUnderservedArea,Patient,entity,Observation,DocumentReference,0.7927630543708801,False,biobert,
RuralvsUrban,Patient,entity,Observation,DocumentReference,0.8566953539848328,False,biobert,
CancerIncidence,Patient,entity,Observation,DocumentReference,0.8463994860649109,False,biobert,
CancerIncidenceLocation,Patient,entity,Observation,DocumentReference,0.8282386064529419,False,biobert,
Ethnicity,Patient,entity,Patient,Medication,0.9594851732254028,False,biobert,
Gender,Patient,entity,Patient,Medication,0.9507808089256287,False,biobert,
Race,Patient,entity,Patient,Medication,0.939929723739624,False,biobert,
VitalStatus,Patient,entity,Patient,DocumentReference,0.8407993316650391,False,biobert,
AgeatDiagnosis,Patient,entity,Condition,DocumentReference,0.8307459354400635,False,biobert,
DaystoLastFollowup,Patient,entity,Observation,ResearchStudy,0.7841394543647766,False,biobert,
DaystoLastKnownDiseaseStatus,Patient,entity,Observation,ResearchStudy,0.7823126316070557,False,biobert,
DaystoRecurrence,Patient,entity,Observation,DocumentReference,0.8188914060592651,False,biobert,
LastKnownDiseaseStatus,Patient,entity,Observation,ResearchStudy,0.7885327935218811,False,biobert,
Morphology,Patient,entity,Observation,Observation,0.9586508870124817,True,biobert,
PrimaryDiagnosis,Patient,entity,Condition,ResearchStudy,0.8238531947135925,False,biobert,
ProgressionorRecurrence,Patient,entity,Condition,DocumentReference,0.8477984070777893,False,biobert,
SiteofResectionorBiopsy,Specimen,entity,Specimen,DocumentReference,0.8487957119941711,False,biobert,
TissueorOrganofOrigin,Patient,entity,Condition,DocumentReference,0.829741358757019,False,biobert,
NCIAtlasCancerSite,,entity,Condition,DocumentReference,0.8337661027908325,False,biobert,
TumorGrade,Patient,entity,Condition,Medication,0.837502658367157,False,biobert,
PackYearsSmoked,Patient,entity,Observation,DocumentReference,0.7933350801467896,False,biobert,
YearsSmoked,Patient,entity,Observation,DocumentReference,0.8252595663070679,False,biobert,
DaystoFollowUp,Patient,entity,Observation,ServiceRequest,0.8101030588150024,False,biobert,
GeneSymbol,Patient,entity,Observation,DocumentReference,0.8396580815315247,False,biobert,
MolecularAnalysisMethod,Patient,entity,Observation,DocumentReference,0.8425895571708679,False,biobert,
TestResult,Patient,entity,Observation,DocumentReference,0.8856906890869141,False,biobert,
TreatmentType,MedicationAdministration,entity,MedicationAdministration,Medication,0.8952208757400513,False,biobert,
TumorLargestDimensionDiameter,,entity,Observation,DocumentReference,0.8250451683998108,False,biobert,
LungCancerTier3,,entity,Identifier,DocumentReference,0.7996478080749512,False,biobert,
LungCancerDetectionMethodType,Patient,entity,Condition,DocumentReference,0.7929370403289795,False,biobert,
BreastCancerTier3,Patient,entity,Identifier,DocumentReference,0.7888734340667725,False,biobert,
ProstateCancerTier3,,entity,Identifier,DocumentReference,0.7784048318862915,False,biobert,
PancreasPrecancerHistopathologicGrade,Patient,entity,Condition,MedicationAdministration,0.7678372859954834,False,biobert,
PancreaticIPMNPathologyEpithelialSubtype,Patient,entity,Observation,MedicationAdministration,0.7932920455932617,False,biobert,
PancreaticDuctFinalPathologyType,Patient,entity,Observation,MedicationAdministration,0.7769474983215332,False,biobert,
DaystoBirth,Patient,entity,Observation,DocumentReference,0.7904826402664185,False,biobert,
CountryofResidence,Patient,entity,Observation,DocumentReference,0.8682787418365479,False,biobert,
AgeIsObfuscated,Patient,entity,Observation,DocumentReference,0.8396288156509399,False,biobert,
YearOfBirth,Patient,entity,Observation,ServiceRequest,0.835521936416626,False,biobert,
OccupationDurationYears,Patient,entity,Observation,MedicationAdministration,0.8031802177429199,False,biobert,
PrematureAtBirth,Patient,entity,Observation,DocumentReference,0.7945203185081482,False,biobert,
WeeksGestationatBirth,Patient,entity,Observation,MedicationAdministration,0.7755937576293945,False,biobert,
RelativewithCancerHistory,Patient,entity,Observation,DocumentReference,0.8247510194778442,False,biobert,
SmokingExposure,Patient,entity,Observation,MedicationAdministration,0.8202055096626282,False,biobert,
AlcoholExposure,Patient,entity,Observation,MedicationAdministration,0.8355642557144165,False,biobert,
AsbestosExposure,Patient,entity,Observation,MedicationAdministration,0.7804776430130005,False,biobert,
CoalDustExposure,Patient,entity,Observation,DocumentReference,0.808147668838501,False,biobert,
EnvironmentalTobaccoSmokeExposure,Patient,entity,Observation,DocumentReference,0.8217438459396362,False,biobert,
RadonExposure,Patient,entity,Observation,DocumentReference,0.7971947193145752,False,biobert,
RespirableCrystallineSilicaExposure,Patient,entity,Observation,DocumentReference,0.8076570630073547,False,biobert,
AdverseEvent,Patient,entity,Observation,DocumentReference,0.8596993684768677,False,biobert,
BarrettsEsophagusGobletCellsPresent,Patient,entity,Observation,DocumentReference,0.8028979897499084,False,biobert,
BMI,Patient,entity,Observation,Medication,0.8759255409240723,False,biobert,
CauseofResponse,Patient,entity,Observation,DocumentReference,0.8547970652580261,False,biobert,
Comorbidity,Patient,entity,Observation,MedicationAdministration,0.794691264629364,False,biobert,
ComorbidityMethodofDiagnosis,Patient,entity,Observation,MedicationAdministration,0.8357416391372681,False,biobert,
DaystoAdverseEvent,Patient,entity,Observation,ResearchStudy,0.7723969221115112,False,biobert,
DaystoComorbidity,Patient,entity,Observation,ResearchStudy,0.7702562212944031,False,biobert,
DiseaseResponse,Patient,entity,Observation,DocumentReference,0.7793530225753784,False,biobert,
DLCORefPredictivePercent,Patient,entity,Observation,DocumentReference,0.8201732039451599,False,biobert,
ECOGPerformanceStatus,Patient,entity,Observation,DocumentReference,0.8552638292312622,False,biobert,
FEV1FVCPostBronchPercent,Patient,entity,Observation,DocumentReference,0.7972610592842102,False,biobert,
FEV1FVCPreBronchPercent,Patient,entity,Observation,DocumentReference,0.8072219491004944,False,biobert,
FEV1RefPostBronchPercent,Patient,entity,Observation,DocumentReference,0.8342658877372742,False,biobert,
FEV1RefPreBronchPercent,Patient,entity,Observation,DocumentReference,0.8361847400665283,False,biobert,
Height,Patient,entity,Observation,Medication,0.8831970691680908,False,biobert,
HepatitisSustainedVirologicalResponse,Patient,entity,Observation,MedicationAdministration,0.7840918898582458,False,biobert,
HPVPositiveType,Patient,entity,Observation,DocumentReference,0.8270730972290039,False,biobert,
KarnofskyPerformanceStatus,Patient,entity,Observation,MedicationAdministration,0.7728829383850098,False,biobert,
MenopauseStatus,Patient,entity,Observation,MedicationAdministration,0.731841504573822,False,biobert,
PancreatitisOnsetYear,Patient,entity,Observation,MedicationAdministration,0.7972636222839355,False,biobert,
RefluxTreatmentType,Patient,entity,Observation,MedicationAdministration,0.8560698628425598,False,biobert,
RiskFactor,Patient,entity,Observation,DocumentReference,0.8140245676040649,False,biobert,
RiskFactorTreatment,Patient,entity,Observation,DocumentReference,0.8249208927154541,False,biobert,
ViralHepatitisSerologies,Patient,entity,Observation,MedicationAdministration,0.79264235496521,False,biobert,
Weight,Patient,entity,Observation,Medication,0.92646324634552,False,biobert,
AdverseEventGrade,Patient,entity,Observation,DocumentReference,0.8766634464263916,False,biobert,
AIDSRiskFactors,,entity,Observation,DocumentReference,0.8476687669754028,False,biobert,
BodySurfaceArea,Patient,entity,Observation,DocumentReference,0.8495826721191406,False,biobert,
CDCHIVRiskFactors,Patient,entity,Observation,DocumentReference,0.7899875640869141,False,biobert,
DaystoImaging,Patient,entity,Observation,DocumentReference,0.7782002687454224,False,biobert,
HAARTTreatmentIndicator,Patient,entity,Observation,MedicationAdministration,0.8372802734375,False,biobert,
HIVViralLoad,Patient,entity,Observation,DocumentReference,0.8590667247772217,False,biobert,
HormonalContraceptiveUse,Patient,entity,Observation,MedicationAdministration,0.8184271454811096,False,biobert,
HysterectomyMarginsInvolved,Patient,entity,Observation,MedicationAdministration,0.804230272769928,False,biobert,
HysterectomyType,Patient,entity,Observation,MedicationAdministration,0.769743800163269,False,biobert,
ImagingResult,Patient,entity,Observation,DocumentReference,0.8778194189071655,False,biobert,
ImagingType,Patient,entity,Observation,Observation,0.8572053909301758,True,biobert,
ImmunosuppressiveTreatmentType,Patient,entity,Observation,MedicationAdministration,0.8576312065124512,False,biobert,
NadirCD4Count,Patient,entity,Observation,DocumentReference,0.8335689306259155,False,biobert,
PregnancyOutcome,Patient,entity,Observation,ResearchStudy,0.8165159225463867,False,biobert,
RecistTargetedRegionsNumber,Patient,entity,Observation,DocumentReference,0.8478060960769653,False,biobert,
RecistTargetedRegionsSum,Patient,entity,Observation,DocumentReference,0.8578065633773804,False,biobert,
ScanTracerUsed,Patient,entity,Observation,DocumentReference,0.8295307159423828,False,biobert,
TreatmentorTherapy,Patient,entity,Observation,MedicationAdministration,0.8353067636489868,False,biobert,
TreatmentEffect,MedicationAdministration,entity,Observation,MedicationAdministration,0.8653004169464111,False,biobert,
TreatmentOutcome,,entity,Observation,ResearchStudy,0.8601194620132446,False,biobert,
DaystoTreatmentEnd,Patient,entity,MedicationAdministration,MedicationAdministration,0.8628817200660706,True,biobert,
TreatmentAnatomicSite,Patient,entity,MedicationAdministration,DocumentReference,0.8239279389381409,False,biobert,
DaystoTreatmentStart,Patient,entity,MedicationAdministration,MedicationAdministration,0.8025640845298767,True,biobert,
InitialDiseaseStatus,Patient,entity,Condition,DocumentReference,0.8438761234283447,False,biobert,
RegimenorLineofTherapy,Patient,entity,Observation,MedicationAdministration,0.8631712198257446,False,biobert,
TherapeuticAgents,Patient,entity,Medication,DocumentReference,0.8642330169677734,False,biobert,
TreatmentIntentType,Patient,entity,Observation,MedicationAdministration,0.866541862487793,False,biobert,
ChemoConcurrenttoRadiation,Patient,entity,Observation,MedicationAdministration,0.8234261274337769,False,biobert,
NumberofCycles,Patient,entity,Observation,DocumentReference,0.8050737380981445,False,biobert,
ReasonTreatmentEnded,Patient,entity,MedicationAdministration,MedicationAdministration,0.8361493945121765,True,biobert,
TreatmentDose,Patient,entity,MedicationAdministration,MedicationAdministration,0.872455358505249,True,biobert,
TreatmentDoseUnits,Patient,entity,MedicationAdministration,MedicationAdministration,0.8463298678398132,True,biobert,
TreatmentEffectIndicator,Patient,entity,Observation,MedicationAdministration,0.8097683787345886,False,biobert,
TreatmentFrequency,MedicationAdministration,entity,Observation,DocumentReference,0.7016904354095459,False,biobert,
YearofDiagnosis,Patient,entity,Observation,DocumentReference,0.8293541669845581,False,biobert,
PrecancerousConditionType,,entity,Condition,MedicationAdministration,0.8299010992050171,False,biobert,
MethodofDiagnosis,,entity,Observation,MedicationAdministration,0.8193036317825317,False,biobert,
PriorMalignancy,,entity,Observation,DocumentReference,0.8195680975914001,False,biobert,
PriorTreatment,,entity,Observation,MedicationAdministration,0.8629985451698303,False,biobert,
MetastasisatDiagnosis,,entity,Observation,MedicationAdministration,0.8014844655990601,False,biobert,
MetastasisatDiagnosisSite,,entity,Condition,MedicationAdministration,0.8036243319511414,False,biobert,
FirstSymptomPriortoDiagnosis,,entity,Observation,ResearchStudy,0.7974141836166382,False,biobert,
AAChange,Patient,entity,Observation,DocumentReference,0.7873021364212036,False,biobert,
Antigen,Patient,entity,Observation,Medication,0.8468180894851685,False,biobert,
ClinicalBiospecimenType,Specimen,entity,Observation,DocumentReference,0.8233019113540649,False,biobert,
BloodTestNormalRangeUpper,Patient,entity,Observation,DocumentReference,0.7906349897384644,False,biobert,
BloodTestNormalRangeLower,Patient,entity,Observation,DocumentReference,0.8189990520477295,False,biobert,
CellCount,Patient,entity,Observation,DocumentReference,0.8745419979095459,False,biobert,
Clonality,Specimen,entity,Observation,DocumentReference,0.7856529951095581,False,biobert,
CopyNumber,Patient,entity,Observation,DocumentReference,0.8550199270248413,False,biobert,
Cytoband,Patient,entity,Observation,DocumentReference,0.8291923403739929,False,biobert,
HistoneFamily,Patient,entity,Observation,DocumentReference,0.8034177422523499,False,biobert,
HistoneVariant,Patient,entity,Observation,DocumentReference,0.847581148147583,False,biobert,
Intron,Specimen,entity,Observation,Device,0.8401919603347778,False,biobert,
LaboratoryTest,Patient,entity,Observation,Condition,0.8543796539306641,False,biobert,
LociAbnormalCount,Patient,entity,Observation,MedicationAdministration,0.8326863646507263,False,biobert,
LociCount,Patient,entity,Observation,DocumentReference,0.8621334433555603,False,biobert,
Locus,Patient,entity,Observation,Condition,0.76947021484375,False,biobert,
MismatchRepairMutation,Patient,entity,Observation,DocumentReference,0.7828656435012817,False,biobert,
MolecularConsequence,Patient,entity,Observation,DocumentReference,0.881867527961731,False,biobert,
Pathogenicity,Patient,entity,Observation,DocumentReference,0.801033616065979,False,biobert,
Ploidy,Patient,entity,Observation,DocumentReference,0.7882800102233887,False,biobert,
SecondExon,Patient,entity,Observation,DocumentReference,0.8190767168998718,False,biobert,
SecondGeneSymbol,Patient,entity,Observation,DocumentReference,0.8206560611724854,False,biobert,
SpecializedMolecularTest,Patient,entity,Observation,DocumentReference,0.7850842475891113,False,biobert,
TestAnalyteType,Patient,entity,Specimen,DocumentReference,0.7928698658943176,False,biobert,
TestUnits,Patient,entity,Observation,DocumentReference,0.8535714149475098,False,biobert,
TestValue,Patient,entity,Observation,DocumentReference,0.8133938312530518,False,biobert,
Transcript,Patient,entity,Observation,Medication,0.8535497188568115,False,biobert,
VariantOrigin,Patient,entity,Observation,DocumentReference,0.8769554495811462,False,biobert,
VariantType,Patient,entity,Observation,Condition,0.8672991394996643,False,biobert,
Zygosity,Patient,entity,Observation,DocumentReference,0.7460589408874512,False,biobert,
CollectionDaysfromIndex,Specimen,entity,Identifier,DocumentReference,0.8287686705589294,False,biobert,
AdjacentBiospecimenIDs,Specimen,entity,Identifier,DocumentReference,0.8146826028823853,False,biobert,
BiospecimenType,Specimen,entity,Specimen,DocumentReference,0.8310198783874512,False,biobert,
AcquisitionMethodType,Specimen,entity,Specimen,DocumentReference,0.8278723955154419,False,biobert,
FixativeType,Specimen,entity,Observation,DocumentReference,0.8128207325935364,False,biobert,
StorageMethod,Specimen,entity,Observation,DocumentReference,0.8227336406707764,False,biobert,
ProcessingDaysfromIndex,Specimen,entity,Observation,ServiceRequest,0.837454617023468,False,biobert,
ProtocolLink,DocumentReference,entity,Observation,Condition,0.8756541013717651,False,biobert,
SiteDataSource,Specimen,entity,Observation,DocumentReference,0.8342168927192688,False,biobert,
CollectionMedia,Specimen,entity,Observation,Observation,0.8780539631843567,True,biobert,
MountingMedium,Specimen,entity,Observation,DocumentReference,0.8243765830993652,False,biobert,
ProcessingLocation,Specimen,entity,Observation,Observation,0.8847765922546387,True,biobert,
HistologyAssessmentBy,Specimen,entity,Observation,MedicationAdministration,0.8437820672988892,False,biobert,
HistologyAssessmentMedium,Specimen,entity,Observation,MedicationAdministration,0.8077781796455383,False,biobert,
PreinvasiveMorphology,Specimen,entity,Observation,DocumentReference,0.8184597492218018,False,biobert,
TumorInfiltratingLymphocytes,Specimen,entity,Observation,MedicationAdministration,0.7920476198196411,False,biobert,
DegreeofDysplasia,Specimen,entity,Observation,DocumentReference,0.8154417276382446,False,biobert,
DysplasiaFraction,Specimen,entity,Observation,DocumentReference,0.8024958372116089,False,biobert,
NumberProliferatingCells,Specimen,entity,Observation,DocumentReference,0.7865367531776428,False,biobert,
PercentEosinophilInfiltration,Specimen,entity,Observation,DocumentReference,0.8197513818740845,False,biobert,
PercentGranulocyteInfiltration,Specimen,entity,Observation,MedicationAdministration,0.7683964967727661,False,biobert,
PercentInflamInfiltration,Specimen,entity,Observation,DocumentReference,0.825272262096405,False,biobert,
PercentLymphocyteInfiltration,Specimen,entity,Observation,DocumentReference,0.7870211005210876,False,biobert,
PercentMonocyteInfiltration,Specimen,entity,Observation,DocumentReference,0.7828933596611023,False,biobert,
PercentNecrosis,Specimen,entity,Observation,DocumentReference,0.8225399851799011,False,biobert,
PercentNeutrophilInfiltration,Specimen,entity,Observation,MedicationAdministration,0.7790993452072144,False,biobert,
PercentNormalCells,Specimen,entity,Observation,DocumentReference,0.8098006248474121,False,biobert,
PercentStromalCells,Specimen,entity,Observation,DocumentReference,0.8368287682533264,False,biobert,
PercentTumorCells,Specimen,entity,Observation,DocumentReference,0.8273758888244629,False,biobert,
PercentTumorNuclei,Specimen,entity,Observation,DocumentReference,0.7703797817230225,False,biobert,
FiducialMarker,Specimen,entity,Observation,DocumentReference,0.8416732549667358,False,biobert,
SlicingMethod,Specimen,entity,Observation,DocumentReference,0.8396782875061035,False,biobert,
LysisBuffer,Specimen,entity,Observation,DocumentReference,0.8317483067512512,False,biobert,
MethodofNucleicAcidIsolation,Specimen,entity,Observation,DocumentReference,0.8283178806304932,False,biobert,
IschemicTime,Specimen,entity,Observation,MedicationAdministration,0.7809944152832031,False,biobert,
IschemicTemperature,Specimen,entity,Observation,DocumentReference,0.8073254823684692,False,biobert,
HistologicMorphologyCode,Specimen,entity,Observation,MedicationAdministration,0.7999361157417297,False,biobert,
PreservationMethod,Specimen,entity,Specimen,DocumentReference,0.8222360014915466,False,biobert,
NucleicAcidSource,DocumentReference,entity,Observation,DocumentReference,0.8413390517234802,False,biobert,
CryopreservedCellsinSample,DocumentReference,entity,Observation,DocumentReference,0.7873936891555786,False,biobert,
SingleCellIsolationMethod,DocumentReference,entity,Observation,MedicationAdministration,0.8133499026298523,False,biobert,
DissociationMethod,DocumentReference,entity,Observation,MedicationAdministration,0.7866141200065613,False,biobert,
LibraryConstructionMethod,DocumentReference,entity,Observation,DocumentReference,0.8610877990722656,False,biobert,
ReadIndicator,DocumentReference,entity,Observation,MedicationAdministration,0.8588047623634338,False,biobert,
Read1,DocumentReference,entity,Observation,Medication,0.8861738443374634,False,biobert,
Read2,DocumentReference,entity,Observation,Medication,0.8833820819854736,False,biobert,
EndBias,DocumentReference,entity,Observation,DocumentReference,0.7940676212310791,False,biobert,
ReverseTranscriptionPrimer,DocumentReference,entity,Observation,DocumentReference,0.780067503452301,False,biobert,
SpikeIn,DocumentReference,entity,Observation,Medication,0.8815919160842896,False,biobert,
SequencingPlatform,DocumentReference,entity,Device,ServiceRequest,0.8391166925430298,False,biobert,
TotalNumberofInputCells,DocumentReference,entity,Observation,DocumentReference,0.8557844161987305,False,biobert,
InputCellsandNuclei,DocumentReference,entity,Observation,DocumentReference,0.8159646391868591,False,biobert,
LibraryPreparationDaysfromIndex,DocumentReference,entity,Observation,DocumentReference,0.8319526314735413,False,biobert,
SingleCellDissociationDaysfromIndex,DocumentReference,entity,Observation,ServiceRequest,0.8011505007743835,False,biobert,
SequencingLibraryConstructionDaysfromIndex,DocumentReference,entity,Observation,ServiceRequest,0.8426326513290405,False,biobert,
NucleicAcidCaptureDaysfromIndex,DocumentReference,entity,Observation,DocumentReference,0.8132472038269043,False,biobert,
TechnicalReplicateGroup,DocumentReference,entity,Observation,DocumentReference,0.8736992478370667,False,biobert,
ScRNAseqWorkflowType,DocumentReference,entity,Observation,DocumentReference,0.8337522745132446,False,biobert,
WorkflowVersion,DocumentReference,entity,Observation,DocumentReference,0.8324533104896545,False,biobert,
ScRNAseqWorkflowParametersDescription,DocumentReference,entity,Observation,DocumentReference,0.834906816482544,False,biobert,
WorkflowLink,DocumentReference,entity,Observation,DocumentReference,0.8242735266685486,False,biobert,
GenomicReference,DocumentReference,entity,Observation,DocumentReference,0.8809876441955566,False,biobert,
GenomicReferenceURL,DocumentReference,entity,Observation,DocumentReference,0.878667950630188,False,biobert,
GenomeAnnotationURL,DocumentReference,entity,Observation,DocumentReference,0.8165776133537292,False,biobert,
WhitelistCellBarcodeFileLink,DocumentReference,entity,Observation,DocumentReference,0.8629621863365173,False,biobert,
CellBarcodeTag,DocumentReference,entity,Observation,DocumentReference,0.8676995038986206,False,biobert,
UMITag,DocumentReference,entity,Observation,DocumentReference,0.7906098365783691,False,biobert,
AppliedHardTrimming,DocumentReference,entity,Observation,DocumentReference,0.8403571844100952,False,biobert,
DataCategory,DocumentReference,entity,DocumentReference,DocumentReference,0.8719151020050049,True,biobert,
MatrixType,DocumentReference,entity,Observation,Observation,0.8504980206489563,True,biobert,
LinkedMatrices,DocumentReference,entity,Observation,DocumentReference,0.8270500898361206,False,biobert,
CellMedianNumberReads,DocumentReference,entity,Observation,DocumentReference,0.8362953662872314,False,biobert,
CellMedianNumberGenes,DocumentReference,entity,Observation,DocumentReference,0.786001443862915,False,biobert,
CellTotal,DocumentReference,entity,Observation,MedicationAdministration,0.8235427141189575,False,biobert,
Slide-seqLevel3,DocumentReference,entity,Observation,ServiceRequest,0.83625727891922,False,biobert,
SequencingBatchID,DocumentReference,entity,Observation,DocumentReference,0.839564323425293,False,biobert,
Slide-seqBeadFileType,DocumentReference,entity,Observation,DocumentReference,0.8396642208099365,False,biobert,
Slide-seqFragmentSize,DocumentReference,entity,Observation,DocumentReference,0.8519132137298584,False,biobert,
BulkRNA-seqLevel1,DocumentReference,entity,DocumentReference,ServiceRequest,0.8392291069030762,False,biobert,
LibraryLayout,DocumentReference,entity,Observation,DocumentReference,0.8459559679031372,False,biobert,
Micro-regionSeqPlatform,DocumentReference,entity,Observation,DocumentReference,0.8513608574867249,False,biobert,
ROITag,DocumentReference,entity,Observation,DocumentReference,0.8493221402168274,False,biobert,
ReadLength,DocumentReference,entity,Observation,DocumentReference,0.8391571640968323,False,biobert,
LibrarySelectionMethod,DocumentReference,entity,Observation,DocumentReference,0.8276297450065613,False,biobert,
LibraryPreparationKitName,DocumentReference,entity,Observation,ServiceRequest,0.8012163639068604,False,biobert,
LibraryPreparationKitVendor,DocumentReference,entity,Observation,ServiceRequest,0.8380059003829956,False,biobert,
LibraryPreparationKitVersion,DocumentReference,entity,Observation,ServiceRequest,0.8105568289756775,False,biobert,
AdapterName,DocumentReference,entity,Observation,DocumentReference,0.8580383658409119,False,biobert,
AdapterSequence,DocumentReference,entity,Observation,DocumentReference,0.8498097658157349,False,biobert,
BaseCallerName,DocumentReference,entity,Observation,DocumentReference,0.8515650033950806,False,biobert,
BaseCallerVersion,DocumentReference,entity,Observation,DocumentReference,0.8463048934936523,False,biobert,
FlowCellBarcode,DocumentReference,entity,Observation,DocumentReference,0.856165885925293,False,biobert,
FragmentMaximumLength,DocumentReference,entity,Observation,DocumentReference,0.8372441530227661,False,biobert,
FragmentMeanLength,DocumentReference,entity,Observation,ServiceRequest,0.8535659313201904,False,biobert,
FragmentMinimumLength,DocumentReference,entity,Observation,DocumentReference,0.8379176259040833,False,biobert,
FragmentStandardDeviationLength,DocumentReference,entity,Observation,DocumentReference,0.8358831405639648,False,biobert,
LaneNumber,DocumentReference,entity,Observation,DocumentReference,0.8635662198066711,False,biobert,
LibraryStrand,DocumentReference,entity,Observation,DocumentReference,0.8909516930580139,False,biobert,
MultiplexBarcode,DocumentReference,entity,Observation,DocumentReference,0.8485273122787476,False,biobert,
SizeSelectionRange,DocumentReference,entity,Observation,DocumentReference,0.856557309627533,False,biobert,
TargetDepth,DocumentReference,entity,Observation,DocumentReference,0.8759598731994629,False,biobert,
ToTrimAdapterSequence,DocumentReference,entity,Observation,DocumentReference,0.8122863173484802,False,biobert,
TranscriptIntegrityNumber,DocumentReference,entity,Observation,DocumentReference,0.8717052936553955,False,biobert,
RIN,DocumentReference,entity,Observation,Medication,0.8878036737442017,False,biobert,
AdapterContent,DocumentReference,entity,Observation,DocumentReference,0.8266577124595642,False,biobert,
BasicStatistics,DocumentReference,entity,Observation,DocumentReference,0.8166216015815735,False,biobert,
Encoding,DocumentReference,entity,Observation,Medication,0.9561794996261597,False,biobert,
OverrepresentedSequences,DocumentReference,entity,Observation,DocumentReference,0.7998290061950684,False,biobert,
PerBaseNContent,DocumentReference,entity,Observation,DocumentReference,0.8564033508300781,False,biobert,
PerBaseSequenceContent,DocumentReference,entity,Observation,DocumentReference,0.8166816830635071,False,biobert,
PerBaseSequenceQuality,DocumentReference,entity,Observation,DocumentReference,0.8495677709579468,False,biobert,
PerSequenceGCContent,DocumentReference,entity,Observation,DocumentReference,0.8228031396865845,False,biobert,
PerSequenceQualityScore,DocumentReference,entity,Observation,ServiceRequest,0.856891393661499,False,biobert,
PerTileSequenceQuality,DocumentReference,entity,Observation,DocumentReference,0.8279707431793213,False,biobert,
PercentGCContent,DocumentReference,entity,Observation,DocumentReference,0.8199288845062256,False,biobert,
SequenceDuplicationLevels,DocumentReference,entity,Observation,DocumentReference,0.8685412406921387,False,biobert,
SequenceLengthDistribution,DocumentReference,entity,Observation,DocumentReference,0.8344902396202087,False,biobert,
TotalReads,DocumentReference,entity,Observation,DocumentReference,0.8695031404495239,False,biobert,
QCWorkflowType,DocumentReference,entity,Observation,DocumentReference,0.8726099729537964,False,biobert,
QCWorkflowVersion,DocumentReference,entity,Observation,DocumentReference,0.8654768466949463,False,biobert,
QCWorkflowLink,DocumentReference,entity,Observation,DocumentReference,0.8559461236000061,False,biobert,
AlignmentWorkflowType,DocumentReference,entity,Observation,DocumentReference,0.8308954834938049,False,biobert,
IndexFileName,DocumentReference,entity,Observation,DocumentReference,0.8388499021530151,False,biobert,
AverageBaseQuality,DocumentReference,entity,Observation,DocumentReference,0.8462311625480652,False,biobert,
AverageInsertSize,DocumentReference,entity,Observation,DocumentReference,0.8530148267745972,False,biobert,
AverageReadLength,DocumentReference,entity,Observation,DocumentReference,0.7623637318611145,False,biobert,
Contamination,DocumentReference,entity,Observation,Medication,0.9316031336784363,False,biobert,
ContaminationError,DocumentReference,entity,Observation,DocumentReference,0.7997797727584839,False,biobert,
MeanCoverage,DocumentReference,entity,Observation,DocumentReference,0.8441417217254639,False,biobert,
MSIWorkflowLink,DocumentReference,entity,Observation,DocumentReference,0.8744100332260132,False,biobert,
MSIScore,DocumentReference,entity,Observation,DocumentReference,0.8385486006736755,False,biobert,
MSIStatus,DocumentReference,entity,Observation,DocumentReference,0.8408523797988892,False,biobert,
PairsOnDiffCHR,DocumentReference,entity,Observation,DocumentReference,0.783797025680542,False,biobert,
TotalUniquelyMapped,DocumentReference,entity,Observation,DocumentReference,0.8478870987892151,False,biobert,
TotalUnmappedreads,DocumentReference,entity,Observation,DocumentReference,0.8430924415588379,False,biobert,
ProportionReadsDuplicated,DocumentReference,entity,Observation,DocumentReference,0.8306883573532104,False,biobert,
ProportionReadsMapped,DocumentReference,entity,Observation,DocumentReference,0.8359376192092896,False,biobert,
ProportionTargetsNoCoverage,DocumentReference,entity,Observation,DocumentReference,0.8368513584136963,False,biobert,
ProportionBaseMismatch,DocumentReference,entity,Observation,DocumentReference,0.8500006794929504,False,biobert,
ShortReads,DocumentReference,entity,Observation,DocumentReference,0.8363822102546692,False,biobert,
Islowestlevel,DocumentReference,entity,Observation,DocumentReference,0.8233736753463745,False,biobert,
TargetCaptureKit,DocumentReference,entity,Observation,DocumentReference,0.8119296431541443,False,biobert,
ProportionCoverage10x,DocumentReference,entity,Observation,DocumentReference,0.8270854353904724,False,biobert,
ProportionCoverage30X,DocumentReference,entity,Observation,DocumentReference,0.8514910936355591,False,biobert,
GermlineVariantsWorkflowURL,DocumentReference,entity,Observation,DocumentReference,0.801483690738678,False,biobert,
GermlineVariantsWorkflowType,DocumentReference,entity,Observation,DocumentReference,0.800358772277832,False,biobert,
SomaticVariantsWorkflowURL,DocumentReference,entity,Observation,DocumentReference,0.8504734039306641,False,biobert,
SomaticVariantsWorkflowType,DocumentReference,entity,Observation,DocumentReference,0.834621787071228,False,biobert,
SomaticVariantsSampleType,DocumentReference,entity,Observation,DocumentReference,0.8476852178573608,False,biobert,
StructuralVariantWorkflowURL,DocumentReference,entity,Observation,DocumentReference,0.8645340204238892,False,biobert,
StructuralVariantWorkflowType,DocumentReference,entity,Observation,DocumentReference,0.8719604015350342,False,biobert,
SpikeInConcentration,DocumentReference,entity,Observation,DocumentReference,0.8384174108505249,False,biobert,
EmptyWellBarcode,DocumentReference,entity,Observation,ServiceRequest,0.8641019463539124,False,biobert,
WellIndex,DocumentReference,entity,Observation,DocumentReference,0.8408536314964294,False,biobert,
FeatureReferenceId,DocumentReference,entity,Observation,DocumentReference,0.8753387928009033,False,biobert,
ImagingAssayType,DocumentReference,entity,ServiceRequest,DocumentReference,0.7999808192253113,False,biobert,
SoftwareandVersion,DocumentReference,entity,Observation,DocumentReference,0.8726506233215332,False,biobert,
CommitSHA,DocumentReference,entity,Observation,DocumentReference,0.8532804250717163,False,biobert,
Comment,,entity,Observation,Specimen,0.9588030576705933,False,biobert,
ChannelMetadataFilename,DocumentReference,entity,Observation,DocumentReference,0.8334438800811768,False,biobert,
Microscope,DocumentReference,entity,Observation,Observation,0.8043169975280762,True,biobert,
Objective,DocumentReference,entity,Observation,Specimen,0.9452054500579834,False,biobert,
NominalMagnification,DocumentReference,entity,Observation,DocumentReference,0.8703014850616455,False,biobert,
LensNA,DocumentReference,entity,Observation,Observation,0.8820648789405823,True,biobert,
WorkingDistance,DocumentReference,entity,Observation,DocumentReference,0.8566855192184448,False,biobert,
WorkingDistanceUnit,DocumentReference,entity,Observation,DocumentReference,0.8261486291885376,False,biobert,
Immersion,DocumentReference,entity,Observation,MedicationAdministration,0.8279982209205627,False,biobert,
Pyramid,DocumentReference,entity,Observation,Observation,0.9500130414962769,True,biobert,
Zstack,DocumentReference,entity,Observation,DocumentReference,0.8560323715209961,False,biobert,
Tseries,DocumentReference,entity,Observation,DocumentReference,0.8313542604446411,False,biobert,
PassedQC,DocumentReference,entity,Observation,DocumentReference,0.8728864192962646,False,biobert,
FOVnumber,DocumentReference,entity,Observation,DocumentReference,0.8435155749320984,False,biobert,
FOVX,DocumentReference,entity,Observation,DocumentReference,0.8134592771530151,False,biobert,
FOVXUnit,DocumentReference,entity,Observation,DocumentReference,0.8543882369995117,False,biobert,
FOVY,DocumentReference,entity,Observation,Specimen,0.7962190508842468,False,biobert,
FOVYUnit,DocumentReference,entity,Observation,DocumentReference,0.8230406641960144,False,biobert,
FrameAveraging,DocumentReference,entity,Observation,DocumentReference,0.9018504023551941,False,biobert,
ImageID,DocumentReference,entity,Observation,Observation,0.8625876307487488,True,biobert,
DimensionOrder,DocumentReference,entity,Observation,DocumentReference,0.8483890295028687,False,biobert,
PhysicalSizeX,DocumentReference,entity,Observation,DocumentReference,0.8516740798950195,False,biobert,
PhysicalSizeXUnit,DocumentReference,entity,Observation,DocumentReference,0.8650209903717041,False,biobert,
PhysicalSizeY,DocumentReference,entity,Observation,DocumentReference,0.8437317609786987,False,biobert,
PhysicalSizeYUnit,DocumentReference,entity,Observation,ServiceRequest,0.8687950968742371,False,biobert,
PhysicalSizeZ,DocumentReference,entity,Observation,DocumentReference,0.8538784980773926,False,biobert,
PhysicalSizeZUnit,DocumentReference,entity,Observation,DocumentReference,0.7446677684783936,False,biobert,
PixelsBigEndian,DocumentReference,entity,Observation,DocumentReference,0.8514077663421631,False,biobert,
PlaneCount,DocumentReference,entity,Observation,DocumentReference,0.8857178092002869,False,biobert,
SizeC,DocumentReference,entity,Observation,Observation,0.8646132946014404,True,biobert,
SizeT,DocumentReference,entity,Observation,Observation,0.8687343597412109,True,biobert,
SizeX,DocumentReference,entity,Observation,Observation,0.8612449765205383,True,biobert,
SizeY,DocumentReference,entity,Observation,Condition,0.8650156855583191,False,biobert,
SizeZ,DocumentReference,entity,Observation,Observation,0.8789572715759277,True,biobert,
PixelType,DocumentReference,entity,Observation,DocumentReference,0.7974008321762085,False,biobert,
MERFISHPositionsFile,DocumentReference,entity,Observation,DocumentReference,0.8480052947998047,False,biobert,
MERFISHCodebookFile,DocumentReference,entity,Observation,DocumentReference,0.8663442730903625,False,biobert,
ImagingSegmentationDataType,DocumentReference,entity,Observation,DocumentReference,0.8528168201446533,False,biobert,
Parameterfile,DocumentReference,entity,Observation,DocumentReference,0.8707543015480042,False,biobert,
ImagingObjectClass,DocumentReference,entity,Observation,DocumentReference,0.8694848418235779,False,biobert,
NumberofObjects,DocumentReference,entity,Observation,DocumentReference,0.8626330494880676,False,biobert,
HTANParentChannelMetadataID,DocumentReference,entity,Observation,DocumentReference,0.8214245438575745,False,biobert,
UMIBarcodeOffset,DocumentReference,entity,Observation,DocumentReference,0.8390715718269348,False,biobert,
UMIBarcodeLength,DocumentReference,entity,Observation,DocumentReference,0.8281656503677368,False,biobert,
AlignedReadLength,DocumentReference,entity,Observation,DocumentReference,0.8589715957641602,False,biobert,
NumberofFeatures,DocumentReference,entity,Observation,DocumentReference,0.8251590132713318,False,biobert,
ImagingSummaryStatistic,DocumentReference,entity,Observation,DocumentReference,0.8074226379394531,False,biobert,
10XGenomicsXeniumISSExperiment,DocumentReference,entity,ServiceRequest,DocumentReference,0.8058876395225525,False,biobert,
AnalyteType,Specimen,entity,Specimen,Identifier,0.7621289491653442,False,biobert,
ImagingObjectClassDescription,DocumentReference,entity,Observation,DocumentReference,0.8732743263244629,False,biobert,
CDNAOffset,DocumentReference,entity,Observation,DocumentReference,0.8658849000930786,False,biobert,
CDNALength,DocumentReference,entity,Observation,DocumentReference,0.831681489944458,False,biobert,
MedianUMIsperCellNumber,DocumentReference,entity,Observation,DocumentReference,0.8575783371925354,False,biobert,
CellBarcodeOffset,DocumentReference,entity,Observation,DocumentReference,0.8782515525817871,False,biobert,
CellBarcodeLength,DocumentReference,entity,Observation,DocumentReference,0.8845420479774475,False,biobert,
ValidBarcodesCellNumber,DocumentReference,entity,Observation,DocumentReference,0.8495526909828186,False,biobert,
CustomGermlineVariantsWorkflowType,DocumentReference,entity,Observation,DocumentReference,0.8092655539512634,False,biobert,
CustomSomaticVariantsWorkflowType,DocumentReference,entity,Observation,DocumentReference,0.8218777775764465,False,biobert,
CustomStructuralVariantWorkflowType,DocumentReference,entity,Observation,DocumentReference,0.8306023478507996,False,biobert,
CustomAlignmentWorkflow,DocumentReference,entity,Observation,DocumentReference,0.7729238867759705,False,biobert,
FixationDuration,Specimen,entity,Observation,DocumentReference,0.8571895360946655,False,biobert,
SlideChargeType,Specimen,entity,Observation,ServiceRequest,0.8366044759750366,False,biobert,
SectionThicknessValue,Specimen,entity,Observation,ServiceRequest,0.8203698396682739,False,biobert,
SectioningDaysfromIndex,Specimen,entity,Observation,ServiceRequest,0.8300113677978516,False,biobert,
ShippingConditionType,Specimen,entity,Observation,DocumentReference,0.8540236353874207,False,biobert,
SpecimenLaterality,Specimen,entity,Observation,DocumentReference,0.8285210132598877,False,biobert,
PortionWeight,Specimen,entity,Observation,DocumentReference,0.8240396976470947,False,biobert,
TotalVolume,Specimen,entity,Observation,DocumentReference,0.7853677272796631,False,biobert,
TumorTissueType,Specimen,entity,Observation,DocumentReference,0.8444249629974365,False,biobert,
BiospecimenDimension1,Specimen,entity,Observation,DocumentReference,0.8502974510192871,False,biobert,
BiospecimenDimension2,Specimen,entity,Observation,DocumentReference,0.8559616804122925,False,biobert,
BiospecimenDimension3,Specimen,entity,Observation,DocumentReference,0.8583451509475708,False,biobert,
SectionNumberinSequence,Specimen,entity,Observation,DocumentReference,0.8601946830749512,False,biobert,
AcquisitionMethodOtherSpecify,Specimen,entity,Observation,DocumentReference,0.8245649933815002,False,biobert,
TotalVolumeUnit,Specimen,entity,Observation,DocumentReference,0.8392460346221924,False,biobert,
DimensionsUnit,Specimen,entity,Observation,DocumentReference,0.8394585847854614,False,biobert,
YearofDeath,Patient,entity,Observation,ServiceRequest,0.8440732955932617,False,biobert,
CauseofDeath,Patient,entity,Observation,DocumentReference,0.8447226881980896,False,biobert,
CauseofDeathSource,Patient,entity,Observation,DocumentReference,0.8298804759979248,False,biobert,
DaystoDeath,Patient,entity,Observation,DocumentReference,0.862074613571167,False,biobert,
MedicallyUnderservedScore,Patient,entity,Observation,DocumentReference,0.7978111505508423,False,biobert,
RelationshipGender,Patient,entity,Observation,DocumentReference,0.8822047114372253,False,biobert,
RelationshipAgeatDiagnosis,Patient,entity,Observation,DocumentReference,0.8169934749603271,False,biobert,
RelationshipPrimaryDiagnosis,Patient,entity,Observation,DocumentReference,0.8204438090324402,False,biobert,
RelationshipType,Patient,entity,Observation,Condition,0.8763922452926636,False,biobert,
RelativeswithCancerHistoryCount,Patient,entity,Observation,MedicationAdministration,0.7736071348190308,False,biobert,
CigarettesperDay,Patient,entity,Observation,ServiceRequest,0.8051761388778687,False,biobert,
SmokingFrequency,Patient,entity,Observation,DocumentReference,0.7171056270599365,False,biobert,
TypeofSmokeExposure,Patient,entity,Observation,MedicationAdministration,0.8322848081588745,False,biobert,
TimebetweenWakingandFirstSmoke,Patient,entity,Observation,ServiceRequest,0.7725902795791626,False,biobert,
TobaccoSmokingOnsetYear,Patient,entity,Observation,DocumentReference,0.8324339389801025,False,biobert,
TobaccoSmokingQuitYear,Patient,entity,Observation,DocumentReference,0.84223473072052,False,biobert,
TobaccoSmokingStatus,Patient,entity,Observation,DocumentReference,0.8167910575866699,False,biobert,
TypeofTobaccoUsed,Patient,entity,Observation,DocumentReference,0.8337661027908325,False,biobert,
SecondhandSmokeasChild,Patient,entity,Observation,MedicationAdministration,0.8035262227058411,False,biobert,
SmokeExposureDuration,Patient,entity,Observation,MedicationAdministration,0.8222824335098267,False,biobert,
TobaccoUseperDay,Patient,entity,Observation,ServiceRequest,0.8558262586593628,False,biobert,
SmokelessTobaccoQuitAge,Patient,entity,Observation,DocumentReference,0.8221461176872253,False,biobert,
AlcoholDaysPerWeek,Patient,entity,Observation,DocumentReference,0.8684728145599365,False,biobert,
AlcoholDrinksPerDay,Patient,entity,Observation,DocumentReference,0.8075617551803589,False,biobert,
AlcoholHistory,Patient,entity,Observation,DocumentReference,0.8861374855041504,False,biobert,
AlcoholIntensity,Patient,entity,Observation,DocumentReference,0.8237338066101074,False,biobert,
AlcoholType,Patient,entity,Observation,Medication,0.8875804543495178,False,biobert,
MarijuanaUsePerWeek,Patient,entity,Observation,ServiceRequest,0.8432037234306335,False,biobert,
DaystoProgression,Patient,entity,Observation,DocumentReference,0.8197295069694519,False,biobert,
ProgressionorRecurrenceType,Patient,entity,Observation,DocumentReference,0.8412604331970215,False,biobert,
ProgressionorRecurrenceAnatomicSite,Patient,entity,Observation,DocumentReference,0.8435066938400269,False,biobert,
Publication-associatedHTANParentDataFileID,DocumentReference,entity,Identifier,DocumentReference,0.8728005886077881,False,biobert,
DataType,DocumentReference,entity,ServiceRequest,Observation,0.8758882880210876,False,biobert,
AtlasName,ResearchStudy,entity,ResearchStudy,Identifier,0.8032678365707397,False,biobert,
ResidualDisease,Patient,entity,Observation,DocumentReference,0.8663493394851685,False,biobert,
Yes-AnaplasiaPresent,Patient,entity,Observation,DocumentReference,0.8143103718757629,False,biobert,
Yes-VascularInvasionPresent,Patient,entity,Observation,DocumentReference,0.8264458179473877,False,biobert,
Dead,Patient,entity,Observation,Specimen,0.922575831413269,False,biobert,
Level,DocumentReference,entity,DocumentReference,Medication,0.934803307056427,False,biobert,
Organ,Patient,entity,Observation,Medication,0.9570754766464233,False,biobert,
Treatment,MedicationAdministration,entity,DocumentReference,Medication,0.9614942073822021,False,biobert,
DataAccess,DocumentReference,entity,DocumentReference,DocumentReference,0.8925055861473083,True,biobert,
SynapseId,DocumentReference,entity,Identifier,MedicationAdministration,0.7547125816345215,False,biobert,
Atlasid,ResearchStudy,entity,Identifier,Condition,0.8179907202720642,False,biobert,
DataFileID,DocumentReference,entity,Identifier,DocumentReference,0.8840528726577759,False,biobert,
ParticipantID,Patient,entity,Identifier,Observation,0.9006802439689636,False,biobert,
ParentBiospecimenID,Specimen,entity,Identifier,MedicationAdministration,0.8048771023750305,False,biobert,
PublicationIds,DocumentReference,entity,Observation,DocumentReference,0.8522148132324219,False,biobert,
IsRawSequencing,DocumentReference,entity,Observation,DocumentReference,0.8673310875892639,False,biobert,
ReleaseVersion,DocumentReference,entity,Observation,Observation,0.8423116207122803,True,biobert,
ParentDataFileID,DocumentReference,entity,DocumentReference,DocumentReference,0.8825649619102478,True,biobert,
Metadata,DocumentReference,entity,Observation,Device,0.8645333647727966,False,biobert,
View,DocumentReference,entity,Observation,Medication,0.9539034366607666,False,biobert,
AnalyteBiospecimenType,Specimen,entity,Observation,DocumentReference,0.852806568145752,False,biobert,
BloodBiospecimenType,Specimen,entity,Observation,DocumentReference,0.8376855850219727,False,biobert,
BoneMarrowBiospecimenType,Specimen,entity,Observation,DocumentReference,0.8398585319519043,False,biobert,
OtherAcquisitionMethod,Specimen,entity,Observation,DocumentReference,0.856734037399292,False,biobert,
TissueBiospecimenType,Specimen,entity,Observation,DocumentReference,0.8454533219337463,False,biobert,
UrineBiospecimenType,Specimen,entity,Observation,DocumentReference,0.8305893540382385,False,biobert,
entityId,Specimen,entity,Observation,Observation,0.8819128274917603,True,biobert,
YearofDiagnosis,Patient,field,Observation.valueString,ResearchStudyProgressStatus.actual,0.8635796904563904,False,biobert,
ReverseTranscriptionPrimer,DocumentReference,field,Observation.component,Observation.analyte.ribosomal_rna_28s_16s_ratio,0.8219071626663208,False,biobert,
PerBaseNContent,DocumentReference,field,Observation.component,ResearchStudyProgressStatus.actual,0.8957628011703491,False,biobert,
TobaccoSmokingStatus,Patient,field,Observation.valueString,MedicationAdministration.statusReason,0.8577675819396973,False,biobert,
alcohol_intensity,exposures,field,Observation.patient.alcohol_intensity,Observation.patient.alcohol_history,0.8697330951690674,False,biobert,
MountingMedium,Specimen,field,Observation.component,Observation.valueInteger,0.8491312861442566,False,biobert,
TotalReads,DocumentReference,field,Observation.component,Observation.valueInteger,0.8797001838684082,False,biobert,
KarnofskyPerformanceStatus,Patient,field,Observation.valueString,ResearchStudyProgressStatus.actual,0.8407225608825684,False,biobert,
years_smoked,exposures,field,Observation.patient.years_smoked,Observation.patient.years_smoked,0.8617360591888428,True,biobert,
RelativewithCancerHistory,Patient,field,Observation.valueString,Observation.valueInteger,0.8693398237228394,False,biobert,
slide_ids,case,field,ImagingStudy.id,cases_submitter_id,0.9119551181793213,False,biobert,
PhysicalSizeX,DocumentReference,field,Observation.component,ResearchStudyProgressStatus.actual,0.8723521828651428,False,biobert,
days_to_death,demographic,field,Observation.survey.days_to_death,Observation.survey.days_to_death,0.9217251539230347,True,biobert,
aliquot_id,cases.samples.portions.analytes.aliquots,field,Specimen.identifier,Observation.aliquot.analyte_type,0.9168564081192017,False,biobert,
created_datetime,file,field,DocumentReference.date,Observation.DocumentReference.created_datetime,0.9165414571762085,False,biobert,
AlignmentWorkflowType,DocumentReference,field,Observation.component,DocumentReference.category.workflow_type,0.8798803687095642,False,biobert,
PercentTumorNuclei,Specimen,field,Observation.component,Observation.valueInteger,0.846237301826477,False,biobert,
ImagingType,Patient,field,Observation.valueString,Observation.code,0.8644343614578247,False,biobert,
DaystoImaging,Patient,field,Observation.valueQuantity,Observation.valueQuantity,0.831244945526123,True,biobert,
is_ffpe,samples,field,Observation.sample.is_ffpe,Observation.portions.is_ffpe,0.9351873993873596,False,biobert,
DaystoAdverseEvent,Patient,field,Observation.valueQuantity,ResearchStudyProgressStatus.actual,0.7936075925827026,False,biobert,
age_at_diagnosis,diagnoses,field,Condition.onsetAge,Observation.survey.days_to_last_known_disease_status,0.885525643825531,False,biobert,
portion_id,samples.portions,field,Specimen.identifier,cases_submitter_id,0.8851907849311829,False,biobert,
CustomAlignmentWorkflow,DocumentReference,field,Observation.component,DocumentReference.category.workflow_type,0.8735537528991699,False,biobert,
AlcoholType,Patient,field,Observation.valueString,Condition.id,0.8617908358573914,False,biobert,
AlcoholDaysPerWeek,Patient,field,Observation.valueString,DocumentReference.version,0.877960205078125,False,biobert,
no_matched_normal_targeted_sequencing,samples.portions.analytes.aliquots,field,Observation.aliquot.no_matched_normal_targeted_sequencing,Observation.aliquot.no_matched_normal_targeted_sequencing,0.9363273978233337,True,biobert,
name,program,field,ResearchStudy.name,Organization.name,0.8399074673652649,False,biobert,
DLCORefPredictivePercent,Patient,field,Observation.valueString,ResearchStudyProgressStatus.actual,0.8843871355056763,False,biobert,
year_of_birth,demographic,field,Patient.birthDate,Observation.survey.days_to_birth,0.9034856557846069,False,biobert,
YearsSmoked,Patient,field,Observation.code,Observation.code,0.8506709337234497,True,biobert,
QCWorkflowType,DocumentReference,field,Observation.component,DocumentReference.category.workflow_type,0.8918575048446655,False,biobert,
primary_diagnosis,diagnoses,field,Condition.code_primary_diagnosis,Condition.clinicalStatus,0.8690585494041443,False,biobert,
NominalMagnification,DocumentReference,field,Observation.component,DocumentReference.version,0.8814471960067749,False,biobert,
program_id,program,field,ResearchStudy.identifier,DocumentReference.category.data_category,0.871289849281311,False,biobert,
access,file,field,DocumentReference.category.access,Condition.id,0.8584717512130737,False,biobert,
Pyramid,DocumentReference,field,Observation.component,Attachment.title,0.8478129506111145,False,biobert,
FragmentMeanLength,DocumentReference,field,Observation.component,DocumentReference.securityLabel,0.8711330890655518,False,biobert,
TumorInfiltratingLymphocytes,Specimen,field,Observation.component,Observation.valueInteger,0.8313521146774292,False,biobert,
AppliedHardTrimming,DocumentReference,field,Observation.component,Attachment.hash,0.8643952012062073,False,biobert,
IndexFileName,DocumentReference,field,Observation.component,Condition.clinicalStatus,0.8843659162521362,False,biobert,
SynapseId,DocumentReference,field,Identifier.value,Attachment.hash,0.8247894048690796,False,biobert,
LociCount,Patient,field,Observation.valueString,Condition.clinicalStatus,0.8836640119552612,False,biobert,
state,case,field,ResearchSubject.status,Attachment.title,0.8321383595466614,False,biobert,
Antigen,Patient,field,Observation.valueString,Attachment.hash,0.8416739702224731,False,biobert,
target_capture_kit,analysis.metadata.read_groups,field,Observation.DocumentReference.target_capture_kit,Observation.DocumentReference.target_capture_kit_target_region,0.9331686496734619,False,biobert,
TimebetweenWakingandFirstSmoke,Patient,field,Observation.valueString,ResearchStudyProgressStatus.actual,0.8328810930252075,False,biobert,
PlaneCount,DocumentReference,field,Observation.component,DiagnosticReport.issued,0.8952610492706299,False,biobert,
ProgressionorRecurrence,Patient,field,Condition.clinicalStatus,Observation.valueInteger,0.8609952330589294,False,biobert,
CancerIncidence,Patient,field,Observation.valueString,Condition.clinicalStatus,0.8738760948181152,False,biobert,
includes_spike_ins,analysis.metadata.read_groups,field,Observation.DocumentReference.includes_spike_ins,Observation.DocumentReference.includes_spike_ins,0.9087463617324829,True,biobert,
TreatmentType,MedicationAdministration,field,MedicationAdministration.category.text,Patient.gender,0.9002714157104492,False,biobert,
tissue_source_site_id,tissue_source_site,field,Organization.id,Condition.code_primary_diagnosis,0.9156424403190613,False,biobert,
a260_a280_ratio,samples.portions.analytes,field,Observation.analyte.a260_a280_ratio,Observation.analyte.a260_a280_ratio,0.9297263622283936,True,biobert,
AlcoholHistory,Patient,field,Observation.valueString,Observation.valueInteger,0.8825317025184631,False,biobert,
case_id,cases,field,Patient.identifier,cases_submitter_id,0.9109265804290771,False,biobert,
Read2,DocumentReference,field,Observation.component,Patient.id,0.8851266503334045,False,biobert,
HTANBiospecimenID,Specimen,field,Identifier.value,ResearchStudyProgressStatus.actual,0.8882243633270264,False,biobert,
ScRNAseqWorkflowParametersDescription,DocumentReference,field,Observation.component,ResearchStudyProgressStatus.actual,0.8959985971450806,False,biobert,
FrameAveraging,DocumentReference,field,Observation.component,DocumentReference.category,0.892044186592102,False,biobert,
selected_normal_wxs,samples.portions.analytes.aliquots,field,Observation.aliquot.selected_normal_wxs,Observation.DocumentReference.fragment_mean_length,0.9086467027664185,False,biobert,
FragmentStandardDeviationLength,DocumentReference,field,Observation.component,Observation.valueInteger,0.8958665728569031,False,biobert,
FEV1FVCPreBronchPercent,Patient,field,Observation.valueQuantity,ResearchStudyProgressStatus.actual,0.8961361646652222,False,biobert,
Height,Patient,field,Observation.valueQuantity,Patient.gender,0.8349533081054688,False,biobert,
SpecimenLaterality,Specimen,field,Observation.component,DocumentReference.component,0.8541070818901062,False,biobert,
AdverseEventGrade,Patient,field,Observation.valueString,Observation.valueInteger,0.9085888862609863,False,biobert,
slide_id,samples.portions.slides,field,ImagingStudy.id,cases_submitter_id,0.9083449840545654,False,biobert,
NumberofFeatures,DocumentReference,field,Observation.component,Observation.valueInteger,0.8833127021789551,False,biobert,
HistologyAssessmentBy,Specimen,field,Observation.component,Observation.valueInteger,0.8803391456604004,False,biobert,
sample_id,cases.samples,field,Specimen.identifier,cases_submitter_id,0.9036794304847717,False,biobert,
dbgap_accession_number,project.program,field,ResearchStudy.dbgap_accession_number,ResearchStudy.dbgap_accession_number,0.9646652340888977,True,biobert,
id,samples.portions.analytes.aliquots.center,field,Specimen.aliquot.center_id,Patient.id,0.8441502451896667,False,biobert,
FOVYUnit,DocumentReference,field,Observation.component,Condition.clinicalStatus,0.8673486709594727,False,biobert,
SpikeIn,DocumentReference,field,Observation.component,Patient.gender,0.8630192279815674,False,biobert,
SequenceDuplicationLevels,DocumentReference,field,Observation.component,Observation.valueInteger,0.8850138187408447,False,biobert,
Slide-seqFragmentSize,DocumentReference,field,Observation.component,ResearchStudyProgressStatus.actual,0.887427568435669,False,biobert,
submitter_id,analysis.metadata.read_groups,field,Observation.DocumentReference.submitter_id,cases_submitter_id,0.9407753944396973,False,biobert,
SequenceLengthDistribution,DocumentReference,field,Observation.component,DocumentReference.component,0.8451933860778809,False,biobert,
AdapterName,DocumentReference,field,Observation.component,Observation.valueInteger,0.8634268045425415,False,biobert,
base_caller_version,analysis.metadata.read_groups,field,Observation.DocumentReference.base_caller_version,Observation.DocumentReference.base_caller_version,0.9331960082054138,True,biobert,
IschemicTemperature,Specimen,field,Observation.component,Observation.valueInteger,0.8512691259384155,False,biobert,
DataType,DocumentReference,field,ServiceRequest.supportingInfo.CodeableReference.concept.CodeableConcept.code,Observation.code,0.8723670244216919,False,biobert,
Metadata,DocumentReference,field,Observation.component,Organization.id,0.8811542391777039,False,biobert,
Chewingtobaccodailyusecount,Patient,field,Observation.valueQuantity,ResearchStudyProgressStatus.actual,0.8966265320777893,False,biobert,
ModeofCancerDetection,Patient,field,Observation.valueString,ResearchStudyProgressStatus.actual,0.865096926689148,False,biobert,
DaystoFollowUp,Patient,field,Observation.code,DocumentReference.relatesTo.target,0.8547336459159851,False,biobert,
ParentBiospecimenID,Specimen,field,Identifier.value,Observation.valueInteger,0.8645188808441162,False,biobert,
RespirableCrystallineSilicaExposure,Patient,field,Observation.valueString,ResearchStudyProgressStatus.actual,0.8547810912132263,False,biobert,
CoalDustExposure,Patient,field,Observation.valueString,ResearchStudy.name,0.8319796919822693,False,biobert,
SiteofResectionorBiopsy,Specimen,field,Specimen.bodySite,ResearchStudyProgressStatus.actual,0.9057155251502991,False,biobert,
LysisBuffer,Specimen,field,Observation.component,Observation.valueInteger,0.8894205689430237,False,biobert,
BaseCallerVersion,DocumentReference,field,Observation.component,Extension.valueDateTime,0.873522937297821,False,biobert,
PixelType,DocumentReference,field,Observation.component,Observation.sample.composition,0.8436468839645386,False,biobert,
name,tissue_source_site,field,Organization.name,Organization.name,0.8399074673652649,True,biobert,
primary_site,project,field,Condition.bodySite,Patient.id,0.860066831111908,False,biobert,
PackYearsSmoked,Patient,field,Observation.code,ResearchStudy.name,0.8293932676315308,False,biobert,
file_name,file,field,DocumentReference.Identifier.file_name,DocumentReference.Identifier.file_name,0.8832850456237793,True,biobert,
library_name,analysis.metadata.read_groups,field,Observation.DocumentReference.library_name,Observation.DocumentReference.library_name,0.8949294686317444,True,biobert,
SizeY,DocumentReference,field,Observation.component,Condition.id,0.8717786073684692,False,biobert,
CollectionMedia,Specimen,field,Observation.component,Attachment.size,0.8813879489898682,False,biobert,
NucleicAcidCaptureDaysfromIndex,DocumentReference,field,Observation.component,ResearchStudyProgressStatus.actual,0.8815798759460449,False,biobert,
MolecularConsequence,Patient,field,Observation.valueString,DocumentReference.version,0.8816738128662109,False,biobert,
selected_normal_targeted_sequencing,samples.portions.analytes.aliquots,field,Observation.aliquot.selected_normal_targeted_sequencing,Observation.aliquot.selected_normal_targeted_sequencing,0.93731689453125,True,biobert,
BMI,Patient,field,Observation.valueQuantity,Patient.id,0.8704817295074463,False,biobert,
LociAbnormalCount,Patient,field,Observation.valueString,Observation.valueInteger,0.8902674913406372,False,biobert,
days_to_last_follow_up,diagnoses,field,Observation.survey.days_to_last_follow_up,Observation.survey.days_to_last_follow_up,0.9596118927001953,True,biobert,
file_count,summary.experimental_strategies,field,Extension.valueUnsignedInt,DocumentReference.category.data_category,0.8838784098625183,False,biobert,
DissociationMethod,DocumentReference,field,Observation.component,Observation.analyte.spectrophotometer_method,0.8489619493484497,False,biobert,
LinkedMatrices,DocumentReference,field,Observation.component,DocumentReference.category,0.8286159038543701,False,biobert,
SmokeExposureDuration,Patient,field,Observation.valueString,Observation.valueInteger,0.848522961139679,False,biobert,
icd_10_code,diagnoses,field,Condition.coding_icd_10_code,Condition.coding_icd_10_code,0.9633328914642334,True,biobert,
year_of_death,demographic,field,Patient.deceasedDateTime,Observation.survey.days_to_death,0.907936692237854,False,biobert,
ImagingSummaryStatistic,DocumentReference,field,Observation.component,ResearchStudyProgressStatus.actual,0.8738208413124084,False,biobert,
primary_diagnoses,diagnoses,field,Condition.display,Condition.clinicalStatus,0.8539037704467773,False,biobert,
MSIWorkflowLink,DocumentReference,field,Observation.component,DocumentReference.securityLabel,0.9040063619613647,False,biobert,
dbgap_accession_number,project,field,ResearchStudy.dbgap_accession_number,ResearchStudy.dbgap_accession_number,0.9646652340888977,True,biobert,
FOVXUnit,DocumentReference,field,Observation.component,Observation.valueInteger,0.8990088701248169,False,biobert,
LungCancerTier3,,field,Identifier.value,Observation.valueInteger,0.8378252983093262,False,biobert,
FragmentMinimumLength,DocumentReference,field,Observation.component,Observation.valueInteger,0.8639767169952393,False,biobert,
VitalStatus,Patient,field,Patient.deceasedBoolean,Condition.clinicalStatus,0.9093526005744934,False,biobert,
TissueBiospecimenType,Specimen,field,Observation.component,Observation.valueInteger,0.884655237197876,False,biobert,
SectioningDaysfromIndex,Specimen,field,Observation.component,Observation.valueInteger,0.8821173906326294,False,biobert,
ImagingAssayType,DocumentReference,field,ServiceRequest.code,Observation.analyte.spectrophotometer_method,0.852911651134491,False,biobert,
adapter_name,analysis.metadata.read_groups,field,Observation.DocumentReference.adapter_name,Observation.DocumentReference.adapter_name,0.910266637802124,True,biobert,
released,project,field,ResearchStudyProgressStatus.actual,Attachment.size,0.8537896871566772,False,biobert,
Ethnicity,Patient,field,Patient.extension.valueString,Condition.id,0.8486239910125732,False,biobert,
CellCount,Patient,field,Observation.code,Extension.valueDateTime,0.877525806427002,False,biobert,
Morphology,Patient,field,Observation.code,Attachment.title,0.84636390209198,False,biobert,
PreservationMethod,Specimen,field,Specimen.processing.method,ResearchStudy.name,0.8590013980865479,False,biobert,
Locus,Patient,field,Observation.valueString,Patient.gender,0.7830119132995605,False,biobert,
submitter_sample_ids,case,field,Specimen.identifier,cases_submitter_id,0.9587748050689697,False,biobert,
TreatmentFrequency,MedicationAdministration,field,Observation.valueString,ResearchStudyRecruitment.actualNumber,0.7235603332519531,False,biobert,
ProgressionorRecurrence,Patient,field,Condition.valueString,Observation.valueInteger,0.8609952330589294,False,biobert,
Filename,DocumentReference,field,DocumentReference.content.attachment.extension.valueUrl,Attachment.title,0.8563382625579834,False,biobert,
StructuralVariantWorkflowType,DocumentReference,field,Observation.component,DocumentReference.category,0.8948514461517334,False,biobert,
Weight,Patient,field,Observation.valueQuantity,Patient.gender,0.8478790521621704,False,biobert,
ProportionCoverage30X,DocumentReference,field,Observation.component,DiagnosticReport.issued,0.8681880235671997,False,biobert,
ProportionReadsMapped,DocumentReference,field,Observation.component,Observation.valueInteger,0.8548703789710999,False,biobert,
RefluxTreatmentType,Patient,field,Observation.valueString,MedicationAdministration.occurrenceTiming,0.8774016499519348,False,biobert,
spectrophotometer_method,samples.portions.analytes,field,Observation.analyte.spectrophotometer_method,Observation.analyte.spectrophotometer_method,0.9455408453941345,True,biobert,
RelationshipPrimaryDiagnosis,Patient,field,Observation.valueString,ResearchStudyProgressStatus.actual,0.8893118500709534,False,biobert,
TobaccoSmokingQuitYear,Patient,field,Observation.valueString,DocumentReference.date,0.8719313144683838,False,biobert,
ReleaseVersion,DocumentReference,field,Observation.component,Attachment.size,0.8896955251693726,False,biobert,
Comorbidity,Patient,field,Observation.valueString,MedicationAdministration.occurrenceTiming,0.8102039694786072,False,biobert,
PortionWeight,Specimen,field,Observation.component,Observation.portions.weight,0.8459015488624573,False,biobert,
BiospecimenType,Specimen,field,Specimen.type,Condition.clinicalStatus,0.877526044845581,False,biobert,
is_ffpe,samples.portions,field,Observation.portions.is_ffpe,Observation.portions.is_ffpe,0.9351873993873596,True,biobert,
RiskFactorTreatment,Patient,field,Observation.valueString,ResearchStudyProgressStatus.actual,0.8745275139808655,False,biobert,
library_selection,analysis.metadata.read_groups,field,Observation.DocumentReference.library_selection,Observation.sample.preservation_method,0.8856172561645508,False,biobert,
HPVPositiveType,Patient,field,Observation.valueString,ResearchStudy.status,0.861356258392334,False,biobert,
TumorLargestDimensionDiameter,,field,Observation.valueString,ResearchStudyProgressStatus.actual,0.8978296518325806,False,biobert,
treatment_or_therapy,diagnoses.treatments,field,MedicationAdministration.status,cases_submitter_id,0.8801809549331665,False,biobert,
md5sum,file,field,Attachment.hash,ResearchStudyProgressStatus.actual,0.8724392652511597,False,biobert,
PackYearsSmoked,Patient,field,Observation.valueQuantity.value,ResearchStudy.name,0.8293932676315308,False,biobert,
short_name,samples.portions.analytes.aliquots.center,field,Specimen.aliquot.short_name,Specimen.aliquot.short_name,0.8479070663452148,True,biobert,
OverrepresentedSequences,DocumentReference,field,Observation.component,DiagnosticReport.issued,0.8248900175094604,False,biobert,
Secondhandsmokeexposureyears,Patient,field,Observation.valueQuantity,MedicationAdministration.statusReason,0.8481239676475525,False,biobert,
fragment_minimum_length,analysis.metadata.read_groups,field,Observation.DocumentReference.fragment_minimum_length,Observation.DocumentReference.fragment_minimum_length,0.9236700534820557,True,biobert,
library_preparation_kit_catalog_number,analysis.metadata.read_groups,field,Observation.DocumentReference.library_preparation_kit_catalog_number,Observation.DocumentReference.library_preparation_kit_catalog_number,0.9593461751937866,True,biobert,
TobaccoSmokingOnsetYear,Patient,field,Observation.valueString,ResearchStudyProgressStatus.actual,0.8768654465675354,False,biobert,
TypeofTobaccoUsed,Patient,field,Observation.valueString,ResearchStudyProgressStatus.actual,0.8643224239349365,False,biobert,
Parameterfile,DocumentReference,field,Observation.component,Extension.valueDateTime,0.8630012273788452,False,biobert,
Objective,DocumentReference,field,Observation.component,Patient.id,0.8394758701324463,False,biobert,
SpikeInConcentration,DocumentReference,field,Observation.component,DocumentReference.version,0.8491441011428833,False,biobert,
BasicStatistics,DocumentReference,field,Observation.component,DocumentReference.relatesTo.target,0.8476092219352722,False,biobert,
PercentStromalCells,Specimen,field,Observation.component,DocumentReference.component,0.8775239586830139,False,biobert,
InputCellsandNuclei,DocumentReference,field,Observation.component,ResearchStudyProgressStatus.actual,0.8850452899932861,False,biobert,
PhysicalSizeZUnit,DocumentReference,field,Observation.component,ResearchStudyProgressStatus.actual,0.8110732436180115,False,biobert,
entityId,Specimen,field,Observation.component,Organization.id,0.8136041164398193,False,biobert,
created_datetime,case,field,DiagnosticReport.issued,Observation.DocumentReference.created_datetime,0.9165414571762085,False,biobert,
Microscope,DocumentReference,field,Observation.component,Observation.code,0.8456931114196777,False,biobert,
lane_number,analysis.metadata.read_groups,field,Observation.DocumentReference.lane_number,Observation.DocumentReference.number_expect_cells,0.8784313201904297,False,biobert,
MedicallyUnderservedArea,Patient,field,Observation.valueString,ResearchStudyProgressStatus.actual,0.8464660048484802,False,biobert,
vital_status,demographic,field,Patient.deceasedBoolean,Observation.survey.days_to_death,0.8563624620437622,False,biobert,
PercentNecrosis,Specimen,field,Observation.component,Observation.valueInteger,0.8394590616226196,False,biobert,
DaystoRecurrence,Patient,field,Observation.code,Observation.valueInteger,0.8454861640930176,False,biobert,
GenomicReferenceURL,DocumentReference,field,Observation.component,Extension:extension.USCoreEthnicity,0.9138716459274292,False,biobert,
HereditaryCancerPredispositionSyndrome,Patient,field,Observation.valueString,ResearchStudyProgressStatus.actual,0.8551161885261536,False,biobert,
CustomSomaticVariantsWorkflowType,DocumentReference,field,Observation.component,ResearchStudyProgressStatus.actual,0.8834258317947388,False,biobert,
DaystoComorbidity,Patient,field,Observation.valueQuantity,Extension:extension.USCoreEthnicity,0.796919584274292,False,biobert,
HormonalContraceptiveUse,Patient,field,Observation.valueString,MedicationAdministration.occurrenceTiming,0.8416019082069397,False,biobert,
FEV1RefPreBronchPercent,Patient,field,Observation.valueQuantity,ResearchStudyProgressStatus.actual,0.8966999650001526,False,biobert,
RelationshipAgeatDiagnosis,Patient,field,Observation.valueString,DocumentReference.securityLabel,0.8676913976669312,False,biobert,
TobaccoUseperDay,Patient,field,Observation.valueQuantity,Patient.deceasedBoolean,0.8433466553688049,False,biobert,
days_to_sequencing,analysis.metadata.read_groups,field,Observation.DocumentReference.days_to_sequencing,Observation.DocumentReference.days_to_sequencing,0.9266144037246704,True,biobert,
analyte_ids,case,field,Specimen.identifier,Observation.analyte.rna_integrity_number,0.9008809328079224,False,biobert,
TargetDepth,DocumentReference,field,Observation.component,DocumentReference.component,0.8771929740905762,False,biobert,
TobaccoUseperDay,Patient,field,Observation.valueString,Patient.deceasedBoolean,0.8433466553688049,False,biobert,
updated_datetime,samples.portions.analytes,field,Observation.analyte.updated_datetime,Observation.portion.updated_datetime,0.9263433218002319,False,biobert,
spike_ins_fasta,analysis.metadata.read_groups,field,Observation.DocumentReference.spike_ins_fasta,Observation.DocumentReference.spike_ins_concentration,0.9091141223907471,False,biobert,
ConcomitantMedicationReceivedType,MedicationAdministration,field,Observation.valueString,MedicationAdministration.statusReason,0.8981866836547852,False,biobert,
cigarettes_per_day,exposures,field,Observation.patient.cigarettes_per_day,Observation.patient.cigarettes_per_day,0.8960255980491638,True,biobert,
ethnicity,demographic,field,Extension:extension.USCoreEthnicity,Condition.id,0.8486239910125732,False,biobert,
FOVnumber,DocumentReference,field,Observation.component,Observation.valueInteger,0.8749328851699829,False,biobert,
experimental_strategy,summary.experimental_strategies,field,ResearchStudy.focus,Observation.sample.preservation_method,0.8860114812850952,False,biobert,
PercentNormalCells,Specimen,field,Observation.component,Observation.valueInteger,0.8469486236572266,False,biobert,
CustomGermlineVariantsWorkflowType,DocumentReference,field,Observation.component,DocumentReference.category.workflow_type,0.907133936882019,False,biobert,
SizeSelectionRange,DocumentReference,field,Observation.component,Observation.valueInteger,0.8810831308364868,False,biobert,
Encoding,DocumentReference,field,Observation.component,Condition.id,0.8430848717689514,False,biobert,
HistologyAssessmentMedium,Specimen,field,Observation.component,Observation.valueInteger,0.8795492649078369,False,biobert,
GermlineVariantsWorkflowURL,DocumentReference,field,Observation.component,ResearchStudyProgressStatus.actual,0.8870232105255127,False,biobert,
Zygosity,Patient,field,Observation.valueString,Patient.birthDate,0.813468337059021,False,biobert,
MSIScore,DocumentReference,field,Observation.component,Condition.clinicalStatus,0.8808407783508301,False,biobert,
ScanTracerUsed,Patient,field,Observation.valueString,DocumentReference.component,0.8501781225204468,False,biobert,
CDCHIVRiskFactors,Patient,field,Observation.valueString,ResearchStudy.dbgap_accession_number,0.871269166469574,False,biobert,
NadirCD4Count,Patient,field,Observation.valueString,ResearchStudyProgressStatus.actual,0.8873900175094604,False,biobert,
LibraryPreparationDaysfromIndex,DocumentReference,field,Observation.component,ResearchStudyProgressStatus.actual,0.8981666564941406,False,biobert,
SingleCellDissociationDaysfromIndex,DocumentReference,field,Observation.component,ResearchStudyProgressStatus.actual,0.873741626739502,False,biobert,
submitter_diagnosis_ids,case,field,Condition.identifier,cases_submitter_id,0.9575097560882568,False,biobert,
project,case,field,ResearchStudy,Patient.id,0.8316531181335449,False,biobert,
SoftwareandVersion,DocumentReference,field,Observation.component,Extension.valueDateTime,0.8952590227127075,False,biobert,
submitter_id,cases,field,cases_submitter_id,cases_submitter_id,0.9407753944396973,True,biobert,
SequencingBatchID,DocumentReference,field,Observation.component,Extension.valueDateTime,0.8772079944610596,False,biobert,
demographic_id,demographic,field,Patient.id,Patient.id,0.8704810738563538,True,biobert,
case_count,summary,field,ResearchStudyRecruitment.actualNumber,Patient.id,0.8735990524291992,False,biobert,
program,project,field,ResearchStudy,Condition.id,0.849926233291626,False,biobert,
treatment_type,diagnoses.treatments,field,MedicationAdministration.treatment_type,Condition.prior_treatment,0.884350061416626,False,biobert,
QCWorkflowLink,DocumentReference,field,Observation.component,DocumentReference.category.workflow_type,0.9104791879653931,False,biobert,
created_datetime,analysis.metadata.read_groups,field,Observation.DocumentReference.created_datetime,Observation.DocumentReference.created_datetime,0.9165414571762085,True,biobert,
wgs_coverage,file,field,DocumentReference.category.wgs_coverage,DocumentReference.category.wgs_coverage,0.9342385530471802,True,biobert,
NucleicAcidSource,DocumentReference,field,Observation.component,ResearchStudyProgressStatus.actual,0.859663724899292,False,biobert,
SectionThicknessValue,Specimen,field,Observation.component,Extension:extension.USCoreEthnicity,0.8523540496826172,False,biobert,
DysplasiaFraction,Specimen,field,Observation.component,Condition.clinicalStatus,0.8635842800140381,False,biobert,
updated_datetime,analysis.metadata.read_groups,field,Observation.DocumentReference.updated_datetime,Observation.portion.updated_datetime,0.9263433218002319,False,biobert,
HTANDataFileID,DocumentReference,field,Identifier.value,ResearchStudyProgressStatus.actual,0.8869997262954712,False,biobert,
SecondhandSmokeasChild,Patient,field,Observation.valueString,ResearchStudyProgressStatus.actual,0.848229169845581,False,biobert,
TreatmentorTherapy,Patient,field,Observation.valueString,Observation.valueInteger,0.8586963415145874,False,biobert,
FixativeType,Specimen,field,Observation.component,Extension.valueDateTime,0.8639388084411621,False,biobert,
MERFISHCodebookFile,DocumentReference,field,Observation.component,ResearchStudyProgressStatus.actual,0.9064655303955078,False,biobert,
TotalVolumeUnit,Specimen,field,Observation.component,Observation.valueInteger,0.8713792562484741,False,biobert,
AdverseEvent,Patient,field,Observation.valueString,Observation.valueInteger,0.8920564651489258,False,biobert,
LibrarySelectionMethod,DocumentReference,field,Observation.component,ResearchStudyProgressStatus.actual,0.8622013926506042,False,biobert,
DataCategory,DocumentReference,field,DocumentReference.component,ImagingStudy.id,0.8898013234138489,False,biobert,
program_id,project.program,field,ResearchStudy.identifier,DocumentReference.category.data_category,0.871289849281311,False,biobert,
CellBarcodeLength,DocumentReference,field,Observation.component,DocumentReference.component,0.8892037868499756,False,biobert,
COVID19CurrentStatus,Patient,field,Observation.valueString,Condition.clinicalStatus,0.9064099192619324,False,biobert,
ajcc_pathologic_n,diagnoses,field,Condition.stage_ajcc_pathologic_n,Condition.stage_ajcc_pathologic_n,0.9746237993240356,True,biobert,
AlcoholDrinksPerDay,Patient,field,Observation.valueString,MedicationAdministration.statusReason,0.8378715515136719,False,biobert,
AnalyteBiospecimenType,Specimen,field,Observation.component,Observation.valueInteger,0.8903585076332092,False,biobert,
AverageReadLength,DocumentReference,field,Observation.component,Extension.extension:USCoreRaceExtension,0.7990357875823975,False,biobert,
EmptyWellBarcode,DocumentReference,field,Observation.component,ResearchStudy.name,0.8716386556625366,False,biobert,
Checksum,DocumentReference,field,Observation.component,Condition.id,0.8329786062240601,False,biobert,
ChemoConcurrenttoRadiation,Patient,field,Observation.valueString,ResearchStudyProgressStatus.actual,0.8687425851821899,False,biobert,
case_count,summary.experimental_strategies,field,Extension.valueUnsignedInt,Patient.id,0.8735990524291992,False,biobert,
state,project,field,ResearchStudy.status,Attachment.title,0.8321383595466614,False,biobert,
library_preparation_kit_vendor,analysis.metadata.read_groups,field,Observation.DocumentReference.library_preparation_kit_vendor,Observation.DocumentReference.library_preparation_kit_vendor,0.95298171043396,True,biobert,
GenomeAnnotationURL,DocumentReference,field,Observation.component,DocumentReference.relatesTo.target,0.8654710054397583,False,biobert,
submitter_id,file,field,DocumentReference.Identifier,cases_submitter_id,0.9407753944396973,False,biobert,
ProportionBaseMismatch,DocumentReference,field,Observation.component,DocumentReference.category.access,0.8816516399383545,False,biobert,
ImageID,DocumentReference,field,Observation.component,Observation.code,0.885110080242157,False,biobert,
GeneSymbol,Patient,field,Observation.valueString,Observation.valueInteger,0.8459141850471497,False,biobert,
DaystoBirth,Patient,field,Observation.valueQuantity,Patient.birthDate,0.8481974005699158,False,biobert,
CigarettesperDay,Patient,field,Observation.valueQuantity,DocumentReference.date,0.8086346983909607,False,biobert,
HysterectomyMarginsInvolved,Patient,field,Observation.valueString,ResearchStudyProgressStatus.actual,0.8820714950561523,False,biobert,
PancreasPrecancerHistopathologicGrade,Patient,field,Condition.Condition.stage.summary.type,Condition.stage_ajcc_pathologic_m,0.8692296743392944,False,biobert,
Comment,,field,Observation.component,Patient.id,0.8610830903053284,False,biobert,
SomaticVariantsWorkflowType,DocumentReference,field,Observation.component,DocumentReference.component,0.8880531787872314,False,biobert,
BoneMarrowBiospecimenType,Specimen,field,Observation.component,Observation.valueInteger,0.8869162201881409,False,biobert,
ResidualDisease,Patient,field,Observation.component,Observation.valueInteger,0.8768963813781738,False,biobert,
Race,Patient,field,Patient.valueString,Condition.id,0.8562058806419373,False,biobert,
file_size,file,field,Attachment.size,DocumentReference.category.data_category,0.8572372794151306,False,biobert,
RecistTargetedRegionsNumber,Patient,field,Observation.valueString,ResearchStudyProgressStatus.actual,0.899066686630249,False,biobert,
target_capture_kit_catalog_number,analysis.metadata.read_groups,field,Observation.DocumentReference.target_capture_kit_catalog_number,Observation.DocumentReference.target_capture_kit_catalog_number,0.9543578624725342,True,biobert,
FOVY,DocumentReference,field,Observation.component,Condition.clinicalStatus,0.8348729014396667,False,biobert,
AcquisitionMethodType,Specimen,field,Specimen.collection.method,ResearchStudy.name,0.8699563145637512,False,biobert,
LibraryPreparationKitName,DocumentReference,field,Observation.component,DocumentReference.category.workflow_type,0.8794447183609009,False,biobert,
ajcc_pathologic_m,diagnoses,field,Condition.stage_ajcc_pathologic_m,Condition.stage_ajcc_pathologic_n,0.9744483828544617,False,biobert,
LabTestsforMMRStatus,Patient,field,Observation.valueString,ResearchStudyProgressStatus.actual,0.9000653028488159,False,biobert,
Contamination,DocumentReference,field,Observation.component,Attachment.size,0.8412141799926758,False,biobert,
prior_treatment,diagnoses,field,Condition.prior_treatment,Condition.prior_treatment,0.9413187503814697,True,biobert,
AverageBaseQuality,DocumentReference,field,Observation.component,Extension:extension.USCoreEthnicity,0.853745698928833,False,biobert,
AdjacentBiospecimenIDs,Specimen,field,Identifier.value,Observation.valueInteger,0.8684481382369995,False,biobert,
SectionNumberinSequence,Specimen,field,Observation.component,Observation.valueInteger,0.8856407999992371,False,biobert,
TreatmentEffect,MedicationAdministration,field,Observation.valueString,Extension.valueDateTime,0.8764526844024658,False,biobert,
TreatmentAnatomicSite,Patient,field,MedicationAdministration.valueString,Extension:extension.USCoreEthnicity,0.874515175819397,False,biobert,
Assay,DocumentReference,field,ServiceRequest.code,Patient.valueString,0.8356660008430481,False,biobert,
CountryofBirth,Patient,field,Observation.valueString,Patient.deceasedBoolean,0.8758906126022339,False,biobert,
Slide-seqBeadFileType,DocumentReference,field,Observation.component,Observation.DocumentReference.multiplex_barcode,0.8981870412826538,False,biobert,
SentinelLymphNodeCount,Patient,field,Observation.valueQuantity,ResearchStudyProgressStatus.actual,0.8928985595703125,False,biobert,
LungCancerDetectionMethodType,Patient,field,Condition.category,ResearchStudyProgressStatus.actual,0.8631371259689331,False,biobert,
NCIAtlasCancerSite,,field,Condition.bodySite,ResearchStudyProgressStatus.actual,0.8973866701126099,False,biobert,
FlowCellBarcode,DocumentReference,field,Observation.component,Extension.valueDateTime,0.8772127628326416,False,biobert,
UMIBarcodeOffset,DocumentReference,field,Observation.component,ResearchStudyProgressStatus.actual,0.8838876485824585,False,biobert,
HTANParentBiospecimenID,Specimen,field,Identifier.value,ResearchStudyProgressStatus.actual,0.893596887588501,False,biobert,
aliquot_ids,case,field,Specimen.identifier,Observation.aliquot.analyte_type,0.9206258058547974,False,biobert,
COVID19OccurrenceIndicator,Patient,field,Observation.valueString,Observation.valueInteger,0.8827462196350098,False,biobert,
CancerIncidenceLocation,Patient,field,Observation.valueString,Condition.clinicalStatus,0.8785102963447571,False,biobert,
submitter_analyte_ids,case,field,Specimen.identifier.analyte,Observation.analyte.rna_integrity_number,0.9275413751602173,False,biobert,
LibraryStrand,DocumentReference,field,Observation.component,Extension.valueDateTime,0.9028066396713257,False,biobert,
weight,samples.portions,field,Observation.portions.weight,Patient.gender,0.8478790521621704,False,biobert,
DaystoProgression,Patient,field,Observation.valueQuantity,ResearchStudyProgressStatus.actual,0.8612148761749268,False,biobert,
AsbestosExposure,Patient,field,Observation.valueString,MedicationAdministration.occurrenceTiming,0.8043684363365173,False,biobert,
name,project,field,ResearchStudy.name,Organization.name,0.8399074673652649,False,biobert,
ShortReads,DocumentReference,field,Observation.component,Patient.deceasedBoolean,0.841806948184967,False,biobert,
FamilyMemberVitalStatusIndicator,Patient,field,Observation.valueString,ResearchStudyProgressStatus.actual,0.8704363703727722,False,biobert,
CustomStructuralVariantWorkflowType,DocumentReference,field,Observation.component,ResearchStudyProgressStatus.actual,0.8823551535606384,False,biobert,
sequencing_date,analysis.metadata.read_groups,field,Observation.DocumentReference.sequencing_date,Observation.DocumentReference.sequencing_date,0.8941926956176758,True,biobert,
Gender,Patient,field,Patient.extension.valueString,Patient.gender,0.8509138226509094,False,biobert,
Yes-VascularInvasionPresent,Patient,field,Observation.component,ResearchStudyProgressStatus.actual,0.8993576765060425,False,biobert,
fragment_maximum_length,analysis.metadata.read_groups,field,Observation.DocumentReference.fragment_maximum_length,Observation.DocumentReference.fragment_maximum_length,0.9235389232635498,True,biobert,
Right tube and ovary (right adnexal),anatomical_location.prime,content,specimen.collection.bodysite,Specimen.collection.bodySite,1.0,True,biobert,2033006
N1,staging_n,content,observation.valuecodeableconcept,Observation.valueCodeableConcept,1.0,True,biobert,1229951001
Right buttock,anatomical_location.prime,content,specimen.collection.bodysite,Specimen.collection.bodySite,1.0,True,biobert,368209003
Biopsy of left humerus pathological fracture,anatomical_location.prime,content,procedure.code,Specimen.collection.bodySite,1.0,True,biobert,13861005
Left axillary lymph nodes,anatomical_location.prime,content,specimen.collection.bodysite,Specimen.collection.bodySite,1.0,True,biobert,746225004
Blood Collection,anatomical_location.prime,content,procedure.code,Specimen.collection.bodySite,1.0,True,biobert,713143008
Skin above iliac crest,anatomical_location.prime,content,procedure.code,Specimen.collection.bodySite,1.0,True,biobert,177249006
Pelvis,anatomical_location.prime,content,specimen.collection.bodysite,Specimen.collection.bodySite,1.0,True,biobert,12921003
Left Lower Lobe- Lung,anatomical_location.prime,content,specimen.collection.bodysite,Specimen.collection.bodySite,1.0,True,biobert,41224006
Right breast new inferior-lateral border excision,anatomical_location.prime,content,specimen.collection.bodysite,Specimen.collection.bodySite,1.0,True,biobert,73056007
Right upper lobe of lung,anatomical_location.prime,content,procedure.code,Specimen.collection.bodySite,1.0,True,biobert,739141006
Mediastinal Lymph Node - Lung,anatomical_location.prime,content,procedure.code,Specimen.collection.bodySite,1.0,True,biobert,234263003
Bilateral mastectomy with low axillary dissections,anatomical_location.prime,content,specimen.collection.bodysite,Specimen.collection.bodySite,1.0,True,biobert,76752008
EBUS-FNA,procedure.prime,content,procedure.code,Procedure.code,1.0,True,biobert,48635004
N2a,staging_n,content,observation.valuecodeableconcept,Observation.valueCodeableConcept,1.0,True,biobert,1229959004
Inflammation of specific body structures or tissue,histology,content,condition.code,Condition.code,1.0,True,biobert,363170005
Right pleural mass,anatomical_location.prime,content,procedure.code,Specimen.collection.bodySite,1.0,True,biobert,278294002
Liver,metastasis-site,content,specimen.collection.bodysite,Specimen.collection.bodySite,1.0,True,biobert,10200004
Right breast simple mastectomy/sentinel lymph node biopsy,anatomical_location.prime,content,procedure.code,Specimen.collection.bodySite,1.0,True,biobert,428571003
Left breast mastectomy,anatomical_location.prime,content,specimen.collection.bodysite,Specimen.collection.bodySite,1.0,True,biobert,361716006
Lymph Node: Paraaortic,metastasis-site,content,specimen.collection.bodysite,Specimen.collection.bodySite,1.0,True,biobert,59441001
Right adrenal gland,anatomical_location.prime,content,procedure.code,Specimen.collection.bodySite,1.0,True,biobert,726489004
Left Flank,anatomical_location.prime,content,specimen.collection.bodysite,Specimen.collection.bodySite,1.0,True,biobert,1290341006
T1,staging_t,content,observation.valuecodeableconcept,Observation.valueCodeableConcept,1.0,True,biobert,1228957006
N0,staging_n,content,observation.valuecodeableconcept,Observation.valueCodeableConcept,1.0,True,biobert,1229947003
Lymph Node: NOS,metastasis-site,content,specimen.collection.bodysite,Specimen.collection.bodySite,1.0,True,biobert,59441001
Right breast and axillary lymph node,anatomical_location.prime,content,procedure.code,Specimen.collection.bodySite,1.0,True,biobert,429400009
Section,sample-preservation-method,content,specimen.type,Specimen.type,1.0,True,biobert,261665006
Right axillary node dissection,anatomical_location.prime,content,procedure.code,Specimen.collection.bodySite,1.0,True,biobert,234262008
Implant on sigmoid colon,anatomical_location.prime,content,specimen.collection.bodysite,Specimen.collection.bodySite,1.0,True,biobert,713197008
Right and left breast simple mastectomy,anatomical_location.prime,content,procedure.code,Specimen.collection.bodySite,1.0,True,biobert,1231734007
Right pelvic mass,anatomical_location.prime,content,procedure.code,Specimen.collection.bodySite,1.0,True,biobert,11550001000004102
CT-guided core biopsy of the right ischial metastatic lesion,anatomical_location.prime,content,procedure.code,Specimen.collection.bodySite,1.0,True,biobert,709627002
Left mastectomy and ALND,anatomical_location.prime,content,procedure.code,Specimen.collection.bodySite,1.0,True,biobert,428571003
Left lumpectomy and SLN biopsy,anatomical_location.prime,content,procedure.code,Specimen.collection.bodySite,1.0,True,biobert,392023007
Left sentinel lymph node biopsy,anatomical_location.prime,content,procedure.code,Specimen.collection.bodySite,1.0,True,biobert,1179695007
Rt chest wall xiphoid region,anatomical_location.prime,content,procedure.code,Specimen.collection.bodySite,1.0,True,biobert,177754003
Right colon with tumor resection,anatomical_location.prime,content,specimen.collection.bodysite,Specimen.collection.bodySite,1.0,True,biobert,51342009
Re-excision left mastectomy inferior margin,anatomical_location.prime,content,procedure.code,Specimen.collection.bodySite,1.0,True,biobert,428571003
Unprocessed,sample-preservation-method,content,specimen.type,Specimen.type,1.0,True,biobert,262001002
Right breast mass needle biopsy,anatomical_location.prime,content,procedure.code,Specimen.collection.bodySite,1.0,True,biobert,44578009
Right pericolic gutter/sub-hepatic tissue,anatomical_location.prime,content,specimen.collection.bodysite,Specimen.collection.bodySite,1.0,True,biobert,40954003
US-guided bipsy of right breast mass,anatomical_location.prime,content,specimen.collection.bodysite,Specimen.collection.bodySite,1.0,True,biobert,73056007
Lt. lateral lower calf,anatomical_location.prime,content,specimen.collection.bodysite,Specimen.collection.bodySite,1.0,True,biobert,53840002
Right retroperitoneal lymph node mass,anatomical_location.prime,content,procedure.code,Specimen.collection.bodySite,1.0,True,biobert,399733007
G3,staging_grade,content,observation.valuecodeableconcept,Observation.valueCodeableConcept,1.0,True,biobert,1228851006
Pleural cavity,anatomical_location.prime,content,procedure.code,Specimen.collection.bodySite,1.0,True,biobert,278296000
Central liver,anatomical_location.prime,content,procedure.code,Specimen.collection.bodySite,1.0,True,biobert,72106008
Skin Punch,procedure.prime,content,procedure.code,Specimen.collection.bodySite,1.0,True,biobert,87697008
Right flank,anatomical_location.prime,content,specimen.collection.bodysite,Specimen.collection.bodySite,1.0,True,biobert,1290340007
Bilateral ovaries,anatomical_location.prime,content,procedure.code,Specimen.collection.bodySite,1.0,True,biobert,76876009
Right Axillary Mass,anatomical_location.prime,content,procedure.code,Specimen.collection.bodySite,1.0,True,biobert,301798002
IIIC1,staging_group,content,observation.valuecodeableconcept,Observation.valueCodeableConcept,1.0,True,biobert,1222807007
axillary lymph node biopsy,anatomical_location.prime,content,procedure.code,Specimen.collection.bodySite,1.0,True,biobert,21911005
US-guided right breast needle biopsy,anatomical_location.prime,content,specimen.collection.bodysite,Specimen.collection.bodySite,1.0,True,biobert,73056007
Left axillary tail,anatomical_location.prime,content,specimen.collection.bodysite,Specimen.collection.bodySite,1.0,True,biobert,457281000124109
left lobe,anatomical_location.prime,content,procedure.code,Specimen.collection.bodySite,1.0,True,biobert,736758005
T4c,staging_t,content,observation.valuecodeableconcept,Observation.valueCodeableConcept,1.0,True,biobert,1229867008
Left breast excisional sentinel lymph node biopsy,anatomical_location.prime,content,specimen.collection.bodysite,Specimen.collection.bodySite,1.0,True,biobert,80248007
Primary malignant neoplasm of breast,histology,content,condition.code,Condition.code,1.0,True,biobert,254837009
Mesorectal implant,anatomical_location.prime,content,specimen.collection.bodysite,Specimen.collection.bodySite,1.0,True,biobert,18139001
Bone Marrow,procedure.prime,content,procedure.code,Specimen.type,1.0,True,biobert,86273004
Malignant tumor of breast,histology,content,condition.code,Condition.code,1.0,True,biobert,254837009
M1d,staging_m,content,observation.valuecodeableconcept,Observation.valueCodeableConcept,1.0,True,biobert,1229926002
EUS-guided Percutaneous Biopsy - FNA,procedure.prime,content,procedure.code,Procedure.code,1.0,True,biobert,274314005
Right breast structure,sample_tissue_type,content,specimen.type,Specimen.type,1.0,True,biobert,73056007
Right jaw resection,anatomical_location.prime,content,specimen.collection.bodysite,Specimen.collection.bodySite,1.0,True,biobert,735178003
Left Axillary Lymph Node,anatomical_location.prime,content,procedure.code,Specimen.collection.bodySite,1.0,True,biobert,746225004
Open incisional biopsy of left leg mass,anatomical_location.prime,content,specimen.collection.bodysite,Specimen.collection.bodySite,1.0,True,biobert,416131009
Gallbladder,anatomical_location.prime,content,procedure.code,Specimen.collection.bodySite,1.0,True,biobert,38102005
IVC,staging_group,content,observation.valuecodeableconcept,Observation.valueCodeableConcept,1.0,True,biobert,1222842006
Left femur,anatomical_location.prime,content,procedure.code,Specimen.collection.bodySite,1.0,True,biobert,1303639003
Left neck lymph node,anatomical_location.prime,content,procedure.code,Specimen.collection.bodySite,1.0,True,biobert,447412005
Mediastinum,metastasis-site,content,specimen.collection.bodysite,Specimen.collection.bodySite,1.0,True,biobert,86671006
C5 tumor biopsy,anatomical_location.prime,content,procedure.code,Specimen.collection.bodySite,1.0,True,biobert,230843007
Right pelvis mass,anatomical_location.prime,content,specimen.collection.bodysite,Specimen.collection.bodySite,1.0,True,biobert,12921003
Surgical Resection,procedure.prime,content,procedure.code,Procedure.code,1.0,True,biobert,56361007
Left Breast Core biopsy,anatomical_location.prime,content,procedure.code,Specimen.collection.bodySite,1.0,True,biobert,122548005
Retroperitoneal mass,anatomical_location.prime,content,specimen.collection.bodysite,Specimen.collection.bodySite,1.0,True,biobert,82849001
Right breast needle core biopsies,anatomical_location.prime,content,procedure.code,Specimen.collection.bodySite,1.0,True,biobert,44578009
skin graft,anatomical_location.prime,content,procedure.code,Specimen.collection.bodySite,1.0,True,biobert,304040003
Lymph Node: Supraclavicular,metastasis-site,content,specimen.collection.bodysite,Specimen.collection.bodySite,1.0,True,biobert,59441001
Right Lobe Liver,anatomical_location.prime,content,specimen.collection.bodysite,Specimen.collection.bodySite,1.0,True,biobert,48521005
Thoracoscopic left upper lobectomy,anatomical_location.prime,content,specimen.collection.bodysite,Specimen.collection.bodySite,1.0,True,biobert,39607008
US-guided core biopsy of 2:30 left breast mass,anatomical_location.prime,content,specimen.collection.bodysite,Specimen.collection.bodySite,1.0,True,biobert,76752008
Prostate biopsy,anatomical_location.prime,content,procedure.code,Specimen.collection.bodySite,1.0,True,biobert,65575008
Ovary,anatomical_location.prime,content,specimen.collection.bodysite,Specimen.collection.bodySite,1.0,True,biobert,15497006
Rt. upper arm,anatomical_location.prime,content,procedure.code,Specimen.collection.bodySite,1.0,True,biobert,18824003
Bone Marrow Percutaneous Aspiration,procedure.prime,content,procedure.code,Specimen.collection.bodySite,1.0,True,biobert,274314005
Caudate lobe liver,anatomical_location.prime,content,procedure.code,Specimen.collection.bodySite,1.0,True,biobert,897714003
Right hilar and level 4R,anatomical_location.prime,content,specimen.collection.bodysite,Specimen.collection.bodySite,1.0,True,biobert,3341006
Right abdominal wall mass,anatomical_location.prime,content,specimen.collection.bodysite,Specimen.collection.bodySite,1.0,True,biobert,1279608001
N1bIV,staging_n,content,observation.valuecodeableconcept,Observation.valueCodeableConcept,1.0,True,biobert,1229950000
Right ovarian (adnexal) mass,anatomical_location.prime,content,procedure.code,Specimen.collection.bodySite,1.0,True,biobert,608892008
Left Iliac Crest,anatomical_location.prime,content,specimen.collection.bodysite,Specimen.collection.bodySite,1.0,True,biobert,1208626003
T1b2,staging_t,content,observation.valuecodeableconcept,Observation.valueCodeableConcept,1.0,True,biobert,1229845007
T1a,staging_t,content,observation.valuecodeableconcept,Observation.valueCodeableConcept,1.0,True,biobert,1228959009
Lymph Node: Inguinal,metastasis-site,content,specimen.collection.bodysite,Specimen.collection.bodySite,1.0,True,biobert,181762005
Right pelvic sidewall,anatomical_location.prime,content,procedure.code,Specimen.collection.bodySite,1.0,True,biobert,997199941000119102
T3d,staging_t,content,observation.valuecodeableconcept,Observation.valueCodeableConcept,1.0,True,biobert,1229863007
Left adnexa,anatomical_location.prime,content,procedure.code,Specimen.collection.bodySite,1.0,True,biobert,1010714005
Right lymph node with Savi,anatomical_location.prime,content,procedure.code,Specimen.collection.bodySite,1.0,True,biobert,58347006
N3,staging_n,content,observation.valuecodeableconcept,Observation.valueCodeableConcept,1.0,True,biobert,1229962001
Right lung,anatomical_location.prime,content,specimen.collection.bodysite,Specimen.collection.bodySite,1.0,True,biobert,39607008
T1a2,staging_t,content,observation.valuecodeableconcept,Observation.valueCodeableConcept,1.0,True,biobert,1228961000
Right popliteal fossa,anatomical_location.prime,content,specimen.collection.bodysite,Specimen.collection.bodySite,1.0,True,biobert,6902008
Left breast nodule,anatomical_location.prime,content,specimen.collection.bodysite,Specimen.collection.bodySite,1.0,True,biobert,722157002
Right Axilla Lymph Node,anatomical_location.prime,content,procedure.code,Specimen.collection.bodySite,1.0,True,biobert,739023000
Right shoulder/Scapula subQ node,anatomical_location.prime,content,specimen.collection.bodysite,Specimen.collection.bodySite,1.0,True,biobert,71791004
Bone,anatomical_location.prime,content,procedure.code,Specimen.collection.bodySite,1.0,True,biobert,997199941000119102
Bladder,anatomical_location.prime,content,procedure.code,Specimen.collection.bodySite,1.0,True,biobert,997199941000119102
Breast Cancer,condition,content,condition.code,Condition.code,1.0,True,biobert,254837009
Inflammation,histology,content,condition.code,Condition.code,1.0,True,biobert,363170005
Left leg,anatomical_location.prime,content,specimen.collection.bodysite,Specimen.collection.bodySite,1.0,True,biobert,48979004
Right elbow soft tissue,anatomical_location.prime,content,procedure.code,Specimen.collection.bodySite,1.0,True,biobert,284397007
Blood,anatomical_location.prime,content,procedure.code,Specimen.type,1.0,True,biobert,22778000
Right abdominal lesion,anatomical_location.prime,content,procedure.code,Specimen.collection.bodySite,1.0,True,biobert,450591007
US Guided L breast and axillary lymph node biopsy,anatomical_location.prime,content,specimen.collection.bodysite,Specimen.collection.bodySite,1.0,True,biobert,80248007
Left Lower Flank,anatomical_location.prime,content,specimen.collection.bodysite,Specimen.collection.bodySite,1.0,True,biobert,243400007
US guided FNA of chest wall subpectoral mass and Rt axillary lymph node,anatomical_location.prime,content,specimen.collection.bodysite,Specimen.collection.bodySite,1.0,True,biobert,78904004
Duodenum,anatomical_location.prime,content,procedure.code,Specimen.collection.bodySite,1.0,True,biobert,1208951004
N1c,staging_n,content,observation.valuecodeableconcept,Observation.valueCodeableConcept,1.0,True,biobert,1229956006
Soft Tissue,anatomical_location.prime,content,procedure.code,Specimen.type,1.0,True,biobert,56361007
Abdominal Mass,anatomical_location.prime,content,procedure.code,Specimen.collection.bodySite,1.0,True,biobert,225162003
IVB,staging_group,content,observation.valuecodeableconcept,Observation.valueCodeableConcept,1.0,True,biobert,1222841004
Upper central omentum,anatomical_location.prime,content,procedure.code,Specimen.collection.bodySite,1.0,True,biobert,11291002
Masectomy with small axillary dissection - right breast,anatomical_location.prime,content,specimen.collection.bodysite,Specimen.collection.bodySite,1.0,True,biobert,39607008
Right upper quadrant omentum,anatomical_location.prime,content,procedure.code,Specimen.collection.bodySite,1.0,True,biobert,11291002
Sigmoid Epiploica,anatomical_location.prime,content,specimen.collection.bodysite,Specimen.collection.bodySite,1.0,True,biobert,60184004
US guided Lt breast core biopsy,anatomical_location.prime,content,procedure.code,Specimen.collection.bodySite,1.0,True,biobert,4541000087104
FNA of right axilla lymph node,anatomical_location.prime,content,procedure.code,Specimen.collection.bodySite,1.0,True,biobert,234279002
N1mi,staging_n,content,observation.valuecodeableconcept,Observation.valueCodeableConcept,1.0,True,biobert,1229952008
Right breast/axilla needle core biopsies,anatomical_location.prime,content,procedure.code,Specimen.collection.bodySite,1.0,True,biobert,44578009
US Guided Paracentesis,procedure.prime,content,procedure.code,Procedure.code,1.0,True,biobert,16433271000119101
T1c,staging_t,content,observation.valuecodeableconcept,Observation.valueCodeableConcept,1.0,True,biobert,1229846008
HG,staging_grade,content,observation.valuecodeableconcept,Observation.valueCodeableConcept,1.0,True,biobert,1228854003
III,staging_group,content,observation.valuecodeableconcept,Observation.valueCodeableConcept,1.0,True,biobert,1222801008
lymph node evaluation,anatomical_location.prime,content,specimen.collection.bodysite,Specimen.collection.bodySite,1.0,True,biobert,59441001
Fallopian tube structure,sample_tissue_type,content,specimen.type,Specimen.type,1.0,True,biobert,31435000
Part B Rt axilla needle core biopsy,anatomical_location.prime,content,procedure.code,Specimen.collection.bodySite,1.0,True,biobert,21911005
porta caval lymph node,anatomical_location.prime,content,procedure.code,Specimen.collection.bodySite,1.0,True,biobert,58347006
Bilateral mastectomies and left axillary dissection (Dr. Arpana Naik),anatomical_location.prime,content,specimen.collection.bodysite,Specimen.collection.bodySite,1.0,True,biobert,387713003
Right retroperitoneum,anatomical_location.prime,content,specimen.collection.bodysite,Specimen.collection.bodySite,1.0,True,biobert,82849001
Left axillary sentinel lymph node,anatomical_location.prime,content,specimen.collection.bodysite,Specimen.collection.bodySite,1.0,True,biobert,746225004
EBUS Percutaneous Biopsy - Core,procedure.prime,content,procedure.code,Specimen.collection.bodySite,1.0,True,biobert,78603008
US-guided Percutaneous Biopsy - Core,procedure.prime,content,procedure.code,Procedure.code,1.0,True,biobert,274314005
Perirectal,anatomical_location.prime,content,specimen.collection.bodysite,Specimen.collection.bodySite,1.0,True,biobert,276511004
Left lower lobe of lung,anatomical_location.prime,content,specimen.collection.bodysite,Specimen.collection.bodySite,1.0,True,biobert,41224006
Ficoll,sample-preservation-method,content,specimen.type,Specimen.type,1.0,True,biobert,73373003
T3,staging_t,content,observation.valuecodeableconcept,Observation.valueCodeableConcept,1.0,True,biobert,1229859000
Peripancreatic Mass,anatomical_location.prime,content,specimen.collection.bodysite,Specimen.collection.bodySite,1.0,True,biobert,15776009
transurethral resection of prostate,anatomical_location.prime,content,specimen.collection.bodysite,Specimen.collection.bodySite,1.0,True,biobert,39607008
Associated morphology,enrollment_primary_site,content,specimen.collection.bodysite,Specimen.collection.bodySite,1.0,True,biobert,116676008
Skin of chest wall,anatomical_location.prime,content,specimen.collection.bodysite,Specimen.collection.bodySite,1.0,True,biobert,699936004
Ta,staging_t,content,observation.valuecodeableconcept,Observation.valueCodeableConcept,1.0,True,biobert,1228952000
Left thumb,anatomical_location.prime,content,specimen.collection.bodysite,Specimen.collection.bodySite,1.0,True,biobert,734143007
Rt breast bx,anatomical_location.prime,content,procedure.code,Specimen.collection.bodySite,1.0,True,biobert,2141000087100
RLQ Abdominal mass,anatomical_location.prime,content,procedure.code,Specimen.collection.bodySite,1.0,True,biobert,225162003
EBUS Percutaneous Biopsy - FNA,procedure.prime,content,procedure.code,Procedure.code,1.0,True,biobert,274314005
Right diaphragmatic implant/right central diaphragmatic nodule,anatomical_location.prime,content,procedure.code,Specimen.collection.bodySite,1.0,True,biobert,61952002
CT Guided Biopsy left pelvic side wall lymph node,anatomical_location.prime,content,procedure.code,Specimen.collection.bodySite,1.0,True,biobert,14211004
Right Outer Quadrant Abdominal Mass,anatomical_location.prime,content,specimen.collection.bodysite,Specimen.collection.bodySite,1.0,True,biobert,368077008
IIA,staging_group,content,observation.valuecodeableconcept,Observation.valueCodeableConcept,1.0,True,biobert,1222766008
Left proximal phalanx,anatomical_location.prime,content,procedure.code,Specimen.collection.bodySite,1.0,True,biobert,708650001
Left Axilla,anatomical_location.prime,content,procedure.code,Specimen.collection.bodySite,1.0,True,biobert,301798002
M1a,staging_m,content,observation.valuecodeableconcept,Observation.valueCodeableConcept,1.0,True,biobert,1229917000
Subcarinal lymph node,anatomical_location.prime,content,specimen.collection.bodysite,Specimen.collection.bodySite,1.0,True,biobert,59441001
Biopsy of left anterior mandibular body,anatomical_location.prime,content,procedure.code,Specimen.collection.bodySite,1.0,True,biobert,178497007
Left breast skin biopsy,anatomical_location.prime,content,specimen.collection.bodysite,Specimen.collection.bodySite,1.0,True,biobert,722157002
Lymph Node: Cervical,metastasis-site,content,specimen.collection.bodysite,Specimen.collection.bodySite,1.0,True,biobert,181757009
N2,staging_n,content,observation.valuecodeableconcept,Observation.valueCodeableConcept,1.0,True,biobert,1229957002
Liquid nitrogen,sample-preservation-method,content,specimen.type,Specimen.type,1.0,True,biobert,27872000
Flexible Bronchoscopy,procedure.prime,content,procedure.code,Procedure.code,1.0,True,biobert,69621000052107
9:00 2cm Right Breast,anatomical_location.prime,content,procedure.code,Specimen.collection.bodySite,1.0,True,biobert,392023007
0a,staging_group,content,observation.valuecodeableconcept,Observation.valueCodeableConcept,1.0,True,biobert,1222605001
Right lobe of liver,anatomical_location.prime,content,specimen.collection.bodysite,Specimen.collection.bodySite,1.0,True,biobert,48521005
Anterior Abdomen Lesion,anatomical_location.prime,content,specimen.collection.bodysite,Specimen.collection.bodySite,1.0,True,biobert,302553009
US-guided biopsy,anatomical_location.prime,content,specimen.collection.bodysite,Specimen.collection.bodySite,1.0,True,biobert,1186636000
Right breast biopsy,anatomical_location.prime,content,procedure.code,Specimen.collection.bodySite,1.0,True,biobert,122548005
Omental,anatomical_location.prime,content,procedure.code,Specimen.collection.bodySite,1.0,True,biobert,997199941000119102
US-guided Percutaneous Biopsy - FNA,procedure.prime,content,procedure.code,Procedure.code,1.0,True,biobert,274314005
GB,staging_grade,content,observation.valuecodeableconcept,Observation.valueCodeableConcept,1.0,True,biobert,1228847009
Bilateral skin sparing mastectomies,anatomical_location.prime,content,specimen.collection.bodysite,Specimen.collection.bodySite,1.0,True,biobert,181490005
Bone Marrow Biopsy,procedure.prime,content,procedure.code,Specimen.collection.bodySite,1.0,True,biobert,86273004
Right forearm mass,anatomical_location.prime,content,specimen.collection.bodysite,Specimen.collection.bodySite,1.0,True,biobert,64262003
Clinical biopsy (non-SMMART)- Liver,anatomical_location.prime,content,procedure.code,Specimen.collection.bodySite,1.0,True,biobert,86259008
Left cervical LN cytology,anatomical_location.prime,content,specimen.collection.bodysite,Specimen.collection.bodySite,1.0,True,biobert,368225008
CMML,condition,content,condition.code,Condition.code,1.0,True,biobert,127225006
Right iliac bone,anatomical_location.prime,content,specimen.collection.bodysite,Specimen.collection.bodySite,1.0,True,biobert,272673000
Paratracheal lymph node,anatomical_location.prime,content,specimen.collection.bodysite,Specimen.collection.bodySite,1.0,True,biobert,59441001
Right proximal femur,anatomical_location.prime,content,procedure.code,Specimen.collection.bodySite,1.0,True,biobert,997199941000119102
Left Paratracheal/Mediastinal Lymph Node,anatomical_location.prime,content,procedure.code,Specimen.collection.bodySite,1.0,True,biobert,58347006
Splenectomy,procedure.prime,content,procedure.code,Procedure.code,1.0,True,biobert,234319005
Left breast tissue,anatomical_location.prime,content,procedure.code,Specimen.collection.bodySite,1.0,True,biobert,6189002
IC,staging_group,content,observation.valuecodeableconcept,Observation.valueCodeableConcept,1.0,True,biobert,1222731006
Left parietal tumor resection,anatomical_location.prime,content,procedure.code,Specimen.collection.bodySite,1.0,True,biobert,1201979001
Right Anterior Abdominal Superficial Node,anatomical_location.prime,content,specimen.collection.bodysite,Specimen.collection.bodySite,1.0,True,biobert,415994006
Supraclavicular lymph node,anatomical_location.prime,content,procedure.code,Specimen.collection.bodySite,1.0,True,biobert,58347006
Right breast biopsy for ILC,anatomical_location.prime,content,procedure.code,Specimen.collection.bodySite,1.0,True,biobert,122548005
Pancreatic Cancer,condition,content,condition.code,Condition.code,1.0,True,biobert,363418001
Left Supraclavicular lymph node (L5),anatomical_location.prime,content,specimen.collection.bodysite,Specimen.collection.bodySite,1.0,True,biobert,16217501000119107
Peritoneal lavage,anatomical_location.prime,content,procedure.code,Specimen.collection.bodySite,1.0,True,biobert,387715005
Right level 4 lymph node,anatomical_location.prime,content,procedure.code,Specimen.collection.bodySite,1.0,True,biobert,58347006
Posterior right upper abdomen,anatomical_location.prime,content,procedure.code,Specimen.collection.bodySite,1.0,True,biobert,225162003
N0 (mol-),staging_n,content,observation.valuecodeableconcept,Observation.valueCodeableConcept,1.0,True,biobert,1229947003
Rt breast biopsy and Rt axillary lymph node FNA,anatomical_location.prime,content,specimen.collection.bodysite,Specimen.collection.bodySite,1.0,True,biobert,116030008
IA,staging_group,content,observation.valuecodeableconcept,Observation.valueCodeableConcept,1.0,True,biobert,1222724007
Right arm,anatomical_location.prime,content,specimen.collection.bodysite,Specimen.collection.bodySite,1.0,True,biobert,368209003
Adenoma AND/OR adenocarcinoma,histology,content,condition.code,Condition.code,1.0,True,biobert,1187375007
Part A Right lymph nodes and RUQ abdomen skin nodules biopsy,anatomical_location.prime,content,procedure.code,Specimen.collection.bodySite,1.0,True,biobert,21911005
Mesenteric,sample_tissue_type,content,specimen.type,Specimen.type,1.0,True,biobert,89679009
Bilateral Fallopian tubes,anatomical_location.prime,content,procedure.code,Specimen.collection.bodySite,1.0,True,biobert,287664005
IV,staging_group,content,observation.valuecodeableconcept,Observation.valueCodeableConcept,1.0,True,biobert,1222837003
Sentinel lymph node biopsy of left axilla with excision,anatomical_location.prime,content,procedure.code,Specimen.collection.bodySite,1.0,True,biobert,396487001
Right breast needle core biopsy,anatomical_location.prime,content,procedure.code,Specimen.collection.bodySite,1.0,True,biobert,44578009
Posterior iliac crest,anatomical_location.prime,content,specimen.collection.bodysite,Specimen.collection.bodySite,1.0,True,biobert,29850006
Lt breast core needle biopsy,anatomical_location.prime,content,procedure.code,Specimen.collection.bodySite,1.0,True,biobert,122548005
Left Breast and chest wall,anatomical_location.prime,content,procedure.code,Specimen.collection.bodySite,1.0,True,biobert,1231734007
"Brain, NOS",metastasis-site,content,specimen.collection.bodysite,Specimen.collection.bodySite,1.0,True,biobert,12738006
Head/Neck/Thoracic,condition,content,condition.code,Condition.code,1.0,True,biobert,189291009
Rectosigmoid polyp,anatomical_location.prime,content,specimen.collection.bodysite,Specimen.collection.bodySite,1.0,True,biobert,181261002
Radical resection left leg soft tissue sarcoma,anatomical_location.prime,content,specimen.collection.bodysite,Specimen.collection.bodySite,1.0,True,biobert,67328008
Ovarian Cancer,condition,content,condition.code,Condition.code,1.0,True,biobert,363443007
T2a1,staging_t,content,observation.valuecodeableconcept,Observation.valueCodeableConcept,1.0,True,biobert,1229854005
Mediastinum nodes,anatomical_location.prime,content,procedure.code,Specimen.collection.bodySite,1.0,True,biobert,85929002
Right Breast US-guided biopsy,anatomical_location.prime,content,procedure.code,Specimen.collection.bodySite,1.0,True,biobert,432550005
Right middle lobe lobectomy,anatomical_location.prime,content,procedure.code,Specimen.collection.bodySite,1.0,True,biobert,736974006
Right humerus,anatomical_location.prime,content,specimen.collection.bodysite,Specimen.collection.bodySite,1.0,True,biobert,272673000
Chest wall,anatomical_location.prime,content,procedure.code,Specimen.collection.bodySite,1.0,True,biobert,177754003
Left breast structure,sample_tissue_type,content,specimen.type,Specimen.type,1.0,True,biobert,80248007
T4,staging_t,content,observation.valuecodeableconcept,Observation.valueCodeableConcept,1.0,True,biobert,1229864001
Abdomen,anatomical_location.prime,content,procedure.code,Specimen.collection.bodySite,1.0,True,biobert,225162003
Liver resection,anatomical_location.prime,content,procedure.code,Specimen.collection.bodySite,1.0,True,biobert,107963000
Right elbow,anatomical_location.prime,content,specimen.collection.bodysite,Specimen.collection.bodySite,1.0,True,biobert,895277004
Appendix,metastasis-site,content,specimen.collection.bodysite,Specimen.collection.bodySite,1.0,True,biobert,66754008
Right upper lobe,anatomical_location.prime,content,procedure.code,Specimen.collection.bodySite,1.0,True,biobert,739141006
Radical resection of soft tissue mass left lower extremity,anatomical_location.prime,content,specimen.collection.bodysite,Specimen.collection.bodySite,1.0,True,biobert,442311008
T2a,staging_t,content,observation.valuecodeableconcept,Observation.valueCodeableConcept,1.0,True,biobert,1229853004
Left Supraclavicular Lymph Node,anatomical_location.prime,content,procedure.code,Specimen.collection.bodySite,1.0,True,biobert,16217501000119107
Left breast needle biopsy,anatomical_location.prime,content,procedure.code,Specimen.collection.bodySite,1.0,True,biobert,44578009
Right breast 1 o'clock needle core biopsy,anatomical_location.prime,content,procedure.code,Specimen.collection.bodySite,1.0,True,biobert,44578009
Normal tissue,histology,content,condition.code,Condition.code,1.0,True,biobert,30389008
Left breast skin punch biopsy,anatomical_location.prime,content,specimen.collection.bodysite,Specimen.collection.bodySite,1.0,True,biobert,181490005
Left breast total masectomy,anatomical_location.prime,content,procedure.code,Specimen.collection.bodySite,1.0,True,biobert,1231734007
Pancreas,anatomical_location.prime,content,procedure.code,Specimen.collection.bodySite,1.0,True,biobert,33149006
N3c,staging_n,content,observation.valuecodeableconcept,Observation.valueCodeableConcept,1.0,True,biobert,1229965004
TX,staging_t,content,observation.valuecodeableconcept,Observation.valueCodeableConcept,1.0,True,biobert,1228950008
Right anterior superior infraclavicular,anatomical_location.prime,content,specimen.collection.bodysite,Specimen.collection.bodySite,1.0,True,biobert,1260150009
Right femur/intertrochanter biopsy,anatomical_location.prime,content,specimen.collection.bodysite,Specimen.collection.bodySite,1.0,True,biobert,722739008
Lymph Node: Infraclavicular,metastasis-site,content,specimen.collection.bodysite,Specimen.collection.bodySite,1.0,True,biobert,181762005
Left breast excisional biopsy,anatomical_location.prime,content,procedure.code,Specimen.collection.bodySite,1.0,True,biobert,237372000
Right gluteal mass,anatomical_location.prime,content,specimen.collection.bodysite,Specimen.collection.bodySite,1.0,True,biobert,764593009
Knee [left],anatomical_location.prime,content,specimen.collection.bodysite,Specimen.collection.bodySite,1.0,True,biobert,82169009
M1b,staging_m,content,observation.valuecodeableconcept,Observation.valueCodeableConcept,1.0,True,biobert,1229920008
Pelvic mass,anatomical_location.prime,content,procedure.code,Specimen.collection.bodySite,1.0,True,biobert,11550001000004102
Thigh,anatomical_location.prime,content,specimen.collection.bodysite,Specimen.collection.bodySite,1.0,True,biobert,58246004
Diaphragm,metastasis-site,content,specimen.collection.bodysite,Specimen.collection.bodySite,1.0,True,biobert,5798000
Skin Punch Biopsy,anatomical_location.prime,content,procedure.code,Specimen.collection.bodySite,1.0,True,biobert,240977001
Ascites (Abdomen)/ peritoneal fluid,anatomical_location.prime,content,procedure.code,Specimen.collection.bodySite,1.0,True,biobert,440183002
Total mastectomy; right breast simple mastectomy and left breast mastectomy with sentinel lymph node excision,anatomical_location.prime,content,procedure.code,Specimen.collection.bodySite,1.0,True,biobert,172043006
GX,staging_grade,content,observation.valuecodeableconcept,Observation.valueCodeableConcept,1.0,True,biobert,1228845001
CT-guided Percutaneous Biopsy - Core,procedure.prime,content,procedure.code,Procedure.code,1.0,True,biobert,274314005
Left lower quadrant peritoneum,anatomical_location.prime,content,procedure.code,Specimen.collection.bodySite,1.0,True,biobert,79887000
CT-guided percutaneous mid sternum bone needle biopsy,anatomical_location.prime,content,specimen.collection.bodysite,Specimen.collection.bodySite,1.0,True,biobert,302522007
Rt Breast lumpectomy,anatomical_location.prime,content,procedure.code,Specimen.collection.bodySite,1.0,True,biobert,392023007
bone lesion left femur biopsy,anatomical_location.prime,content,procedure.code,Specimen.collection.bodySite,1.0,True,biobert,13861005
Fine Needle Aspirate biopsy of hilar lung nodule/right upper lobe lung nodule,anatomical_location.prime,content,procedure.code,Specimen.collection.bodySite,1.0,True,biobert,432231006
Lung,anatomical_location.prime,content,specimen.collection.bodysite,Specimen.collection.bodySite,1.0,True,biobert,361427007
Left Lung/Mediastinum,anatomical_location.prime,content,procedure.code,Specimen.collection.bodySite,1.0,True,biobert,735015005
Pelvic wall,anatomical_location.prime,content,procedure.code,Specimen.collection.bodySite,1.0,True,biobert,12703009
Fixation/Embed,sample-preservation-method,content,specimen.type,Specimen.type,1.0,True,biobert,40923002
Bladder dome and prostatic urethra biopsy,anatomical_location.prime,content,specimen.collection.bodysite,Specimen.collection.bodySite,1.0,True,biobert,89837001
Bone Marrow Iliac Crest,anatomical_location.prime,content,procedure.code,Specimen.collection.bodySite,1.0,True,biobert,287550000
Mastectomy,procedure.prime,content,procedure.code,Specimen.collection.bodySite,1.0,True,biobert,172043006
Right chest wall mass,anatomical_location.prime,content,procedure.code,Specimen.collection.bodySite,1.0,True,biobert,177754003
IB,staging_group,content,observation.valuecodeableconcept,Observation.valueCodeableConcept,1.0,True,biobert,1222728005
T2 epidural tumor,anatomical_location.prime,content,specimen.collection.bodysite,Specimen.collection.bodySite,1.0,True,biobert,180959008
Retroperitoneal lymph node,anatomical_location.prime,content,procedure.code,Specimen.collection.bodySite,1.0,True,biobert,399733007
Segment 4 hepatic lobe of liver,anatomical_location.prime,content,procedure.code,Specimen.collection.bodySite,1.0,True,biobert,736758005
T2b,staging_t,content,observation.valuecodeableconcept,Observation.valueCodeableConcept,1.0,True,biobert,1229856007
Left upper chest wall soft tissue nodule (Lung),anatomical_location.prime,content,specimen.collection.bodysite,Specimen.collection.bodySite,1.0,True,biobert,1293021009
Subcutaneous lesion,anatomical_location.prime,content,procedure.code,Specimen.collection.bodySite,1.0,True,biobert,35646002
lumbar spine,anatomical_location.prime,content,procedure.code,Specimen.collection.bodySite,1.0,True,biobert,284407000
T3b,staging_t,content,observation.valuecodeableconcept,Observation.valueCodeableConcept,1.0,True,biobert,1229861009
Right inguinal mass,anatomical_location.prime,content,specimen.collection.bodysite,Specimen.collection.bodySite,1.0,True,biobert,1332264003
Pancreas-head mass,anatomical_location.prime,content,procedure.code,Specimen.collection.bodySite,1.0,True,biobert,47789005
Bilateral mastectomies and Rt axillary lymph node dissection,anatomical_location.prime,content,procedure.code,Procedure.code,1.0,True,biobert,27865001
Lymph Node,anatomical_location.prime,content,procedure.code,Specimen.collection.bodySite,1.0,True,biobert,58347006
Mesentery,metastasis-site,content,specimen.collection.bodysite,Specimen.collection.bodySite,1.0,True,biobert,89679009
Lt axilla,anatomical_location.prime,content,specimen.collection.bodysite,Specimen.collection.bodySite,1.0,True,biobert,734429008
Left knee,anatomical_location.prime,content,specimen.collection.bodysite,Specimen.collection.bodySite,1.0,True,biobert,210659002
Entire head and neck,enrollment_primary_site,content,specimen.collection.bodysite,Specimen.collection.bodySite,1.0,True,biobert,361355005
Right upper lobe lung,anatomical_location.prime,content,procedure.code,Specimen.collection.bodySite,1.0,True,biobert,739141006
Inferior right liver segment 6,anatomical_location.prime,content,specimen.collection.bodysite,Specimen.collection.bodySite,1.0,True,biobert,48521005
Right supra-renal region,anatomical_location.prime,content,procedure.code,Specimen.collection.bodySite,1.0,True,biobert,726489004
Duodenal mass,anatomical_location.prime,content,procedure.code,Specimen.collection.bodySite,1.0,True,biobert,88888008
Unknown,staging_grade,content,specimen.type,Observation.valueCodeableConcept,1.0,True,biobert,261665006
T0,staging_t,content,observation.valuecodeableconcept,Observation.valueCodeableConcept,1.0,True,biobert,1222605001
Manubrium,anatomical_location.prime,content,specimen.collection.bodysite,Specimen.collection.bodySite,1.0,True,biobert,16226271000119107
Left anterior mediastinum,anatomical_location.prime,content,specimen.collection.bodysite,Specimen.collection.bodySite,1.0,True,biobert,39607008
Lt. lateral shin shave biopsy; basal cell carcinoma,anatomical_location.prime,content,procedure.code,Procedure.code,1.0,True,biobert,177346002
Left supraclavicular and axillary lymph node FNA,anatomical_location.prime,content,procedure.code,Specimen.collection.bodySite,1.0,True,biobert,234279002
Left breast 3:00 biopsy,anatomical_location.prime,content,procedure.code,Specimen.collection.bodySite,1.0,True,biobert,122548005
Thyroid,anatomical_location.prime,content,procedure.code,Specimen.collection.bodySite,1.0,True,biobert,13619001
Right mastectomy and SLN,anatomical_location.prime,content,procedure.code,Specimen.collection.bodySite,1.0,True,biobert,429400009
IA1,staging_group,content,observation.valuecodeableconcept,Observation.valueCodeableConcept,1.0,True,biobert,1222725008
Right breast needle-guided excision,anatomical_location.prime,content,specimen.collection.bodysite,Specimen.collection.bodySite,1.0,True,biobert,73056007
T4a,staging_t,content,observation.valuecodeableconcept,Observation.valueCodeableConcept,1.0,True,biobert,1229865000
Left pelvic mass,anatomical_location.prime,content,procedure.code,Specimen.collection.bodySite,1.0,True,biobert,11550001000004102
Left chest wall,anatomical_location.prime,content,procedure.code,Specimen.collection.bodySite,1.0,True,biobert,177754003
Left perirenal,anatomical_location.prime,content,specimen.collection.bodysite,Specimen.collection.bodySite,1.0,True,biobert,18639004
US Guided Left Breast Biopsy,anatomical_location.prime,content,specimen.collection.bodysite,Specimen.collection.bodySite,1.0,True,biobert,80248007
Right inferior lobe of liver,anatomical_location.prime,content,procedure.code,Specimen.collection.bodySite,1.0,True,biobert,71273005
Left Lung,anatomical_location.prime,content,procedure.code,Specimen.collection.bodySite,1.0,True,biobert,735015005
Right and left prostate core needle biopsies,anatomical_location.prime,content,specimen.collection.bodysite,Specimen.collection.bodySite,1.0,True,biobert,181422007
Right radical mastectomy with axillary node dissection,anatomical_location.prime,content,procedure.code,Specimen.collection.bodySite,1.0,True,biobert,726430006
Right breast mass,anatomical_location.prime,content,procedure.code,Specimen.collection.bodySite,1.0,True,biobert,122548005
Carcinoma,histology,content,condition.code,Condition.code,1.0,True,biobert,722688002
Lymph Node: Mediastinal,metastasis-site,content,specimen.collection.bodysite,Specimen.collection.bodySite,1.0,True,biobert,59441001
Fibrocystic change,histology,content,condition.code,Condition.code,1.0,True,biobert,27431007
Right Axillary Node,anatomical_location.prime,content,procedure.code,Specimen.collection.bodySite,1.0,True,biobert,739023000
Left breast simple mastectomy,anatomical_location.prime,content,procedure.code,Specimen.collection.bodySite,1.0,True,biobert,428571003
Biopsy of left flank,anatomical_location.prime,content,specimen.collection.bodysite,Specimen.collection.bodySite,1.0,True,biobert,18139001
Left upper arm,anatomical_location.prime,content,procedure.code,Specimen.collection.bodySite,1.0,True,biobert,18824003
Left breast and left LN biopsy,anatomical_location.prime,content,specimen.collection.bodysite,Specimen.collection.bodySite,1.0,True,biobert,80248007
Right Brachial Plexus Upper Trunk,anatomical_location.prime,content,specimen.collection.bodysite,Specimen.collection.bodySite,1.0,True,biobert,723374000
Axillary lymph node dissection,anatomical_location.prime,content,specimen.collection.bodysite,Specimen.collection.bodySite,1.0,True,biobert,361716006
Right visceral pluera and right lower lobe nodule,anatomical_location.prime,content,specimen.collection.bodysite,Specimen.collection.bodySite,1.0,True,biobert,266005
CT-guided core biopsy of the sternal lesion (14 guage),anatomical_location.prime,content,procedure.code,Specimen.collection.bodySite,1.0,True,biobert,708694007
Right iliac,anatomical_location.prime,content,procedure.code,Specimen.collection.bodySite,1.0,True,biobert,997199941000119102
IIB,staging_group,content,observation.valuecodeableconcept,Observation.valueCodeableConcept,1.0,True,biobert,1222769001
IIC,staging_group,content,observation.valuecodeableconcept,Observation.valueCodeableConcept,1.0,True,biobert,1222770000
IM femoral reamings,anatomical_location.prime,content,specimen.collection.bodysite,Specimen.collection.bodySite,1.0,True,biobert,272673000
Left Breast,anatomical_location.prime,content,procedure.code,Specimen.collection.bodySite,1.0,True,biobert,392023007
Fallopian Tube,anatomical_location.prime,content,procedure.code,Specimen.collection.bodySite,1.0,True,biobert,62692004
Breast,anatomical_location.prime,content,procedure.code,Specimen.collection.bodySite,1.0,True,biobert,997199941000119102
Right breast sentinel lymph node biopsy with right partial mastectomy,anatomical_location.prime,content,procedure.code,Procedure.code,1.0,True,biobert,396487001
Spinal cord,anatomical_location.prime,content,specimen.collection.bodysite,Specimen.collection.bodySite,1.0,True,biobert,119404002
Abdominal/Omental mass,anatomical_location.prime,content,procedure.code,Specimen.collection.bodySite,1.0,True,biobert,81751006
Right lower lobe of lung,anatomical_location.prime,content,procedure.code,Specimen.collection.bodySite,1.0,True,biobert,739139005
Sarcoma,condition,content,condition.code,Condition.code,1.0,True,biobert,424413001
Left breast conserving surgery,anatomical_location.prime,content,procedure.code,Specimen.collection.bodySite,1.0,True,biobert,392023007
Right humerus reamings,anatomical_location.prime,content,specimen.collection.bodysite,Specimen.collection.bodySite,1.0,True,biobert,466551000124105
Left breast capsule and nipple biopsy,anatomical_location.prime,content,specimen.collection.bodysite,Specimen.collection.bodySite,1.0,True,biobert,265780004
Periumbilical area,anatomical_location.prime,content,procedure.code,Specimen.collection.bodySite,1.0,True,biobert,997199941000119102
Not Reported,staging_grade,content,observation.valuecodeableconcept,Observation.valueCodeableConcept,1.0,True,biobert,261665006
US guided Liver core needle biopsy of 15mm hypoechoic nodule in the right lobe,anatomical_location.prime,content,procedure.code,Specimen.collection.bodySite,1.0,True,biobert,86259008
Thoracic structure,enrollment_primary_site,content,specimen.collection.bodysite,Specimen.collection.bodySite,1.0,True,biobert,51185008
Left upper pleura,anatomical_location.prime,content,specimen.collection.bodysite,Specimen.collection.bodySite,1.0,True,biobert,53727004
excision,procedure.prime,content,procedure.code,Procedure.code,1.0,True,biobert,56361007
Left breast lumpectomy & Axillary lymph node dissection,anatomical_location.prime,content,procedure.code,Specimen.collection.bodySite,1.0,True,biobert,392023007
US guided Lt Breast biopsy,anatomical_location.prime,content,procedure.code,Specimen.collection.bodySite,1.0,True,biobert,4541000087104
Right lower lobe of right lung,anatomical_location.prime,content,procedure.code,Specimen.collection.bodySite,1.0,True,biobert,739139005
Left mandible,anatomical_location.prime,content,specimen.collection.bodysite,Specimen.collection.bodySite,1.0,True,biobert,735177008
Left axillary mass,anatomical_location.prime,content,procedure.code,Specimen.collection.bodySite,1.0,True,biobert,301798002
Right clavicle,anatomical_location.prime,content,specimen.collection.bodysite,Specimen.collection.bodySite,1.0,True,biobert,1260150009
Pleura,metastasis-site,content,specimen.collection.bodysite,Specimen.collection.bodySite,1.0,True,biobert,3120008
Bilateral mastectomies and Rt SLN evaluation,anatomical_location.prime,content,procedure.code,Procedure.code,1.0,True,biobert,27865001
Prostate,anatomical_location.prime,content,specimen.type,Specimen.type,1.0,True,biobert,248153007
G5,staging_grade,content,observation.valuecodeableconcept,Observation.valueCodeableConcept,1.0,True,biobert,1259951003
Left Ovary,anatomical_location.prime,content,procedure.code,Specimen.collection.bodySite,1.0,True,biobert,608891001
N0 (i-),staging_n,content,observation.valuecodeableconcept,Observation.valueCodeableConcept,1.0,True,biobert,1229947003
CT Guided Biopsy retroperitoneal lymph node,anatomical_location.prime,content,procedure.code,Specimen.collection.bodySite,1.0,True,biobert,21911005
N2c,staging_n,content,observation.valuecodeableconcept,Observation.valueCodeableConcept,1.0,True,biobert,1229961008
Right hepatic lobe,anatomical_location.prime,content,specimen.collection.bodysite,Specimen.collection.bodySite,1.0,True,biobert,48521005
Left posterior iliac bone,anatomical_location.prime,content,specimen.collection.bodysite,Specimen.collection.bodySite,1.0,True,biobert,399682004
Posterior bladder wall biopsy,anatomical_location.prime,content,specimen.collection.bodysite,Specimen.collection.bodySite,1.0,True,biobert,89837001
US Guided Liver biopsy,anatomical_location.prime,content,specimen.collection.bodysite,Specimen.collection.bodySite,1.0,True,biobert,10200004
IIA12,staging_group,content,observation.valuecodeableconcept,Observation.valueCodeableConcept,1.0,True,biobert,1222768009
IIID,staging_group,content,observation.valuecodeableconcept,Observation.valueCodeableConcept,1.0,True,biobert,1222811001
Left supraclavicular node,anatomical_location.prime,content,specimen.collection.bodysite,Specimen.collection.bodySite,1.0,True,biobert,16217501000119107
Qiagen kit,sample-preservation-method,content,specimen.type,Specimen.type,1.0,True,biobert,104166004
Pelvic Tumor,anatomical_location.prime,content,specimen.collection.bodysite,Specimen.collection.bodySite,1.0,True,biobert,816991004
N1bI,staging_n,content,observation.valuecodeableconcept,Observation.valueCodeableConcept,1.0,True,biobert,1229955005
Liver Biopsy: metastatic carcinoma,anatomical_location.prime,content,procedure.code,Specimen.collection.bodySite,1.0,True,biobert,86259008
I,staging_group,content,observation.valuecodeableconcept,Observation.valueCodeableConcept,1.0,True,biobert,1222723001
Bone (T9 vertebrae),anatomical_location.prime,content,specimen.collection.bodysite,Specimen.collection.bodySite,1.0,True,biobert,280846003
Left supraclavicular lymph node biopsy,anatomical_location.prime,content,procedure.code,Specimen.collection.bodySite,1.0,True,biobert,21911005
Right and Left Breast,anatomical_location.prime,content,specimen.collection.bodysite,Specimen.collection.bodySite,1.0,True,biobert,76752008
T1mi,staging_t,content,observation.valuecodeableconcept,Observation.valueCodeableConcept,1.0,True,biobert,1228958001
[M]Pancreatic adenoma or carcinoma NOS,histology,content,condition.code,Condition.code,1.0,True,biobert,363418001
Right temporal lesion,anatomical_location.prime,content,specimen.collection.bodysite,Specimen.collection.bodySite,1.0,True,biobert,314157005
Lymph Node: Illiac,metastasis-site,content,specimen.collection.bodysite,Specimen.collection.bodySite,1.0,True,biobert,59441001
Right breast modified radical mastectomy with right breast new antero-superior border excision,anatomical_location.prime,content,procedure.code,Specimen.collection.bodySite,1.0,True,biobert,726436000
Rt forearm,anatomical_location.prime,content,procedure.code,Specimen.collection.bodySite,1.0,True,biobert,41396000
Right axilla,anatomical_location.prime,content,procedure.code,Specimen.collection.bodySite,1.0,True,biobert,284429001
M0,staging_m,content,observation.valuecodeableconcept,Observation.valueCodeableConcept,1.0,True,biobert,1222591006
US-guided,procedure.prime,content,procedure.code,Specimen.collection.bodySite,1.0,True,biobert,86273004
Lymph Node: Axillary,metastasis-site,content,specimen.collection.bodysite,Specimen.collection.bodySite,1.0,True,biobert,59441001
VATS,procedure.prime,content,procedure.code,Procedure.code,1.0,True,biobert,262256007
Re-excision of left breast lumpectomy cavity for positive inferior margin,anatomical_location.prime,content,procedure.code,Specimen.collection.bodySite,1.0,True,biobert,392023007
Left and right thyroid nodule,anatomical_location.prime,content,procedure.code,Specimen.collection.bodySite,1.0,True,biobert,53533006
Right lung/pleura,anatomical_location.prime,content,procedure.code,Specimen.collection.bodySite,1.0,True,biobert,735016006
T2a2,staging_t,content,observation.valuecodeableconcept,Observation.valueCodeableConcept,1.0,True,biobert,1229855006
Prostate Radical prostatectomy,anatomical_location.prime,content,specimen.collection.bodysite,Specimen.collection.bodySite,1.0,True,biobert,72400000
L and R Breast capsulectomy,anatomical_location.prime,content,procedure.code,Specimen.collection.bodySite,1.0,True,biobert,172124009
Fine needle aspirate,procedure.prime,content,procedure.code,Procedure.code,1.0,True,biobert,86273004
Infiltrating lobular carcinoma of breast,histology,content,condition.code,Condition.code,1.0,True,biobert,278054005
IVA,staging_group,content,observation.valuecodeableconcept,Observation.valueCodeableConcept,1.0,True,biobert,1222838008
Pericardium,anatomical_location.prime,content,procedure.code,Specimen.collection.bodySite,1.0,True,biobert,34646007
Right breast medial and lateral dog ear excisions,anatomical_location.prime,content,procedure.code,Specimen.collection.bodySite,1.0,True,biobert,72432009
N2mi,staging_n,content,observation.valuecodeableconcept,Observation.valueCodeableConcept,1.0,True,biobert,1229958007
Right breast mastectomy and right axillary sentinel lymph node,anatomical_location.prime,content,procedure.code,Specimen.collection.bodySite,1.0,True,biobert,428571003
Rt breast,anatomical_location.prime,content,procedure.code,Specimen.collection.bodySite,1.0,True,biobert,429400009
right colon,anatomical_location.prime,content,specimen.collection.bodysite,Specimen.collection.bodySite,1.0,True,biobert,51342009
MX,staging_m,content,observation.valuecodeableconcept,Observation.valueCodeableConcept,1.0,True,biobert,1222591006
T1b,staging_t,content,observation.valuecodeableconcept,Observation.valueCodeableConcept,1.0,True,biobert,1228962007
IB1,staging_group,content,observation.valuecodeableconcept,Observation.valueCodeableConcept,1.0,True,biobert,1222729002
Right ovary,anatomical_location.prime,content,specimen.collection.bodysite,Specimen.collection.bodySite,1.0,True,biobert,95550009
Laparoscopic Hysterectomy and Bilateral Salpingoopherectomy,anatomical_location.prime,content,procedure.code,Specimen.collection.bodySite,1.0,True,biobert,236888001
Peripheral blood,anatomical_location.prime,content,specimen.type,Specimen.type,1.0,True,biobert,419583006
Bone structure of femur,sample_tissue_type,content,specimen.type,Specimen.type,1.0,True,biobert,71341001
CT-guided core biopsy of the right posterior ilium,anatomical_location.prime,content,specimen.collection.bodysite,Specimen.collection.bodySite,1.0,True,biobert,22356005
Skin above right iliac crest,anatomical_location.prime,content,procedure.code,Specimen.collection.bodySite,1.0,True,biobert,177249006
Prostate Cancer,condition,content,condition.code,Condition.code,1.0,True,biobert,399068003
Bone structure of humerus,sample_tissue_type,content,specimen.type,Specimen.type,1.0,True,biobert,85050009
Right pelvis,anatomical_location.prime,content,procedure.code,Specimen.collection.bodySite,1.0,True,biobert,997199941000119102
Bilateral nipple sparing mastectomy,anatomical_location.prime,content,specimen.collection.bodysite,Specimen.collection.bodySite,1.0,True,biobert,76752008
Right Supraclavicular Lymph Node,anatomical_location.prime,content,specimen.collection.bodysite,Specimen.collection.bodySite,1.0,True,biobert,16217541000119109
Left breast excision,anatomical_location.prime,content,procedure.code,Specimen.collection.bodySite,1.0,True,biobert,428571003
T2,staging_t,content,observation.valuecodeableconcept,Observation.valueCodeableConcept,1.0,True,biobert,1229852009
Thoracoscopic-assisted Biopsy,procedure.prime,content,procedure.code,Procedure.code,1.0,True,biobert,86273004
Superior Right lobe liver,anatomical_location.prime,content,procedure.code,Specimen.collection.bodySite,1.0,True,biobert,71273005
Lymph Node: Retroperitoneal,metastasis-site,content,specimen.collection.bodysite,Specimen.collection.bodySite,1.0,True,biobert,91394001
Liquid Biopsy,procedure.prime,content,procedure.code,Procedure.code,1.0,True,biobert,86273004
Incisional Biopsy,procedure.prime,content,procedure.code,Procedure.code,1.0,True,biobert,70871006
Abdominal ascites,anatomical_location.prime,content,procedure.code,Specimen.collection.bodySite,1.0,True,biobert,440183002
Anterior Abdomen,anatomical_location.prime,content,procedure.code,Specimen.collection.bodySite,1.0,True,biobert,225162003
Excisional Biopsy,procedure.prime,content,procedure.code,Procedure.code,1.0,True,biobert,8889005
skin biopsy,anatomical_location.prime,content,procedure.code,Specimen.collection.bodySite,1.0,True,biobert,240977001
Left breast polyp excision,anatomical_location.prime,content,specimen.collection.bodysite,Specimen.collection.bodySite,1.0,True,biobert,80248007
Breast structure,sample_tissue_type,content,specimen.type,Specimen.type,1.0,True,biobert,76752008
US guided Liver core needle biopsy of right 2.6 x 1.7 cm hepatic lobe mass,anatomical_location.prime,content,procedure.code,Specimen.collection.bodySite,1.0,True,biobert,86259008
Left Breast Mass,anatomical_location.prime,content,procedure.code,Specimen.collection.bodySite,1.0,True,biobert,392023007
Left upper lobe of lung,anatomical_location.prime,content,procedure.code,Specimen.collection.bodySite,1.0,True,biobert,739141006
Right ilium bone lesion,anatomical_location.prime,content,procedure.code,Specimen.collection.bodySite,1.0,True,biobert,68471001
CT-guided biopsy,procedure.prime,content,procedure.code,Procedure.code,1.0,True,biobert,86273004
T4b,staging_t,content,observation.valuecodeableconcept,Observation.valueCodeableConcept,1.0,True,biobert,1229866004
Centrifugation,sample-preservation-method,content,specimen.type,Specimen.type,1.0,True,biobert,72151000000106
US-guided Liver core biopsy,anatomical_location.prime,content,procedure.code,Specimen.collection.bodySite,1.0,True,biobert,86259008
Right Liver Segment 5/6,anatomical_location.prime,content,specimen.collection.bodysite,Specimen.collection.bodySite,1.0,True,biobert,12245001
Breast reconstruction,anatomical_location.prime,content,specimen.collection.bodysite,Specimen.collection.bodySite,1.0,True,biobert,361716006
Left pelvic side wall soft tissue mass,anatomical_location.prime,content,specimen.collection.bodysite,Specimen.collection.bodySite,1.0,True,biobert,3665003
M1,staging_m,content,observation.valuecodeableconcept,Observation.valueCodeableConcept,1.0,True,biobert,1229916009
N0 (i+),staging_n,content,observation.valuecodeableconcept,Observation.valueCodeableConcept,1.0,True,biobert,1229949000
Mid sternum punch biopsy,anatomical_location.prime,content,procedure.code,Specimen.collection.bodySite,1.0,True,biobert,87697008
IIIC,staging_group,content,observation.valuecodeableconcept,Observation.valueCodeableConcept,1.0,True,biobert,1222806003
CT-guided needle biopsy of R clavicle,anatomical_location.prime,content,procedure.code,Specimen.collection.bodySite,1.0,True,biobert,708694007
N1bIII,staging_n,content,observation.valuecodeableconcept,Observation.valueCodeableConcept,1.0,True,biobert,1229955005
Laparoscopic left salpingo-oophorectomy,anatomical_location.prime,content,procedure.code,Specimen.collection.bodySite,1.0,True,biobert,608888001
T1c2,staging_t,content,observation.valuecodeableconcept,Observation.valueCodeableConcept,1.0,True,biobert,1229849001
T3a,staging_t,content,observation.valuecodeableconcept,Observation.valueCodeableConcept,1.0,True,biobert,1229860005
Right pleura/right chest wall,anatomical_location.prime,content,specimen.collection.bodysite,Specimen.collection.bodySite,1.0,True,biobert,44788007
Mediastinal Lymph Node,anatomical_location.prime,content,procedure.code,Specimen.collection.bodySite,1.0,True,biobert,234263003
Right gluteus,anatomical_location.prime,content,specimen.collection.bodysite,Specimen.collection.bodySite,1.0,True,biobert,764593009
N1a,staging_n,content,observation.valuecodeableconcept,Observation.valueCodeableConcept,1.0,True,biobert,1229954009
Tru-Cut Needle Biopsy,procedure.prime,content,procedure.code,Procedure.code,1.0,True,biobert,86273004
Right breast lumpectomy and excisional biopsy,anatomical_location.prime,content,procedure.code,Specimen.collection.bodySite,1.0,True,biobert,392023007
Right breast mass excision,anatomical_location.prime,content,procedure.code,Specimen.collection.bodySite,1.0,True,biobert,6189002
Infiltrating ductular carcinoma,histology,content,condition.code,Condition.code,1.0,True,biobert,408643008
Core needle biopsy of Lt breast (2 sites) and Lt axilla,anatomical_location.prime,content,procedure.code,Specimen.collection.bodySite,1.0,True,biobert,44578009
Right anterior chest wall,anatomical_location.prime,content,procedure.code,Specimen.collection.bodySite,1.0,True,biobert,177754003
Uterus,anatomical_location.prime,content,procedure.code,Specimen.collection.bodySite,1.0,True,biobert,265056007
Right Liver,anatomical_location.prime,content,specimen.collection.bodysite,Specimen.collection.bodySite,1.0,True,biobert,48521005
Mediastinal Lymph Node Level 4R,anatomical_location.prime,content,specimen.collection.bodysite,Specimen.collection.bodySite,1.0,True,biobert,39607008
Left and right breast subcutaneous masectomy,anatomical_location.prime,content,specimen.collection.bodysite,Specimen.collection.bodySite,1.0,True,biobert,80248007
Rt elbow,anatomical_location.prime,content,specimen.collection.bodysite,Specimen.collection.bodySite,1.0,True,biobert,895277004
Epidural tumor,anatomical_location.prime,content,specimen.collection.bodysite,Specimen.collection.bodySite,1.0,True,biobert,30636001
Endometrium,anatomical_location.prime,content,procedure.code,Specimen.collection.bodySite,1.0,True,biobert,T-28000
cervical mediastinal lymph node,anatomical_location.prime,content,procedure.code,Specimen.collection.bodySite,1.0,True,biobert,58347006
Double-Spun,sample-preservation-method,content,specimen.type,Specimen.type,1.0,True,biobert,117032008
Prostate needle biopsies,anatomical_location.prime,content,procedure.code,Specimen.collection.bodySite,1.0,True,biobert,65575008
Peritoneum,anatomical_location.prime,content,procedure.code,Specimen.collection.bodySite,1.0,True,biobert,609015000
M1c,staging_m,content,observation.valuecodeableconcept,Observation.valueCodeableConcept,1.0,True,biobert,1229923005
Spine,anatomical_location.prime,content,procedure.code,Specimen.collection.bodySite,1.0,True,biobert,284394000
Right and left breast needle core biopsy,anatomical_location.prime,content,procedure.code,Specimen.collection.bodySite,1.0,True,biobert,44578009
T1b1,staging_t,content,observation.valuecodeableconcept,Observation.valueCodeableConcept,1.0,True,biobert,1229844006
Ovarian structure,sample_tissue_type,content,specimen.type,Specimen.type,1.0,True,biobert,15497006
Left lower Lung nodule,anatomical_location.prime,content,specimen.collection.bodysite,Specimen.collection.bodySite,1.0,True,biobert,303549000
Skin,metastasis-site,content,specimen.collection.bodysite,Specimen.collection.bodySite,1.0,True,biobert,39937001
Right primary breast tumor,anatomical_location.prime,content,procedure.code,Specimen.collection.bodySite,1.0,True,biobert,1303631000
N3b,staging_n,content,observation.valuecodeableconcept,Observation.valueCodeableConcept,1.0,True,biobert,1229964000
Right Forehead Mass,anatomical_location.prime,content,specimen.collection.bodysite,Specimen.collection.bodySite,1.0,True,biobert,181738000
Left lobe of liver,anatomical_location.prime,content,procedure.code,Specimen.collection.bodySite,1.0,True,biobert,736758005
0is,staging_group,content,observation.valuecodeableconcept,Observation.valueCodeableConcept,1.0,True,biobert,1222722006
Left breast mastectomy with axillary node dissection,anatomical_location.prime,content,procedure.code,Specimen.collection.bodySite,1.0,True,biobert,428571003
Right Lung Lower Lobe,anatomical_location.prime,content,specimen.collection.bodysite,Specimen.collection.bodySite,1.0,True,biobert,266005
Normal Adjacent to Tumor,histology,content,condition.code,Condition.code,1.0,True,biobert,30389008
Soft tissue pelvis,anatomical_location.prime,content,specimen.collection.bodysite,Specimen.collection.bodySite,1.0,True,biobert,20159001
Left Modified Radical Mastectomy,anatomical_location.prime,content,procedure.code,Specimen.collection.bodySite,1.0,True,biobert,726437009
0,staging_group,content,observation.valuecodeableconcept,Observation.valueCodeableConcept,1.0,True,biobert,1222605001
Endobronchoscopic US-guided needle aspiration biopsy,anatomical_location.prime,content,specimen.collection.bodysite,Specimen.collection.bodySite,1.0,True,biobert,39607008
Adrenal Gland,metastasis-site,content,specimen.collection.bodysite,Specimen.collection.bodySite,1.0,True,biobert,181127006
G1,staging_grade,content,observation.valuecodeableconcept,Observation.valueCodeableConcept,1.0,True,biobert,1228848004
Colonoscopy,anatomical_location.prime,content,procedure.code,Specimen.collection.bodySite,1.0,True,biobert,73761001
AML,condition,content,condition.code,Condition.code,1.0,True,biobert,10979003
Lt axillary lymph node,anatomical_location.prime,content,procedure.code,Procedure.code,1.0,True,biobert,58347006
US-guided Thoracentesis,procedure.prime,content,procedure.code,Specimen.collection.bodySite,1.0,True,biobert,91602002
US guided Liver core needle biopsy of a right 2 x 1.4 cm hypoechoic mass,anatomical_location.prime,content,procedure.code,Specimen.collection.bodySite,1.0,True,biobert,86259008
Left adrenal gland,anatomical_location.prime,content,procedure.code,Specimen.collection.bodySite,1.0,True,biobert,726488007
case,,entity,Patient,Condition,0.39506393671035767,False,magneto,
file,,entity,DocumentReference,Patient,0.2873344123363495,False,magneto,
project,,entity,ResearchStudy,ResearchStudy,0.3743416965007782,True,magneto,
Assay,DocumentReference,entity,ServiceRequest,Observation,0.3488323986530304,False,magneto,
Device,DocumentReference,entity,Device,Device,1.0000001192092896,True,magneto,
Component,DocumentReference,entity,Observation,Device,0.43064066767692566,False,magneto,
HTANParticipantID,Patient,entity,Identifier,Medication,0.4084736704826355,False,magneto,
Filename,DocumentReference,entity,DocumentReference,Identifier,0.39964914321899414,False,magneto,
FileFormat,DocumentReference,entity,DocumentReference,Identifier,0.15103629231452942,False,magneto,
HTANDataFileID,DocumentReference,entity,Identifier,Identifier,0.30532968044281006,True,magneto,
HTANParentBiospecimenID,Specimen,entity,Identifier,Medication,0.315146803855896,False,magneto,
Checksum,DocumentReference,entity,Observation,Specimen,0.26657378673553467,False,magneto,
HTANBiospecimenID,Specimen,entity,Identifier,Medication,0.35070154070854187,False,magneto,
HTANParentID,Specimen,entity,Identifier,Identifier,0.4309758245944977,True,magneto,
HTANParentDataFileID,DocumentReference,entity,Identifier,Identifier,0.2954885959625244,True,magneto,
TimepointLabel,Specimen,entity,Observation,Identifier,0.2631165683269501,False,magneto,
StartDaysfromIndex,Patient,entity,Observation,Identifier,0.23454193770885468,False,magneto,
StopDaysfromIndex,Patient,entity,Observation,Identifier,0.2015039324760437,False,magneto,
SentinelLymphNodeCount,Patient,entity,Observation,Identifier,0.31180107593536377,False,magneto,
SentinelNodePositiveAssessmentCount,Patient,entity,Observation,Observation,0.24281233549118042,True,magneto,
TumorExtranodalExtensionIndicator,Condition,entity,Observation,Identifier,0.3456816077232361,False,magneto,
SatelliteMetastasisPresentIndicator,Patient,entity,Observation,Identifier,0.38400566577911377,False,magneto,
OtherBiopsyResectionSite,Patient,entity,Observation,ResearchStudy,0.23818807303905487,False,magneto,
ExtentofTumorResection,Patient,entity,Observation,DocumentReference,0.16839151084423065,False,magneto,
PriorSitesofRadiation,Patient,entity,Observation,Observation,0.1859682947397232,True,magneto,
Immunosuppression,MedicationAdministration,entity,Observation,Medication,0.44913166761398315,False,magneto,
ConcomitantMedicationReceivedType,MedicationAdministration,entity,Observation,Device,0.2136373221874237,False,magneto,
FamilyMemberVitalStatusIndicator,Patient,entity,Observation,Identifier,0.4460070729255676,False,magneto,
COVID19OccurrenceIndicator,Patient,entity,Observation,Identifier,0.35954365134239197,False,magneto,
COVID19CurrentStatus,Patient,entity,Observation,Patient,0.25389420986175537,False,magneto,
COVID19ComplicationsSeverity,Patient,entity,Observation,Patient,0.19879350066184998,False,magneto,
COVID19CancerTreatmentFollowup,Patient,entity,Observation,Patient,0.3061198592185974,False,magneto,
Ecigvapeuse,Patient,entity,Observation,Observation,0.28853553533554077,True,magneto,
Ecigvape30dayusenum,Patient,entity,Observation,Identifier,0.3522045612335205,False,magneto,
Ecigvapetimesperday,Patient,entity,Observation,Identifier,0.2262573540210724,False,magneto,
Chewingtobaccodailyusecount,Patient,entity,Observation,Observation,0.2365395426750183,True,magneto,
Secondhandsmokeexposureyears,Patient,entity,Observation,Identifier,0.25885009765625,False,magneto,
KnownGeneticPredispositionMutation,Patient,entity,Observation,Observation,0.2127208560705185,True,magneto,
HereditaryCancerPredispositionSyndrome,Patient,entity,Observation,Patient,0.08765271306037903,False,magneto,
CancerAssociatedGeneMutations,Patient,entity,Observation,Patient,0.15437135100364685,False,magneto,
MutationalSignatures,Patient,entity,Observation,Specimen,0.2558600902557373,False,magneto,
MismatchRepairSystemStatus,Patient,entity,Observation,Identifier,0.2785111963748932,False,magneto,
LabTestsforMMRStatus,Patient,entity,Observation,Specimen,0.40033677220344543,False,magneto,
ModeofCancerDetection,Patient,entity,Observation,Device,0.21252085268497467,False,magneto,
EducationLevel,Patient,entity,Observation,ResearchStudy,0.3035881817340851,False,magneto,
CountryofBirth,Patient,entity,Observation,Identifier,0.21974311769008636,False,magneto,
MedicallyUnderservedArea,Patient,entity,Observation,Medication,0.5120944976806641,False,magneto,
RuralvsUrban,Patient,entity,Observation,ResearchStudy,0.25073593854904175,False,magneto,
CancerIncidence,Patient,entity,Observation,Medication,0.3346875309944153,False,magneto,
CancerIncidenceLocation,Patient,entity,Observation,Patient,0.27817845344543457,False,magneto,
Ethnicity,Patient,entity,Patient,Observation,0.3028920292854309,False,magneto,
Gender,Patient,entity,Patient,Specimen,0.3745098114013672,False,magneto,
Race,Patient,entity,Patient,Observation,0.3660368323326111,False,magneto,
VitalStatus,Patient,entity,Patient,Identifier,0.3608742654323578,False,magneto,
AgeatDiagnosis,Patient,entity,Condition,Medication,0.28198206424713135,False,magneto,
DaystoLastFollowup,Patient,entity,Observation,Patient,0.20578527450561523,False,magneto,
DaystoLastKnownDiseaseStatus,Patient,entity,Observation,Patient,0.2911735773086548,False,magneto,
DaystoRecurrence,Patient,entity,Observation,Patient,0.2694138288497925,False,magneto,
LastKnownDiseaseStatus,Patient,entity,Observation,Identifier,0.37234848737716675,False,magneto,
Morphology,Patient,entity,Observation,Specimen,0.3947206139564514,False,magneto,
PrimaryDiagnosis,Patient,entity,Condition,Patient,0.30970442295074463,False,magneto,
ProgressionorRecurrence,Patient,entity,Condition,Patient,0.21573644876480103,False,magneto,
SiteofResectionorBiopsy,Specimen,entity,Specimen,ResearchStudy,0.22371038794517517,False,magneto,
TissueorOrganofOrigin,Patient,entity,Condition,Identifier,0.3132912218570709,False,magneto,
NCIAtlasCancerSite,,entity,Condition,MedicationAdministration,0.2725943624973297,False,magneto,
TumorGrade,Patient,entity,Condition,Patient,0.30517274141311646,False,magneto,
PackYearsSmoked,Patient,entity,Observation,Identifier,0.2395634651184082,False,magneto,
YearsSmoked,Patient,entity,Observation,Identifier,0.24147473275661469,False,magneto,
DaystoFollowUp,Patient,entity,Observation,Observation,0.21161264181137085,True,magneto,
GeneSymbol,Patient,entity,Observation,Specimen,0.3013738989830017,False,magneto,
MolecularAnalysisMethod,Patient,entity,Observation,Observation,0.2537125051021576,True,magneto,
TestResult,Patient,entity,Observation,ResearchStudy,0.3174472749233246,False,magneto,
TreatmentType,MedicationAdministration,entity,MedicationAdministration,Medication,0.5192670822143555,False,magneto,
TumorLargestDimensionDiameter,,entity,Observation,Device,0.198424831032753,False,magneto,
LungCancerTier3,,entity,Identifier,Patient,0.3288576304912567,False,magneto,
LungCancerDetectionMethodType,Patient,entity,Condition,Identifier,0.21033932268619537,False,magneto,
BreastCancerTier3,Patient,entity,Identifier,Patient,0.30210599303245544,False,magneto,
ProstateCancerTier3,,entity,Identifier,Patient,0.3093661665916443,False,magneto,
PancreasPrecancerHistopathologicGrade,Patient,entity,Condition,Patient,0.17524322867393494,False,magneto,
PancreaticIPMNPathologyEpithelialSubtype,Patient,entity,Observation,Identifier,0.1967981904745102,False,magneto,
PancreaticDuctFinalPathologyType,Patient,entity,Observation,Patient,0.14419859647750854,False,magneto,
DaystoBirth,Patient,entity,Observation,Medication,0.2119467556476593,False,magneto,
CountryofResidence,Patient,entity,Observation,ServiceRequest,0.22154580056667328,False,magneto,
AgeIsObfuscated,Patient,entity,Observation,Identifier,0.3390886187553406,False,magneto,
YearOfBirth,Patient,entity,Observation,Identifier,0.21697074174880981,False,magneto,
OccupationDurationYears,Patient,entity,Observation,ResearchStudy,0.19242256879806519,False,magneto,
PrematureAtBirth,Patient,entity,Observation,Medication,0.2988557815551758,False,magneto,
WeeksGestationatBirth,Patient,entity,Observation,Patient,0.236615389585495,False,magneto,
RelativewithCancerHistory,Patient,entity,Observation,Patient,0.25947317481040955,False,magneto,
SmokingExposure,Patient,entity,Observation,Observation,0.3944587707519531,True,magneto,
AlcoholExposure,Patient,entity,Observation,Observation,0.3095148503780365,True,magneto,
AsbestosExposure,Patient,entity,Observation,Medication,0.3018185496330261,False,magneto,
CoalDustExposure,Patient,entity,Observation,Identifier,0.29651880264282227,False,magneto,
EnvironmentalTobaccoSmokeExposure,Patient,entity,Observation,Identifier,0.2507445216178894,False,magneto,
RadonExposure,Patient,entity,Observation,Observation,0.3183590769767761,True,magneto,
RespirableCrystallineSilicaExposure,Patient,entity,Observation,Specimen,0.2225751280784607,False,magneto,
AdverseEvent,Patient,entity,Observation,Observation,0.27345073223114014,True,magneto,
BarrettsEsophagusGobletCellsPresent,Patient,entity,Observation,Medication,0.32273614406585693,False,magneto,
BMI,Patient,entity,Observation,Condition,0.1853935718536377,False,magneto,
CauseofResponse,Patient,entity,Observation,ServiceRequest,0.42277005314826965,False,magneto,
Comorbidity,Patient,entity,Observation,Medication,0.32438182830810547,False,magneto,
ComorbidityMethodofDiagnosis,Patient,entity,Observation,MedicationAdministration,0.29021456837654114,False,magneto,
DaystoAdverseEvent,Patient,entity,Observation,Observation,0.19959789514541626,True,magneto,
DaystoComorbidity,Patient,entity,Observation,Condition,0.30913373827934265,False,magneto,
DiseaseResponse,Patient,entity,Observation,Medication,0.4146288335323334,False,magneto,
DLCORefPredictivePercent,Patient,entity,Observation,MedicationAdministration,0.09339261800050735,False,magneto,
ECOGPerformanceStatus,Patient,entity,Observation,Observation,0.19708091020584106,True,magneto,
FEV1FVCPostBronchPercent,Patient,entity,Observation,Identifier,0.3091898560523987,False,magneto,
FEV1FVCPreBronchPercent,Patient,entity,Observation,Identifier,0.3221137225627899,False,magneto,
FEV1RefPostBronchPercent,Patient,entity,Observation,Identifier,0.21306705474853516,False,magneto,
FEV1RefPreBronchPercent,Patient,entity,Observation,ResearchStudy,0.19131597876548767,False,magneto,
Height,Patient,entity,Observation,Specimen,0.3088516592979431,False,magneto,
HepatitisSustainedVirologicalResponse,Patient,entity,Observation,Patient,0.14695900678634644,False,magneto,
HPVPositiveType,Patient,entity,Observation,Patient,0.22735720872879028,False,magneto,
KarnofskyPerformanceStatus,Patient,entity,Observation,Observation,0.2871636152267456,True,magneto,
MenopauseStatus,Patient,entity,Observation,Medication,0.277858167886734,False,magneto,
PancreatitisOnsetYear,Patient,entity,Observation,Medication,0.2502613663673401,False,magneto,
RefluxTreatmentType,Patient,entity,Observation,ResearchStudy,0.2693104147911072,False,magneto,
RiskFactor,Patient,entity,Observation,Identifier,0.348227858543396,False,magneto,
RiskFactorTreatment,Patient,entity,Observation,MedicationAdministration,0.2697329521179199,False,magneto,
ViralHepatitisSerologies,Patient,entity,Observation,Patient,0.148840069770813,False,magneto,
Weight,Patient,entity,Observation,Observation,0.30078285932540894,True,magneto,
AdverseEventGrade,Patient,entity,Observation,Condition,0.20698578655719757,False,magneto,
AIDSRiskFactors,,entity,Observation,Identifier,0.2669212818145752,False,magneto,
BodySurfaceArea,Patient,entity,Observation,Device,0.250652551651001,False,magneto,
CDCHIVRiskFactors,Patient,entity,Observation,Identifier,0.34574759006500244,False,magneto,
DaystoImaging,Patient,entity,Observation,Observation,0.1397211253643036,True,magneto,
HAARTTreatmentIndicator,Patient,entity,Observation,Identifier,0.4577670097351074,False,magneto,
HIVViralLoad,Patient,entity,Observation,Medication,0.3915219306945801,False,magneto,
HormonalContraceptiveUse,Patient,entity,Observation,Medication,0.3252265453338623,False,magneto,
HysterectomyMarginsInvolved,Patient,entity,Observation,Patient,0.19806428253650665,False,magneto,
HysterectomyType,Patient,entity,Observation,Specimen,0.13733753561973572,False,magneto,
ImagingResult,Patient,entity,Observation,Device,0.28646379709243774,False,magneto,
ImagingType,Patient,entity,Observation,Device,0.3983941078186035,False,magneto,
ImmunosuppressiveTreatmentType,Patient,entity,Observation,Medication,0.3062976598739624,False,magneto,
NadirCD4Count,Patient,entity,Observation,Identifier,0.3189461827278137,False,magneto,
PregnancyOutcome,Patient,entity,Observation,Medication,0.260054349899292,False,magneto,
RecistTargetedRegionsNumber,Patient,entity,Observation,DocumentReference,0.2532535493373871,False,magneto,
RecistTargetedRegionsSum,Patient,entity,Observation,DocumentReference,0.23540982604026794,False,magneto,
ScanTracerUsed,Patient,entity,Observation,DocumentReference,0.29453569650650024,False,magneto,
TreatmentorTherapy,Patient,entity,Observation,Medication,0.5446323156356812,False,magneto,
TreatmentEffect,MedicationAdministration,entity,Observation,Medication,0.5279902219772339,False,magneto,
TreatmentOutcome,,entity,Observation,Medication,0.5124171376228333,False,magneto,
DaystoTreatmentEnd,Patient,entity,MedicationAdministration,Patient,0.19623368978500366,False,magneto,
TreatmentAnatomicSite,Patient,entity,MedicationAdministration,Medication,0.4877171814441681,False,magneto,
DaystoTreatmentStart,Patient,entity,MedicationAdministration,Medication,0.16898241639137268,False,magneto,
InitialDiseaseStatus,Patient,entity,Condition,Identifier,0.29343587160110474,False,magneto,
RegimenorLineofTherapy,Patient,entity,Observation,Medication,0.5232146978378296,False,magneto,
TherapeuticAgents,Patient,entity,Medication,Medication,0.4792998731136322,True,magneto,
TreatmentIntentType,Patient,entity,Observation,Medication,0.4654091000556946,False,magneto,
ChemoConcurrenttoRadiation,Patient,entity,Observation,DocumentReference,0.14170028269290924,False,magneto,
NumberofCycles,Patient,entity,Observation,Observation,0.133544921875,True,magneto,
ReasonTreatmentEnded,Patient,entity,MedicationAdministration,Observation,0.3402816951274872,False,magneto,
TreatmentDose,Patient,entity,MedicationAdministration,Medication,0.6625213623046875,False,magneto,
TreatmentDoseUnits,Patient,entity,MedicationAdministration,Medication,0.6097900867462158,False,magneto,
TreatmentEffectIndicator,Patient,entity,Observation,Medication,0.5554984211921692,False,magneto,
TreatmentFrequency,MedicationAdministration,entity,Observation,Medication,0.32991302013397217,False,magneto,
YearofDiagnosis,Patient,entity,Observation,Medication,0.30850809812545776,False,magneto,
PrecancerousConditionType,,entity,Condition,Condition,0.24056246876716614,True,magneto,
MethodofDiagnosis,,entity,Observation,Observation,0.3326455354690552,True,magneto,
PriorMalignancy,,entity,Observation,Observation,0.3933914005756378,True,magneto,
PriorTreatment,,entity,Observation,Observation,0.41790270805358887,True,magneto,
MetastasisatDiagnosis,,entity,Observation,Observation,0.15608051419258118,True,magneto,
MetastasisatDiagnosisSite,,entity,Condition,MedicationAdministration,0.2638341188430786,False,magneto,
FirstSymptomPriortoDiagnosis,,entity,Observation,Patient,0.2501105070114136,False,magneto,
AAChange,Patient,entity,Observation,Observation,0.27648961544036865,True,magneto,
Antigen,Patient,entity,Observation,Identifier,0.2888023555278778,False,magneto,
ClinicalBiospecimenType,Specimen,entity,Observation,MedicationAdministration,0.41459959745407104,False,magneto,
BloodTestNormalRangeUpper,Patient,entity,Observation,Specimen,0.3172646164894104,False,magneto,
BloodTestNormalRangeLower,Patient,entity,Observation,Medication,0.29536473751068115,False,magneto,
CellCount,Patient,entity,Observation,Identifier,0.25722822546958923,False,magneto,
Clonality,Specimen,entity,Observation,Observation,0.3207387924194336,True,magneto,
CopyNumber,Patient,entity,Observation,DocumentReference,0.31936782598495483,False,magneto,
Cytoband,Patient,entity,Observation,Device,0.2766503095626831,False,magneto,
HistoneFamily,Patient,entity,Observation,Identifier,0.18376603722572327,False,magneto,
HistoneVariant,Patient,entity,Observation,Identifier,0.2004532516002655,False,magneto,
Intron,Specimen,entity,Observation,Identifier,0.37985023856163025,False,magneto,
LaboratoryTest,Patient,entity,Observation,Specimen,0.36568325757980347,False,magneto,
LociAbnormalCount,Patient,entity,Observation,Identifier,0.3306645452976227,False,magneto,
LociCount,Patient,entity,Observation,Identifier,0.2664278447628021,False,magneto,
Locus,Patient,entity,Observation,Specimen,0.2599896490573883,False,magneto,
MismatchRepairMutation,Patient,entity,Observation,Identifier,0.25455954670906067,False,magneto,
MolecularConsequence,Patient,entity,Observation,Observation,0.15163715183734894,True,magneto,
Pathogenicity,Patient,entity,Observation,Patient,0.24336020648479462,False,magneto,
Ploidy,Patient,entity,Observation,Specimen,0.27508628368377686,False,magneto,
SecondExon,Patient,entity,Observation,Identifier,0.2858416438102722,False,magneto,
SecondGeneSymbol,Patient,entity,Observation,Specimen,0.28328049182891846,False,magneto,
SpecializedMolecularTest,Patient,entity,Observation,Specimen,0.27064943313598633,False,magneto,
TestAnalyteType,Patient,entity,Specimen,Specimen,0.3123703896999359,True,magneto,
TestUnits,Patient,entity,Observation,Specimen,0.2775198817253113,False,magneto,
TestValue,Patient,entity,Observation,Specimen,0.3385365307331085,False,magneto,
Transcript,Patient,entity,Observation,Condition,0.2488580346107483,False,magneto,
VariantOrigin,Patient,entity,Observation,Identifier,0.34121882915496826,False,magneto,
VariantType,Patient,entity,Observation,Specimen,0.32747167348861694,False,magneto,
Zygosity,Patient,entity,Observation,Identifier,0.27939096093177795,False,magneto,
CollectionDaysfromIndex,Specimen,entity,Identifier,Identifier,0.19195592403411865,True,magneto,
AdjacentBiospecimenIDs,Specimen,entity,Identifier,Specimen,0.2206927388906479,False,magneto,
BiospecimenType,Specimen,entity,Specimen,Specimen,0.37295955419540405,True,magneto,
AcquisitionMethodType,Specimen,entity,Specimen,Device,0.2813854217529297,False,magneto,
FixativeType,Specimen,entity,Observation,Specimen,0.2775818705558777,False,magneto,
StorageMethod,Specimen,entity,Observation,Device,0.310535728931427,False,magneto,
ProcessingDaysfromIndex,Specimen,entity,Observation,Identifier,0.2093563675880432,False,magneto,
ProtocolLink,DocumentReference,entity,Observation,ServiceRequest,0.2809998095035553,False,magneto,
SiteDataSource,Specimen,entity,Observation,ServiceRequest,0.2779669463634491,False,magneto,
CollectionMedia,Specimen,entity,Observation,Device,0.29061877727508545,False,magneto,
MountingMedium,Specimen,entity,Observation,MedicationAdministration,0.19593504071235657,False,magneto,
ProcessingLocation,Specimen,entity,Observation,ServiceRequest,0.2907908260822296,False,magneto,
HistologyAssessmentBy,Specimen,entity,Observation,Specimen,0.25286221504211426,False,magneto,
HistologyAssessmentMedium,Specimen,entity,Observation,Specimen,0.24568429589271545,False,magneto,
PreinvasiveMorphology,Specimen,entity,Observation,Observation,0.23123660683631897,True,magneto,
TumorInfiltratingLymphocytes,Specimen,entity,Observation,Patient,0.10987015068531036,False,magneto,
DegreeofDysplasia,Specimen,entity,Observation,Specimen,0.22256803512573242,False,magneto,
DysplasiaFraction,Specimen,entity,Observation,Specimen,0.24370978772640228,False,magneto,
NumberProliferatingCells,Specimen,entity,Observation,Observation,0.13977086544036865,True,magneto,
PercentEosinophilInfiltration,Specimen,entity,Observation,Condition,0.061894334852695465,False,magneto,
PercentGranulocyteInfiltration,Specimen,entity,Observation,Patient,0.07037696242332458,False,magneto,
PercentInflamInfiltration,Specimen,entity,Observation,Condition,0.12848323583602905,False,magneto,
PercentLymphocyteInfiltration,Specimen,entity,Observation,Medication,0.11427370458841324,False,magneto,
PercentMonocyteInfiltration,Specimen,entity,Observation,Patient,0.0907985046505928,False,magneto,
PercentNecrosis,Specimen,entity,Observation,Patient,0.180736243724823,False,magneto,
PercentNeutrophilInfiltration,Specimen,entity,Observation,Condition,0.09534120559692383,False,magneto,
PercentNormalCells,Specimen,entity,Observation,Specimen,0.1247960552573204,False,magneto,
PercentStromalCells,Specimen,entity,Observation,Identifier,0.08463159203529358,False,magneto,
PercentTumorCells,Specimen,entity,Observation,Patient,0.16485515236854553,False,magneto,
PercentTumorNuclei,Specimen,entity,Observation,Specimen,0.19965079426765442,False,magneto,
FiducialMarker,Specimen,entity,Observation,Identifier,0.3860151469707489,False,magneto,
SlicingMethod,Specimen,entity,Observation,Identifier,0.174174964427948,False,magneto,
LysisBuffer,Specimen,entity,Observation,Device,0.2752093970775604,False,magneto,
MethodofNucleicAcidIsolation,Specimen,entity,Observation,Observation,0.13464340567588806,True,magneto,
IschemicTime,Specimen,entity,Observation,Patient,0.22800002992153168,False,magneto,
IschemicTemperature,Specimen,entity,Observation,Patient,0.1696016937494278,False,magneto,
HistologicMorphologyCode,Specimen,entity,Observation,Specimen,0.1596084088087082,False,magneto,
PreservationMethod,Specimen,entity,Specimen,Identifier,0.3636411130428314,False,magneto,
NucleicAcidSource,DocumentReference,entity,Observation,DocumentReference,0.21514230966567993,False,magneto,
CryopreservedCellsinSample,DocumentReference,entity,Observation,Observation,0.19459415972232819,True,magneto,
SingleCellIsolationMethod,DocumentReference,entity,Observation,Identifier,0.20465630292892456,False,magneto,
DissociationMethod,DocumentReference,entity,Observation,Identifier,0.3596881031990051,False,magneto,
LibraryConstructionMethod,DocumentReference,entity,Observation,DocumentReference,0.22990502417087555,False,magneto,
ReadIndicator,DocumentReference,entity,Observation,Identifier,0.3936406970024109,False,magneto,
Read1,DocumentReference,entity,Observation,Identifier,0.23402518033981323,False,magneto,
Read2,DocumentReference,entity,Observation,ResearchStudy,0.2368296980857849,False,magneto,
EndBias,DocumentReference,entity,Observation,Identifier,0.3035251498222351,False,magneto,
ReverseTranscriptionPrimer,DocumentReference,entity,Observation,Identifier,0.24085408449172974,False,magneto,
SpikeIn,DocumentReference,entity,Observation,Medication,0.27509260177612305,False,magneto,
SequencingPlatform,DocumentReference,entity,Device,Specimen,0.13546112179756165,False,magneto,
TotalNumberofInputCells,DocumentReference,entity,Observation,DocumentReference,0.11597766727209091,False,magneto,
InputCellsandNuclei,DocumentReference,entity,Observation,DocumentReference,0.1590718924999237,False,magneto,
LibraryPreparationDaysfromIndex,DocumentReference,entity,Observation,Identifier,0.11650478094816208,False,magneto,
SingleCellDissociationDaysfromIndex,DocumentReference,entity,Observation,Identifier,0.20972678065299988,False,magneto,
SequencingLibraryConstructionDaysfromIndex,DocumentReference,entity,Observation,Identifier,0.12658336758613586,False,magneto,
NucleicAcidCaptureDaysfromIndex,DocumentReference,entity,Observation,Identifier,0.27038705348968506,False,magneto,
TechnicalReplicateGroup,DocumentReference,entity,Observation,Device,0.24756628274917603,False,magneto,
ScRNAseqWorkflowType,DocumentReference,entity,Observation,ServiceRequest,0.22609911859035492,False,magneto,
WorkflowVersion,DocumentReference,entity,Observation,MedicationAdministration,0.1425096094608307,False,magneto,
ScRNAseqWorkflowParametersDescription,DocumentReference,entity,Observation,ServiceRequest,0.30079421401023865,False,magneto,
WorkflowLink,DocumentReference,entity,Observation,DocumentReference,0.2613704204559326,False,magneto,
GenomicReference,DocumentReference,entity,Observation,DocumentReference,0.37684133648872375,False,magneto,
GenomicReferenceURL,DocumentReference,entity,Observation,DocumentReference,0.3933088481426239,False,magneto,
GenomeAnnotationURL,DocumentReference,entity,Observation,Identifier,0.19488270580768585,False,magneto,
WhitelistCellBarcodeFileLink,DocumentReference,entity,Observation,DocumentReference,0.1464843451976776,False,magneto,
CellBarcodeTag,DocumentReference,entity,Observation,Identifier,0.2176443636417389,False,magneto,
UMITag,DocumentReference,entity,Observation,Identifier,0.26730889081954956,False,magneto,
AppliedHardTrimming,DocumentReference,entity,Observation,Identifier,0.3208349049091339,False,magneto,
DataCategory,DocumentReference,entity,DocumentReference,Identifier,0.3114989399909973,False,magneto,
MatrixType,DocumentReference,entity,Observation,Device,0.25437217950820923,False,magneto,
LinkedMatrices,DocumentReference,entity,Observation,DocumentReference,0.15555092692375183,False,magneto,
CellMedianNumberReads,DocumentReference,entity,Observation,Device,0.24452073872089386,False,magneto,
CellMedianNumberGenes,DocumentReference,entity,Observation,Identifier,0.1889200210571289,False,magneto,
CellTotal,DocumentReference,entity,Observation,Identifier,0.21658283472061157,False,magneto,
Slide-seqLevel3,DocumentReference,entity,Observation,Identifier,0.09726034104824066,False,magneto,
SequencingBatchID,DocumentReference,entity,Observation,ServiceRequest,0.17756807804107666,False,magneto,
Slide-seqBeadFileType,DocumentReference,entity,Observation,DocumentReference,0.14902855455875397,False,magneto,
Slide-seqFragmentSize,DocumentReference,entity,Observation,DocumentReference,0.030155610293149948,False,magneto,
BulkRNA-seqLevel1,DocumentReference,entity,DocumentReference,Condition,0.14347286522388458,False,magneto,
LibraryLayout,DocumentReference,entity,Observation,Device,0.14204491674900055,False,magneto,
Micro-regionSeqPlatform,DocumentReference,entity,Observation,Specimen,0.15133848786354065,False,magneto,
ROITag,DocumentReference,entity,Observation,Identifier,0.35840243101119995,False,magneto,
ReadLength,DocumentReference,entity,Observation,Observation,0.2242930829524994,True,magneto,
LibrarySelectionMethod,DocumentReference,entity,Observation,DocumentReference,0.27319788932800293,False,magneto,
LibraryPreparationKitName,DocumentReference,entity,Observation,Identifier,0.1559208184480667,False,magneto,
LibraryPreparationKitVendor,DocumentReference,entity,Observation,DocumentReference,0.1815372109413147,False,magneto,
LibraryPreparationKitVersion,DocumentReference,entity,Observation,Device,0.09107783436775208,False,magneto,
AdapterName,DocumentReference,entity,Observation,Identifier,0.33330076932907104,False,magneto,
AdapterSequence,DocumentReference,entity,Observation,Identifier,0.20064762234687805,False,magneto,
BaseCallerName,DocumentReference,entity,Observation,ServiceRequest,0.33663323521614075,False,magneto,
BaseCallerVersion,DocumentReference,entity,Observation,ServiceRequest,0.2296338677406311,False,magneto,
FlowCellBarcode,DocumentReference,entity,Observation,Identifier,0.12782444059848785,False,magneto,
FragmentMaximumLength,DocumentReference,entity,Observation,Specimen,0.1210579201579094,False,magneto,
FragmentMeanLength,DocumentReference,entity,Observation,Specimen,0.17804108560085297,False,magneto,
FragmentMinimumLength,DocumentReference,entity,Observation,Specimen,0.14076538383960724,False,magneto,
FragmentStandardDeviationLength,DocumentReference,entity,Observation,Specimen,0.14260534942150116,False,magneto,
LaneNumber,DocumentReference,entity,Observation,Identifier,0.3125111758708954,False,magneto,
LibraryStrand,DocumentReference,entity,Observation,Identifier,0.3262484669685364,False,magneto,
MultiplexBarcode,DocumentReference,entity,Observation,Identifier,0.1399611085653305,False,magneto,
SizeSelectionRange,DocumentReference,entity,Observation,Identifier,0.11916809529066086,False,magneto,
TargetDepth,DocumentReference,entity,Observation,Identifier,0.2863975763320923,False,magneto,
ToTrimAdapterSequence,DocumentReference,entity,Observation,Identifier,0.17523837089538574,False,magneto,
TranscriptIntegrityNumber,DocumentReference,entity,Observation,Identifier,0.2960529923439026,False,magneto,
RIN,DocumentReference,entity,Observation,Identifier,0.27203163504600525,False,magneto,
AdapterContent,DocumentReference,entity,Observation,Device,0.35668641328811646,False,magneto,
BasicStatistics,DocumentReference,entity,Observation,Observation,0.2660970687866211,True,magneto,
Encoding,DocumentReference,entity,Observation,Identifier,0.25981849431991577,False,magneto,
OverrepresentedSequences,DocumentReference,entity,Observation,Observation,0.2207750380039215,True,magneto,
PerBaseNContent,DocumentReference,entity,Observation,Identifier,0.26497790217399597,False,magneto,
PerBaseSequenceContent,DocumentReference,entity,Observation,DocumentReference,0.15902921557426453,False,magneto,
PerBaseSequenceQuality,DocumentReference,entity,Observation,Condition,0.19133172929286957,False,magneto,
PerSequenceGCContent,DocumentReference,entity,Observation,Condition,0.17659172415733337,False,magneto,
PerSequenceQualityScore,DocumentReference,entity,Observation,Condition,0.24939343333244324,False,magneto,
PerTileSequenceQuality,DocumentReference,entity,Observation,Condition,0.18216726183891296,False,magneto,
PercentGCContent,DocumentReference,entity,Observation,DocumentReference,0.151267409324646,False,magneto,
SequenceDuplicationLevels,DocumentReference,entity,Observation,DocumentReference,0.11204127967357635,False,magneto,
SequenceLengthDistribution,DocumentReference,entity,Observation,Identifier,0.20789498090744019,False,magneto,
TotalReads,DocumentReference,entity,Observation,Observation,0.2747694253921509,True,magneto,
QCWorkflowType,DocumentReference,entity,Observation,MedicationAdministration,0.1819666624069214,False,magneto,
QCWorkflowVersion,DocumentReference,entity,Observation,MedicationAdministration,0.10184627026319504,False,magneto,
QCWorkflowLink,DocumentReference,entity,Observation,DocumentReference,0.1720307469367981,False,magneto,
AlignmentWorkflowType,DocumentReference,entity,Observation,MedicationAdministration,0.1927328258752823,False,magneto,
IndexFileName,DocumentReference,entity,Observation,DocumentReference,0.26467692852020264,False,magneto,
AverageBaseQuality,DocumentReference,entity,Observation,Condition,0.22972793877124786,False,magneto,
AverageInsertSize,DocumentReference,entity,Observation,Observation,0.22829601168632507,True,magneto,
AverageReadLength,DocumentReference,entity,Observation,Observation,0.20622879266738892,True,magneto,
Contamination,DocumentReference,entity,Observation,Observation,0.35463547706604004,True,magneto,
ContaminationError,DocumentReference,entity,Observation,Identifier,0.18192273378372192,False,magneto,
MeanCoverage,DocumentReference,entity,Observation,Observation,0.2923750877380371,True,magneto,
MSIWorkflowLink,DocumentReference,entity,Observation,DocumentReference,0.2276051938533783,False,magneto,
MSIScore,DocumentReference,entity,Observation,Identifier,0.1790582686662674,False,magneto,
MSIStatus,DocumentReference,entity,Observation,Identifier,0.3412831425666809,False,magneto,
PairsOnDiffCHR,DocumentReference,entity,Observation,Identifier,0.29229727387428284,False,magneto,
TotalUniquelyMapped,DocumentReference,entity,Observation,Patient,0.2765205502510071,False,magneto,
TotalUnmappedreads,DocumentReference,entity,Observation,DocumentReference,0.20227137207984924,False,magneto,
ProportionReadsDuplicated,DocumentReference,entity,Observation,DocumentReference,0.16413220763206482,False,magneto,
ProportionReadsMapped,DocumentReference,entity,Observation,DocumentReference,0.1671423465013504,False,magneto,
ProportionTargetsNoCoverage,DocumentReference,entity,Observation,DocumentReference,0.22655832767486572,False,magneto,
ProportionBaseMismatch,DocumentReference,entity,Observation,Specimen,0.14453279972076416,False,magneto,
ShortReads,DocumentReference,entity,Observation,ResearchStudy,0.3113614320755005,False,magneto,
Islowestlevel,DocumentReference,entity,Observation,Identifier,0.26462092995643616,False,magneto,
TargetCaptureKit,DocumentReference,entity,Observation,Device,0.2448570281267166,False,magneto,
ProportionCoverage10x,DocumentReference,entity,Observation,Identifier,0.22254127264022827,False,magneto,
ProportionCoverage30X,DocumentReference,entity,Observation,Identifier,0.23765230178833008,False,magneto,
GermlineVariantsWorkflowURL,DocumentReference,entity,Observation,ServiceRequest,0.19727636873722076,False,magneto,
GermlineVariantsWorkflowType,DocumentReference,entity,Observation,MedicationAdministration,0.1581142544746399,False,magneto,
SomaticVariantsWorkflowURL,DocumentReference,entity,Observation,ServiceRequest,0.30504125356674194,False,magneto,
SomaticVariantsWorkflowType,DocumentReference,entity,Observation,ServiceRequest,0.20953044295310974,False,magneto,
SomaticVariantsSampleType,DocumentReference,entity,Observation,Specimen,0.22795194387435913,False,magneto,
StructuralVariantWorkflowURL,DocumentReference,entity,Observation,ServiceRequest,0.24880552291870117,False,magneto,
StructuralVariantWorkflowType,DocumentReference,entity,Observation,ServiceRequest,0.152021586894989,False,magneto,
SpikeInConcentration,DocumentReference,entity,Observation,Medication,0.20459455251693726,False,magneto,
EmptyWellBarcode,DocumentReference,entity,Observation,Identifier,0.18222540616989136,False,magneto,
WellIndex,DocumentReference,entity,Observation,Identifier,0.3425612151622772,False,magneto,
FeatureReferenceId,DocumentReference,entity,Observation,DocumentReference,0.4959757924079895,False,magneto,
ImagingAssayType,DocumentReference,entity,ServiceRequest,Device,0.3505993187427521,False,magneto,
SoftwareandVersion,DocumentReference,entity,Observation,Device,0.22785966098308563,False,magneto,
CommitSHA,DocumentReference,entity,Observation,Patient,0.25450795888900757,False,magneto,
Comment,,entity,Observation,Observation,0.3067739009857178,True,magneto,
ChannelMetadataFilename,DocumentReference,entity,Observation,Device,0.16138267517089844,False,magneto,
Microscope,DocumentReference,entity,Observation,Observation,0.4047533869743347,True,magneto,
Objective,DocumentReference,entity,Observation,Observation,0.38535547256469727,True,magneto,
NominalMagnification,DocumentReference,entity,Observation,Identifier,0.32250702381134033,False,magneto,
LensNA,DocumentReference,entity,Observation,Device,0.22413483262062073,False,magneto,
WorkingDistance,DocumentReference,entity,Observation,ResearchStudy,0.19879570603370667,False,magneto,
WorkingDistanceUnit,DocumentReference,entity,Observation,ResearchStudy,0.21547038853168488,False,magneto,
Immersion,DocumentReference,entity,Observation,Observation,0.326994389295578,True,magneto,
Pyramid,DocumentReference,entity,Observation,Specimen,0.352275013923645,False,magneto,
Zstack,DocumentReference,entity,Observation,Identifier,0.2595157027244568,False,magneto,
Tseries,DocumentReference,entity,Observation,Device,0.26077428460121155,False,magneto,
PassedQC,DocumentReference,entity,Observation,Identifier,0.2443077564239502,False,magneto,
FOVnumber,DocumentReference,entity,Observation,DocumentReference,0.1955031007528305,False,magneto,
FOVX,DocumentReference,entity,Observation,Device,0.24319741129875183,False,magneto,
FOVXUnit,DocumentReference,entity,Observation,Device,0.1324026882648468,False,magneto,
FOVY,DocumentReference,entity,Observation,Device,0.24047395586967468,False,magneto,
FOVYUnit,DocumentReference,entity,Observation,Medication,0.2398754358291626,False,magneto,
FrameAveraging,DocumentReference,entity,Observation,DocumentReference,0.19888244569301605,False,magneto,
ImageID,DocumentReference,entity,Observation,Identifier,0.5195125341415405,False,magneto,
DimensionOrder,DocumentReference,entity,Observation,Identifier,0.20001479983329773,False,magneto,
PhysicalSizeX,DocumentReference,entity,Observation,Device,0.2737267315387726,False,magneto,
PhysicalSizeXUnit,DocumentReference,entity,Observation,Device,0.2153123915195465,False,magneto,
PhysicalSizeY,DocumentReference,entity,Observation,Device,0.2886723279953003,False,magneto,
PhysicalSizeYUnit,DocumentReference,entity,Observation,Device,0.340485155582428,False,magneto,
PhysicalSizeZ,DocumentReference,entity,Observation,Device,0.26693785190582275,False,magneto,
PhysicalSizeZUnit,DocumentReference,entity,Observation,Device,0.31636402010917664,False,magneto,
PixelsBigEndian,DocumentReference,entity,Observation,Device,0.34061023592948914,False,magneto,
PlaneCount,DocumentReference,entity,Observation,Identifier,0.24293363094329834,False,magneto,
SizeC,DocumentReference,entity,Observation,Identifier,0.2793542742729187,False,magneto,
SizeT,DocumentReference,entity,Observation,Device,0.265902042388916,False,magneto,
SizeX,DocumentReference,entity,Observation,Specimen,0.24850405752658844,False,magneto,
SizeY,DocumentReference,entity,Observation,Specimen,0.29577481746673584,False,magneto,
SizeZ,DocumentReference,entity,Observation,Device,0.2375483363866806,False,magneto,
PixelType,DocumentReference,entity,Observation,Device,0.364107608795166,False,magneto,
MERFISHPositionsFile,DocumentReference,entity,Observation,Identifier,0.28642845153808594,False,magneto,
MERFISHCodebookFile,DocumentReference,entity,Observation,DocumentReference,0.061479125171899796,False,magneto,
ImagingSegmentationDataType,DocumentReference,entity,Observation,Device,0.21800237894058228,False,magneto,
Parameterfile,DocumentReference,entity,Observation,DocumentReference,0.18215718865394592,False,magneto,
ImagingObjectClass,DocumentReference,entity,Observation,Device,0.24560056626796722,False,magneto,
NumberofObjects,DocumentReference,entity,Observation,Identifier,0.18341538310050964,False,magneto,
HTANParentChannelMetadataID,DocumentReference,entity,Observation,Device,0.2219981998205185,False,magneto,
UMIBarcodeOffset,DocumentReference,entity,Observation,Identifier,0.21728074550628662,False,magneto,
UMIBarcodeLength,DocumentReference,entity,Observation,Identifier,0.2257276177406311,False,magneto,
AlignedReadLength,DocumentReference,entity,Observation,Patient,0.1553546041250229,False,magneto,
NumberofFeatures,DocumentReference,entity,Observation,Identifier,0.3009692430496216,False,magneto,
ImagingSummaryStatistic,DocumentReference,entity,Observation,Device,0.23436634242534637,False,magneto,
10XGenomicsXeniumISSExperiment,DocumentReference,entity,ServiceRequest,Identifier,0.31761646270751953,False,magneto,
AnalyteType,Specimen,entity,Specimen,Identifier,0.37546563148498535,False,magneto,
ImagingObjectClassDescription,DocumentReference,entity,Observation,Identifier,0.2672087252140045,False,magneto,
CDNAOffset,DocumentReference,entity,Observation,Identifier,0.1893499493598938,False,magneto,
CDNALength,DocumentReference,entity,Observation,Identifier,0.30785366892814636,False,magneto,
MedianUMIsperCellNumber,DocumentReference,entity,Observation,Identifier,0.23666037619113922,False,magneto,
CellBarcodeOffset,DocumentReference,entity,Observation,Identifier,0.10106968879699707,False,magneto,
CellBarcodeLength,DocumentReference,entity,Observation,Device,0.05844162404537201,False,magneto,
ValidBarcodesCellNumber,DocumentReference,entity,Observation,Identifier,0.14898931980133057,False,magneto,
CustomGermlineVariantsWorkflowType,DocumentReference,entity,Observation,MedicationAdministration,0.16486158967018127,False,magneto,
CustomSomaticVariantsWorkflowType,DocumentReference,entity,Observation,MedicationAdministration,0.18905429542064667,False,magneto,
CustomStructuralVariantWorkflowType,DocumentReference,entity,Observation,MedicationAdministration,0.1505347341299057,False,magneto,
CustomAlignmentWorkflow,DocumentReference,entity,Observation,MedicationAdministration,0.20288580656051636,False,magneto,
FixationDuration,Specimen,entity,Observation,Patient,0.3578658699989319,False,magneto,
SlideChargeType,Specimen,entity,Observation,Device,0.2198016345500946,False,magneto,
SectionThicknessValue,Specimen,entity,Observation,Condition,0.1594376415014267,False,magneto,
SectioningDaysfromIndex,Specimen,entity,Observation,Identifier,0.2602593004703522,False,magneto,
ShippingConditionType,Specimen,entity,Observation,Condition,0.30375197529792786,False,magneto,
SpecimenLaterality,Specimen,entity,Observation,Specimen,0.5992825031280518,False,magneto,
PortionWeight,Specimen,entity,Observation,Identifier,0.2485465407371521,False,magneto,
TotalVolume,Specimen,entity,Observation,Identifier,0.24197053909301758,False,magneto,
TumorTissueType,Specimen,entity,Observation,Specimen,0.313118040561676,False,magneto,
BiospecimenDimension1,Specimen,entity,Observation,Observation,0.300172358751297,True,magneto,
BiospecimenDimension2,Specimen,entity,Observation,Observation,0.31646227836608887,True,magneto,
BiospecimenDimension3,Specimen,entity,Observation,Identifier,0.30537545680999756,False,magneto,
SectionNumberinSequence,Specimen,entity,Observation,Identifier,0.1538146436214447,False,magneto,
AcquisitionMethodOtherSpecify,Specimen,entity,Observation,Identifier,0.3228246569633484,False,magneto,
TotalVolumeUnit,Specimen,entity,Observation,Patient,0.27447769045829773,False,magneto,
DimensionsUnit,Specimen,entity,Observation,Device,0.22570647299289703,False,magneto,
YearofDeath,Patient,entity,Observation,Identifier,0.18761558830738068,False,magneto,
CauseofDeath,Patient,entity,Observation,Observation,0.2986772656440735,True,magneto,
CauseofDeathSource,Patient,entity,Observation,Observation,0.2699069082736969,True,magneto,
DaystoDeath,Patient,entity,Observation,Patient,0.1977500468492508,False,magneto,
MedicallyUnderservedScore,Patient,entity,Observation,MedicationAdministration,0.5157482028007507,False,magneto,
RelationshipGender,Patient,entity,Observation,Identifier,0.25995805859565735,False,magneto,
RelationshipAgeatDiagnosis,Patient,entity,Observation,ResearchStudy,0.274394690990448,False,magneto,
RelationshipPrimaryDiagnosis,Patient,entity,Observation,ResearchStudy,0.28796300292015076,False,magneto,
RelationshipType,Patient,entity,Observation,Specimen,0.24665284156799316,False,magneto,
RelativeswithCancerHistoryCount,Patient,entity,Observation,Patient,0.16254141926765442,False,magneto,
CigarettesperDay,Patient,entity,Observation,Medication,0.3115534782409668,False,magneto,
SmokingFrequency,Patient,entity,Observation,Observation,0.28160274028778076,True,magneto,
TypeofSmokeExposure,Patient,entity,Observation,Identifier,0.32391804456710815,False,magneto,
TimebetweenWakingandFirstSmoke,Patient,entity,Observation,Observation,0.12223715335130692,True,magneto,
TobaccoSmokingOnsetYear,Patient,entity,Observation,Medication,0.30738717317581177,False,magneto,
TobaccoSmokingQuitYear,Patient,entity,Observation,Medication,0.3487229347229004,False,magneto,
TobaccoSmokingStatus,Patient,entity,Observation,Identifier,0.31971263885498047,False,magneto,
TypeofTobaccoUsed,Patient,entity,Observation,Identifier,0.3031861484050751,False,magneto,
SecondhandSmokeasChild,Patient,entity,Observation,Identifier,0.2669181227684021,False,magneto,
SmokeExposureDuration,Patient,entity,Observation,Observation,0.2795984148979187,True,magneto,
TobaccoUseperDay,Patient,entity,Observation,Medication,0.29672732949256897,False,magneto,
SmokelessTobaccoQuitAge,Patient,entity,Observation,Identifier,0.20734739303588867,False,magneto,
AlcoholDaysPerWeek,Patient,entity,Observation,Medication,0.25895917415618896,False,magneto,
AlcoholDrinksPerDay,Patient,entity,Observation,Identifier,0.26548266410827637,False,magneto,
AlcoholHistory,Patient,entity,Observation,Observation,0.2527177333831787,True,magneto,
AlcoholIntensity,Patient,entity,Observation,Identifier,0.318794846534729,False,magneto,
AlcoholType,Patient,entity,Observation,Identifier,0.2707492709159851,False,magneto,
MarijuanaUsePerWeek,Patient,entity,Observation,Medication,0.3024810552597046,False,magneto,
DaystoProgression,Patient,entity,Observation,Observation,0.26514697074890137,True,magneto,
ProgressionorRecurrenceType,Patient,entity,Observation,Patient,0.2316991686820984,False,magneto,
ProgressionorRecurrenceAnatomicSite,Patient,entity,Observation,Patient,0.27638259530067444,False,magneto,
Publication-associatedHTANParentDataFileID,DocumentReference,entity,Identifier,MedicationAdministration,0.28850871324539185,False,magneto,
DataType,DocumentReference,entity,ServiceRequest,Identifier,0.31663864850997925,False,magneto,
AtlasName,ResearchStudy,entity,ResearchStudy,Identifier,0.3823767304420471,False,magneto,
ResidualDisease,Patient,entity,Observation,Patient,0.23440487682819366,False,magneto,
Yes-AnaplasiaPresent,Patient,entity,Observation,Patient,0.3443561792373657,False,magneto,
Yes-VascularInvasionPresent,Patient,entity,Observation,MedicationAdministration,0.2324620485305786,False,magneto,
Dead,Patient,entity,Observation,Patient,0.3039194345474243,False,magneto,
Level,DocumentReference,entity,DocumentReference,Patient,0.30892160534858704,False,magneto,
Organ,Patient,entity,Observation,Specimen,0.43128636479377747,False,magneto,
Treatment,MedicationAdministration,entity,DocumentReference,Medication,0.7137629389762878,False,magneto,
DataAccess,DocumentReference,entity,DocumentReference,MedicationAdministration,0.2916542589664459,False,magneto,
SynapseId,DocumentReference,entity,Identifier,Identifier,0.3431827127933502,True,magneto,
Atlasid,ResearchStudy,entity,Identifier,Identifier,0.46878623962402344,True,magneto,
DataFileID,DocumentReference,entity,Identifier,Identifier,0.29916468262672424,True,magneto,
ParticipantID,Patient,entity,Identifier,Identifier,0.5258410573005676,True,magneto,
ParentBiospecimenID,Specimen,entity,Identifier,Identifier,0.3538854122161865,True,magneto,
PublicationIds,DocumentReference,entity,Observation,Identifier,0.3048819303512573,False,magneto,
IsRawSequencing,DocumentReference,entity,Observation,DocumentReference,0.31068214774131775,False,magneto,
ReleaseVersion,DocumentReference,entity,Observation,Device,0.18163727223873138,False,magneto,
ParentDataFileID,DocumentReference,entity,DocumentReference,DocumentReference,0.30356350541114807,True,magneto,
Metadata,DocumentReference,entity,Observation,Identifier,0.31397098302841187,False,magneto,
View,DocumentReference,entity,Observation,Observation,0.3613798916339874,True,magneto,
AnalyteBiospecimenType,Specimen,entity,Observation,Identifier,0.28419506549835205,False,magneto,
BloodBiospecimenType,Specimen,entity,Observation,Specimen,0.26785650849342346,False,magneto,
BoneMarrowBiospecimenType,Specimen,entity,Observation,Specimen,0.33327364921569824,False,magneto,
OtherAcquisitionMethod,Specimen,entity,Observation,ServiceRequest,0.3633311986923218,False,magneto,
TissueBiospecimenType,Specimen,entity,Observation,Specimen,0.28977662324905396,False,magneto,
UrineBiospecimenType,Specimen,entity,Observation,Medication,0.32795122265815735,False,magneto,
entityId,Specimen,entity,Observation,Identifier,0.5489859580993652,False,magneto,
Intron,Specimen,field,Observation.valueString,Specimen.identifier.analyte,0.33713826537132263,False,magneto,
treatment_id,diagnoses.treatments,field,MedicationAdministration.id,Patient.id,0.7347081899642944,False,magneto,
BarrettsEsophagusGobletCellsPresent,Patient,field,Observation.valueString,Condition.clinicalStatus,0.5018868446350098,False,magneto,
MERFISHPositionsFile,DocumentReference,field,Observation.component,Observation.code,0.30936333537101746,False,magneto,
ImmunosuppressiveTreatmentType,Patient,field,Observation.valueString,Condition.clinicalStatus,0.43537434935569763,False,magneto,
DissociationMethod,DocumentReference,field,Observation.component,Observation.aliquot.concentration,0.3220420777797699,False,magneto,
SmokeExposureDuration,Patient,field,Observation.valueString,Observation.patient.years_smoked,0.525356650352478,False,magneto,
HysterectomyMarginsInvolved,Patient,field,Observation.valueString,Condition.clinicalStatus,0.32499048113822937,False,magneto,
PhysicalSizeZUnit,DocumentReference,field,Observation.component,Attachment.size,0.491568922996521,False,magneto,
rna_integrity_number,samples.portions.analytes,field,Observation.analyte.rna_integrity_number,Observation.analyte.rna_integrity_number,0.879851222038269,True,magneto,
Assay,DocumentReference,field,ServiceRequest.supportingInfo.CodeableReference.concept.CodeableConcept.code,Specimen.processing.method.analyte,0.5111082792282104,False,magneto,
PublicationIds,DocumentReference,field,Observation.component,Observation.DocumentReference.library_preparation_kit_catalog_number,0.4949342906475067,False,magneto,
SequencingBatchID,DocumentReference,field,Observation.component,Observation.aliquot.selected_normal_targeted_sequencing,0.496238112449646,False,magneto,
Slide-seqLevel3,DocumentReference,field,Observation.component,Observation.slides.section_location,0.4438053369522095,False,magneto,
DaystoLastKnownDiseaseStatus,Patient,field,Observation.code,Observation.survey.days_to_death,0.4599315822124481,False,magneto,
aliquot_volume,samples.portions.analytes.aliquots,field,Observation.aliquot.aliquot_volume,Observation.aliquot.aliquot_volume,0.8048972487449646,True,magneto,
UrineBiospecimenType,Specimen,field,Observation.component,Specimen.identifier.analyte,0.413254976272583,False,magneto,
LabTestsforMMRStatus,Patient,field,Observation.valueString,ResearchStudyProgressStatus.actual,0.49925267696380615,False,magneto,
treatment_type,diagnoses.treatments,field,MedicationAdministration.treatment_type,MedicationAdministration.treatment_type,0.7522190809249878,True,magneto,
AtlasName,ResearchStudy,field,ResearchStudy.name,Organization.name,0.42802149057388306,False,magneto,
ExtentofTumorResection,Patient,field,Observation.valueString,Attachment.size,0.3764188289642334,False,magneto,
TumorLargestDimensionDiameter,,field,Observation.valueString,Observation.code.nci_tumor_grade,0.5061968564987183,False,magneto,
FragmentMeanLength,DocumentReference,field,Observation.component,Observation.DocumentReference.fragment_maximum_length,0.6089556217193604,False,magneto,
disease_type,project,field,ResearchStudy.condition,Condition.clinicalStatus,0.6721981763839722,False,magneto,
DLCORefPredictivePercent,Patient,field,Observation.valueString,Observation.DocumentReference.fragment_standard_deviation_length,0.32072943449020386,False,magneto,
ajcc_clinical_m,diagnoses,field,Condition.stage_ajcc_clinical_m,Condition.stage_ajcc_clinical_m,0.7776490449905396,True,magneto,
PixelsBigEndian,DocumentReference,field,Observation.component,ImagingStudy.identifier,0.3762955665588379,False,magneto,
PancreaticIPMNPathologyEpithelialSubtype,Patient,field,Observation.valueString,Observation.code.nci_tumor_grade,0.4114745855331421,False,magneto,
id,samples.portions.analytes.aliquots.center,field,Specimen.aliquot.center_id,Patient.id,0.41826331615448,False,magneto,
dbgap_accession_number,program,field,ResearchStudy.dbgap_accession_number,ResearchStudy.dbgap_accession_number,0.8595459461212158,True,magneto,
KnownGeneticPredispositionMutation,Patient,field,Observation.valueString,Observation.aliquot.selected_normal_targeted_sequencing,0.35898318886756897,False,magneto,
SizeX,DocumentReference,field,Observation.component,Attachment.size,0.3316236436367035,False,magneto,
StructuralVariantWorkflowURL,DocumentReference,field,Observation.component,DocumentReference.category.workflow_type,0.41358238458633423,False,magneto,
EnvironmentalTobaccoSmokeExposure,Patient,field,Observation.valueString,Organization.name,0.3417208790779114,False,magneto,
GermlineVariantsWorkflowURL,DocumentReference,field,Observation.component,DocumentReference.category.workflow_type,0.3863673210144043,False,magneto,
SpecimenLaterality,Specimen,field,Observation.component,Specimen.type,0.5659781098365784,False,magneto,
pack_years_smoked,exposures,field,Observation.patient.pack_years_smoked,Observation.patient.pack_years_smoked,0.7932631969451904,True,magneto,
COVID19CancerTreatmentFollowup,Patient,field,Observation.valueString,Condition.stage_ajcc_clinical_n,0.44295403361320496,False,magneto,
TimepointLabel,Specimen,field,Observation.valueString,Specimen.combined.time_indicator_for_sample_pairs,0.4494253396987915,False,magneto,
selected_normal_wgs,samples.portions.analytes.aliquots,field,Observation.aliquot.selected_normal_wgs,Observation.aliquot.selected_normal_wgs,0.7084510326385498,True,magneto,
PrimaryDiagnosis,Patient,field,Condition.coding.display,Condition.code_primary_diagnosis,0.6246743202209473,False,magneto,
ROITag,DocumentReference,field,Observation.component,Observation.DocumentReference.RIN,0.3043444752693176,False,magneto,
Contamination,DocumentReference,field,Observation.component,Observation.analyte.concentration,0.39528700709342957,False,magneto,
created_datetime,demographic,field,Extension.valueDateTime,Observation.DocumentReference.created_datetime,0.5580849051475525,False,magneto,
library_strand,analysis.metadata.read_groups,field,Observation.DocumentReference.library_strand,Observation.DocumentReference.library_strand,0.6638633012771606,True,magneto,
FOVY,DocumentReference,field,Observation.component,ImagingStudy.id,0.24355944991111755,False,magneto,
spectrophotometer_method,samples.portions.analytes,field,Observation.analyte.spectrophotometer_method,Observation.analyte.spectrophotometer_method,0.8631402850151062,True,magneto,
BaseCallerName,DocumentReference,field,Observation.component,Observation.DocumentReference.base_caller_name,0.5642545223236084,False,magneto,
PercentNeutrophilInfiltration,Specimen,field,Observation.component,Observation.analyte.a260_a280_ratio,0.3902329206466675,False,magneto,
project_id,project,field,ResearchStudy.identifier,Organization.id,0.4819454550743103,False,magneto,
DataAccess,DocumentReference,field,DocumentReference.securityLabel,ResearchStudy.dbgap_accession_number,0.3728664815425873,False,magneto,
TotalNumberofInputCells,DocumentReference,field,Observation.component,Observation.DocumentReference.number_expect_cells,0.5161828994750977,False,magneto,
submitter_sample_ids,case,field,Specimen.identifier,cases_submitter_id,0.661731481552124,False,magneto,
TotalReads,DocumentReference,field,Observation.component,Observation.DocumentReference.read_length,0.42188483476638794,False,magneto,
HTANParentChannelMetadataID,DocumentReference,field,Observation.component,ServiceRequest.supportingInfo.CodeableReference.concept.CodeableConcept.code,0.24365848302841187,False,magneto,
TestValue,Patient,field,Observation.valueString,Observation.valueQuantity.value,0.5707640647888184,False,magneto,
RecistTargetedRegionsNumber,Patient,field,Observation.valueString,Observation.DocumentReference.target_capture_kit_target_region,0.4439999461174011,False,magneto,
PancreaticDuctFinalPathologyType,Patient,field,Observation.valueString,Condition.clinicalStatus,0.33500200510025024,False,magneto,
short_name,samples.portions.analytes.aliquots.center,field,Specimen.aliquot.short_name,Specimen.aliquot.short_name,0.49848297238349915,True,magneto,
days_to_diagnosis,diagnoses,field,Observation.survey.days_to_diagnosis,Observation.survey.days_to_diagnosis,0.8040530681610107,True,magneto,
PhysicalSizeXUnit,DocumentReference,field,Observation.component,Attachment.size,0.49522411823272705,False,magneto,
ChemoConcurrenttoRadiation,Patient,field,Observation.valueString,Condition.stage_ajcc_pathologic_m,0.3235686719417572,False,magneto,
PerBaseSequenceContent,DocumentReference,field,Observation.component,Observation.DocumentReference.adapter_sequence,0.36881759762763977,False,magneto,
SizeY,DocumentReference,field,Observation.component,Attachment.size,0.3293503224849701,False,magneto,
BiospecimenDimension3,Specimen,field,Observation.component,ResearchStudyProgressStatus.actual,0.3883541226387024,False,magneto,
WeeksGestationatBirth,Patient,field,Observation.valueString,Observation.survey.days_to_birth,0.5952059030532837,False,magneto,
DaystoDeath,Patient,field,Observation.valueQuantity,Observation.survey.days_to_death,0.5362082123756409,False,magneto,
MolecularAnalysisMethod,Patient,field,Observation.valueString,Specimen.identifier.analyte,0.5364134907722473,False,magneto,
WorkflowVersion,DocumentReference,field,Observation.component,DocumentReference.category.workflow_type,0.44011473655700684,False,magneto,
program_id,program,field,ResearchStudy.identifier,Organization.id,0.4733569622039795,False,magneto,
name,program,field,ResearchStudy.name,Organization.name,0.46494749188423157,False,magneto,
FixativeType,Specimen,field,Observation.component,Specimen.type,0.46006691455841064,False,magneto,
PerSequenceQualityScore,DocumentReference,field,Observation.component,Condition.Observation.code,0.3319719135761261,False,magneto,
PerBaseNContent,DocumentReference,field,Observation.component,Observation.valueInteger,0.3946741819381714,False,magneto,
HTANBiospecimenID,Specimen,field,Identifier.value,Condition.clinicalStatus,0.35422202944755554,False,magneto,
alcohol_intensity,exposures,field,Observation.patient.alcohol_intensity,Observation.patient.alcohol_intensity,0.7166773080825806,True,magneto,
ProportionReadsMapped,DocumentReference,field,Observation.component,Observation.DocumentReference.fragment_mean_length,0.34309980273246765,False,magneto,
ReadLength,DocumentReference,field,Observation.component,Observation.DocumentReference.read_length,0.6114283800125122,False,magneto,
a260_a280_ratio,samples.portions.analytes,field,Observation.analyte.a260_a280_ratio,Observation.analyte.a260_a280_ratio,0.7098301649093628,True,magneto,
to_trim_adapter_sequence,analysis.metadata.read_groups,field,Observation.DocumentReference.to_trim_adapter_sequence,Observation.DocumentReference.to_trim_adapter_sequence,0.6361330151557922,True,magneto,
FOVX,DocumentReference,field,Observation.component,Observation.portions.is_ffpe,0.24767836928367615,False,magneto,
created_datetime,case,field,DiagnosticReport.issued,Observation.DocumentReference.created_datetime,0.5580849051475525,False,magneto,
TumorInfiltratingLymphocytes,Specimen,field,Observation.component,Observation.code.nci_tumor_grade,0.35471779108047485,False,magneto,
YearofDiagnosis,Patient,field,Observation.valueString,Patient.birthDate,0.534140944480896,False,magneto,
target_capture_kit_target_region,analysis.metadata.read_groups,field,Observation.DocumentReference.target_capture_kit_target_region,Observation.DocumentReference.target_capture_kit_target_region,0.7834980487823486,True,magneto,
RuralvsUrban,Patient,field,Observation.valueString,ResearchStudy,0.25073593854904175,False,magneto,
primary_diagnosis,diagnoses,field,Condition.code_primary_diagnosis,Condition.code_primary_diagnosis,0.7235389351844788,True,magneto,
TobaccoSmokingStatus,Patient,field,Observation.valueString,Observation.patient.years_smoked,0.5149586796760559,False,magneto,
aliquot_quantity,samples.portions.analytes.aliquots,field,Observation.aliquot.aliquot_quantity,Observation.aliquot.aliquot_quantity,0.6597806811332703,True,magneto,
RelativeswithCancerHistoryCount,Patient,field,Observation.valueString,Observation.survey.days_to_last_known_disease_status,0.38919734954833984,False,magneto,
updated_datetime,samples.portions.analytes.aliquots,field,Observation.aliquot.updated_datetime,Observation.aliquot.updated_datetime,0.6650552749633789,True,magneto,
RIN,DocumentReference,field,Observation.component,Observation.DocumentReference.RIN,0.3485221266746521,False,magneto,
VariantOrigin,Patient,field,Observation.valueString,Extension.valueUnsignedInt,0.3632824122905731,False,magneto,
ProgressionorRecurrenceAnatomicSite,Patient,field,Observation.valueString,Condition.stage_ajcc_clinical_n,0.5088093280792236,False,magneto,
Zygosity,Patient,field,Observation.valueString,Extension:extension.USCoreEthnicity,0.2872989773750305,False,magneto,
case_count,summary,field,ResearchStudyRecruitment.actualNumber,cases_submitter_id,0.632308840751648,False,magneto,
case_id,case,field,Patient.identifier,cases_submitter_id,0.8044259548187256,False,magneto,
ProtocolLink,DocumentReference,field,Observation.component,Observation.analyte.experimental_protocol_type,0.3565906286239624,False,magneto,
wgs_coverage,file,field,DocumentReference.category.wgs_coverage,DocumentReference.category.wgs_coverage,0.5981035232543945,True,magneto,
BasicStatistics,DocumentReference,field,Observation.component,Observation.analyte.concentration,0.4115822911262512,False,magneto,
submitter_aliquot_ids,case,field,Specimen.identifier.aliquot,cases_submitter_id,0.7405977249145508,False,magneto,
ParticipantID,Patient,field,Identifier.value,Patient.id,0.515346348285675,False,magneto,
SmokingFrequency,Patient,field,Observation.valueString,Observation.patient.pack_years_smoked,0.6093574166297913,False,magneto,
DaystoRecurrence,Patient,field,Observation.valueQuantity.value,Observation.DocumentReference.days_to_sequencing,0.49498769640922546,False,magneto,
sample_id,cases.samples,field,Specimen.identifier,Specimen.identifier,0.4858265519142151,True,magneto,
SequenceDuplicationLevels,DocumentReference,field,Observation.component,Observation.aliquot.selected_normal_targeted_sequencing,0.3309764564037323,False,magneto,
sequencing_date,analysis.metadata.read_groups,field,Observation.DocumentReference.sequencing_date,Observation.DocumentReference.sequencing_date,0.60420823097229,True,magneto,
RelationshipPrimaryDiagnosis,Patient,field,Observation.valueString,ResearchStudy.condition,0.40651074051856995,False,magneto,
project,cases,field,ResearchStudy,ResearchStudy,0.37434178590774536,True,magneto,
SentinelLymphNodeCount,Patient,field,Observation.valueQuantity,Observation.code,0.36445802450180054,False,magneto,
selected_normal_targeted_sequencing,samples.portions.analytes.aliquots,field,Observation.aliquot.selected_normal_targeted_sequencing,Observation.aliquot.selected_normal_targeted_sequencing,0.8679294586181641,True,magneto,
dbgap_accession_number,project,field,ResearchStudy.dbgap_accession_number,ResearchStudy.dbgap_accession_number,0.8595459461212158,True,magneto,
AlcoholDaysPerWeek,Patient,field,Observation.valueString,Observation.patient.alcohol_history,0.3856253921985626,False,magneto,
PortionWeight,Specimen,field,Observation.component,Observation.portions.weight,0.6513493657112122,False,magneto,
BloodTestNormalRangeUpper,Patient,field,Observation.valueString,Condition.clinicalStatus,0.4177852272987366,False,magneto,
SectioningDaysfromIndex,Specimen,field,Observation.component,Observation.DocumentReference.days_to_sequencing,0.3797403573989868,False,magneto,
MethodofNucleicAcidIsolation,Specimen,field,Observation.component,Specimen.processing.method,0.37021613121032715,False,magneto,
CustomGermlineVariantsWorkflowType,DocumentReference,field,Observation.component,DocumentReference.category.workflow_type,0.46901005506515503,False,magneto,
ProportionCoverage10x,DocumentReference,field,Observation.component,Observation.analyte.a260_a280_ratio,0.41141438484191895,False,magneto,
name,project.program,field,ResearchStudy.name,Organization.name,0.46494749188423157,False,magneto,
target_capture_kit,analysis.metadata.read_groups,field,Observation.DocumentReference.target_capture_kit,Observation.DocumentReference.target_capture_kit,0.6894429922103882,True,magneto,
TimebetweenWakingandFirstSmoke,Patient,field,Observation.valueString,Specimen.combined.time_indicator_for_sample_pairs,0.3151513636112213,False,magneto,
PancreatitisOnsetYear,Patient,field,Observation.valueString,Condition.clinicalStatus,0.4878556728363037,False,magneto,
Immunosuppression,MedicationAdministration,field,Observation.valueString,Medication.code,0.39207762479782104,False,magneto,
DaystoTreatmentStart,Patient,field,MedicationAdministration.occurrenceTiming,Observation.survey.days_to_death,0.5385310053825378,False,magneto,
BloodTestNormalRangeLower,Patient,field,Observation.valueString,Condition.clinicalStatus,0.4563162922859192,False,magneto,
project_id,project,field,ResearchStudy.identifier,Organization.id,0.4819454550743103,False,magneto,
UMITag,DocumentReference,field,Observation.component,Extension:extension.USCoreEthnicity,0.26421377062797546,False,magneto,
SingleCellDissociationDaysfromIndex,DocumentReference,field,Observation.component,Observation.DocumentReference.single_cell_library,0.41107234358787537,False,magneto,
CDNAOffset,DocumentReference,field,Observation.component,Observation.analyte.rna_integrity_number,0.535276472568512,False,magneto,
TestResult,Patient,field,Observation.valueString,DiagnosticReport.issued,0.35706382989883423,False,magneto,
year_of_birth,demographic,field,Patient.birthDate,Patient.birthDate,0.6020439267158508,True,magneto,
icd_10_code,diagnoses,field,Condition.coding_icd_10_code,Condition.coding_icd_10_code,0.8432151675224304,True,magneto,
StartDaysfromIndex,Patient,field,Observation.valueString,Observation.DocumentReference.days_to_sequencing,0.3305266499519348,False,magneto,
state,case,field,ResearchSubject.status,Observation.DocumentReference.state,0.28224053978919983,False,magneto,
no_matched_normal_wxs,samples.portions.analytes.aliquots,field,Observation.aliquot.no_matched_normal_wxs,Observation.aliquot.no_matched_normal_wxs,0.8207146525382996,True,magneto,
TissueBiospecimenType,Specimen,field,Observation.component,Specimen.processing.method.analyte,0.4557034373283386,False,magneto,
DimensionOrder,DocumentReference,field,Observation.component,Attachment.size,0.42424288392066956,False,magneto,
MSIWorkflowLink,DocumentReference,field,Observation.component,DocumentReference.category.workflow_type,0.32066571712493896,False,magneto,
TechnicalReplicateGroup,DocumentReference,field,Observation.component,Organization.identifier.secondary,0.40003424882888794,False,magneto,
ReadIndicator,DocumentReference,field,Observation.component,Observation.DocumentReference.RIN,0.37461575865745544,False,magneto,
PercentGranulocyteInfiltration,Specimen,field,Observation.component,Observation.analyte.a260_a280_ratio,0.3907845914363861,False,magneto,
MedicallyUnderservedArea,Patient,field,Observation.valueString,Condition.clinicalStatus,0.6359347701072693,False,magneto,
MeanCoverage,DocumentReference,field,Observation.component,Condition.onsetAge,0.3230782747268677,False,magneto,
DaystoRecurrence,Patient,field,Observation.code,Observation.DocumentReference.days_to_sequencing,0.49498769640922546,False,magneto,
Checksum,DocumentReference,field,Observation.component,Observation.analyte.rna_integrity_number,0.2869393825531006,False,magneto,
Read2,DocumentReference,field,Observation.component,Observation.DocumentReference.read_length,0.3326588273048401,False,magneto,
years_smoked,exposures,field,Observation.patient.years_smoked,Observation.patient.years_smoked,0.6967188119888306,True,magneto,
AnalyteType,Specimen,field,Specimen.type.code,Specimen.type.analyte,0.7960842251777649,False,magneto,
ethnicity,demographic,field,Extension:extension.USCoreEthnicity,Extension:extension.USCoreEthnicity,0.2889191508293152,True,magneto,
FixationDuration,Specimen,field,Observation.component,Patient.gender,0.3361453115940094,False,magneto,
no_matched_normal_targeted_sequencing,samples.portions.analytes.aliquots,field,Observation.aliquot.no_matched_normal_targeted_sequencing,Observation.aliquot.no_matched_normal_targeted_sequencing,0.8938111066818237,True,magneto,
LinkedMatrices,DocumentReference,field,Observation.component,Observation.DocumentReference.is_paired_end,0.21735557913780212,False,magneto,
FrameAveraging,DocumentReference,field,Observation.component,Observation.DocumentReference.target_capture_kit,0.2472812980413437,False,magneto,
sample_ids,case,field,Specimen.identifier,Specimen.type.sample,0.4326325058937073,False,magneto,
ChannelMetadataFilename,DocumentReference,field,Observation.component,Observation.DocumentReference.target_capture_kit_target_region,0.289078950881958,False,magneto,
normal_tumor_genotype_snp_match,samples.portions.analytes,field,Observation.analyte.normal_tumor_genotype_snp_match,Observation.analyte.normal_tumor_genotype_snp_match,0.8669857382774353,True,magneto,
submitter_id,analysis.metadata.read_groups,field,Observation.DocumentReference.submitter_id,cases_submitter_id,0.7476726770401001,False,magneto,
CDCHIVRiskFactors,Patient,field,Observation.valueString,ResearchStudy.dbgap_accession_number,0.37173202633857727,False,magneto,
BoneMarrowBiospecimenType,Specimen,field,Observation.component,Observation.analyte.ribosomal_rna_28s_16s_ratio,0.38963794708251953,False,magneto,
HysterectomyType,Patient,field,Observation.valueString,Condition.stage_ajcc_clinical_m,0.27008330821990967,False,magneto,
TotalUnmappedreads,DocumentReference,field,Observation.component,Observation.DocumentReference.read_length,0.4344012141227722,False,magneto,
SpecializedMolecularTest,Patient,field,Observation.valueString,Specimen.type.analyte,0.45530039072036743,False,magneto,
ImagingSegmentationDataType,DocumentReference,field,Observation.component,ImagingStudy.identifier,0.5647310614585876,False,magneto,
diagnosis_id,diagnoses,field,Condition.id,Patient.id,0.7112288475036621,False,magneto,
PhysicalSizeYUnit,DocumentReference,field,Observation.component,Attachment.size,0.47954505681991577,False,magneto,
PercentTumorCells,Specimen,field,Observation.component,Observation.analyte.ribosomal_rna_28s_16s_ratio,0.43896836042404175,False,magneto,
concentration,samples.portions.analytes,field,Observation.analyte.concentration,Observation.aliquot.concentration,0.5829514861106873,False,magneto,
TargetDepth,DocumentReference,field,Observation.component,Observation.DocumentReference.target_capture_kit_target_region,0.40845465660095215,False,magneto,
experiment_name,analysis.metadata.read_groups,field,Observation.DocumentReference.experiment_name,Observation.DocumentReference.experiment_name,0.5723056793212891,True,magneto,
RelationshipType,Patient,field,Observation.valueString,Specimen.type,0.41676846146583557,False,magneto,
entityId,Specimen,field,Observation.component,Organization.id,0.5906044840812683,False,magneto,
AIDSRiskFactors,,field,Observation.valueString,Condition.stage_ajcc_clinical_n,0.36900705099105835,False,magneto,
SomaticVariantsWorkflowType,DocumentReference,field,Observation.component,DocumentReference.category.workflow_type,0.5275282859802246,False,magneto,
AverageBaseQuality,DocumentReference,field,Observation.component,Observation.valueQuantity,0.3945404589176178,False,magneto,
RIN,analysis.metadata.read_groups,field,Observation.DocumentReference.RIN,Observation.DocumentReference.RIN,0.3485221266746521,True,magneto,
selected_normal_wxs,samples.portions.analytes.aliquots,field,Observation.aliquot.selected_normal_wxs,Observation.aliquot.selected_normal_wxs,0.7084358930587769,True,magneto,
Filename,DocumentReference,field,DocumentReference.content.attachment.title,DocumentReference.Identifier.file_name,0.5233796238899231,False,magneto,
NucleicAcidCaptureDaysfromIndex,DocumentReference,field,Observation.component,Observation.DocumentReference.days_to_sequencing,0.4888741970062256,False,magneto,
instrument_model,analysis.metadata.read_groups,field,Observation.DocumentReference.instrument_model,Observation.DocumentReference.instrument_model,0.6979633569717407,True,magneto,
BiospecimenDimension2,Specimen,field,Observation.component,ResearchStudyProgressStatus.actual,0.37000688910484314,False,magneto,
FEV1RefPreBronchPercent,Patient,field,Observation.valueQuantity,Observation.analyte.ribosomal_rna_28s_16s_ratio,0.44045013189315796,False,magneto,
WorkflowLink,DocumentReference,field,Observation.component,DocumentReference.category.workflow_type,0.4601736068725586,False,magneto,
program,project,field,ResearchStudy,Observation.code,0.37123608589172363,False,magneto,
LibraryPreparationKitVendor,DocumentReference,field,Observation.component,Observation.DocumentReference.library_preparation_kit_vendor,0.5109876394271851,False,magneto,
age_at_index,demographic,field,Patient.extension.age,Patient.extension.age,0.446317195892334,True,magneto,
YearsSmoked,Patient,field,Observation.valueQuantity.value,Observation.patient.years_smoked,0.3748236894607544,False,magneto,
file_count,summary.data_categories,field,Extension.valueUnsignedInt,Observation.DocumentReference.number_expect_cells,0.3342125117778778,False,magneto,
RelationshipAgeatDiagnosis,Patient,field,Observation.valueString,Condition.onsetAge,0.41435474157333374,False,magneto,
Cytoband,Patient,field,Observation.valueString,Medication.code,0.1977430284023285,False,magneto,
BiospecimenType,Specimen,field,Specimen.type,Specimen.type,0.4070547819137573,True,magneto,
program_id,project.program,field,ResearchStudy.identifier,Organization.id,0.4733569622039795,False,magneto,
size_selection_range,analysis.metadata.read_groups,field,Observation.DocumentReference.size_selection_range,Observation.DocumentReference.size_selection_range,0.5809430480003357,True,magneto,
PercentMonocyteInfiltration,Specimen,field,Observation.component,Observation.analyte.a260_a280_ratio,0.45245301723480225,False,magneto,
case_id,cases,field,Patient.identifier,cases_submitter_id,0.8044259548187256,False,magneto,
Locus,Patient,field,Observation.valueString,Specimen.bodySite,0.245580792427063,False,magneto,
Ecigvape30dayusenum,Patient,field,Observation.valueQuantity,Patient.id,0.34544306993484497,False,magneto,
fragment_mean_length,analysis.metadata.read_groups,field,Observation.DocumentReference.fragment_mean_length,Observation.DocumentReference.fragment_mean_length,0.7433406710624695,True,magneto,
GeneSymbol,Patient,field,Observation.valueString,Observation.analyte.ribosomal_rna_28s_16s_ratio,0.28455910086631775,False,magneto,
submitter_id,demographic,field,Patient.identifier,cases_submitter_id,0.7476726770401001,False,magneto,
SequencingLibraryConstructionDaysfromIndex,DocumentReference,field,Observation.component,Observation.DocumentReference.days_to_sequencing,0.6241050362586975,False,magneto,
PercentEosinophilInfiltration,Specimen,field,Observation.component,Observation.analyte.a260_a280_ratio,0.38155636191368103,False,magneto,
RiskFactorTreatment,Patient,field,Observation.valueString,MedicationAdministration.occurrenceTiming,0.3422577381134033,False,magneto,
AlcoholDrinksPerDay,Patient,field,Observation.valueString,Observation.patient.alcohol_history,0.3552117645740509,False,magneto,
AlignedReadLength,DocumentReference,field,Observation.component,Observation.DocumentReference.sequencing_center,0.29332828521728516,False,magneto,
SingleCellIsolationMethod,DocumentReference,field,Observation.component,Observation.DocumentReference.single_cell_library,0.39456722140312195,False,magneto,
ribosomal_rna_28s_16s_ratio,samples.portions.analytes,field,Observation.analyte.ribosomal_rna_28s_16s_ratio,Observation.analyte.ribosomal_rna_28s_16s_ratio,0.9160745143890381,True,magneto,
treatment_or_therapy,diagnoses.treatments,field,MedicationAdministration.status,Patient.gender,0.46478691697120667,False,magneto,
submitter_diagnosis_ids,case,field,Condition.identifier,cases_submitter_id,0.6910023093223572,False,magneto,
analyte_id,samples.portions.analytes,field,Specimen.identifier,Specimen.identifier.analyte,0.6797217130661011,False,magneto,
ClinicalBiospecimenType,Specimen,field,Observation.valueString,Condition.clinicalStatus,0.5908706188201904,False,magneto,
PercentGCContent,DocumentReference,field,Observation.component,Specimen.identifier.portion,0.33971869945526123,False,magneto,
spike_ins_concentration,analysis.metadata.read_groups,field,Observation.DocumentReference.spike_ins_concentration,Observation.DocumentReference.spike_ins_concentration,0.8331102132797241,True,magneto,
CopyNumber,Patient,field,Observation.valueQuantity,ResearchStudyRecruitment.actualNumber,0.3614802062511444,False,magneto,
Assay,DocumentReference,field,ServiceRequest.code,Specimen.processing.method.analyte,0.5111082792282104,False,magneto,
PreservationMethod,Specimen,field,Specimen.processing.method,Observation.sample.preservation_method,0.5007805824279785,False,magneto,
SynapseId,DocumentReference,field,Identifier.value,Condition.clinicalStatus,0.26181209087371826,False,magneto,
dbgap_accession_number,project,field,ResearchStudy.dbgap_accession_number,ResearchStudy.dbgap_accession_number,0.8595459461212158,True,magneto,
SmokingExposure,Patient,field,Observation.valueString,Observation.patient.years_smoked,0.6342378854751587,False,magneto,
FragmentStandardDeviationLength,DocumentReference,field,Observation.component,Observation.DocumentReference.fragment_maximum_length,0.6321203708648682,False,magneto,
DimensionsUnit,Specimen,field,Observation.component,Attachment.size,0.5092107653617859,False,magneto,
experimental_protocol_type,samples.portions.analytes,field,Specimen.processing.method.analyte,Observation.analyte.experimental_protocol_type,0.8558807373046875,True,magneto,
data_category,file,field,DocumentReference.category.data_category,DocumentReference.category.data_category,0.5922876596450806,True,magneto,
library_selection,analysis.metadata.read_groups,field,Observation.DocumentReference.library_selection,Observation.DocumentReference.library_selection,0.6871703863143921,True,magneto,
HistologicMorphologyCode,Specimen,field,Observation.component,Specimen.type.code,0.5482293367385864,False,magneto,
CountryofResidence,Patient,field,Observation.valueString,Organization.name,0.3475314974784851,False,magneto,
ProgressionorRecurrence,Patient,field,Condition.valueString,Condition.onsetAge,0.3583528399467468,False,magneto,
DaystoAdverseEvent,Patient,field,Observation.valueQuantity,Observation.survey.days_to_death,0.5275212526321411,False,magneto,
ScRNAseqWorkflowParametersDescription,DocumentReference,field,Observation.component,DocumentReference.category.workflow_type,0.41015681624412537,False,magneto,
PassedQC,DocumentReference,field,Observation.component,Observation.aliquot.selected_normal_low_pass_wgs,0.3145337998867035,False,magneto,
LociCount,Patient,field,Observation.valueString,Organization.name,0.2182057797908783,False,magneto,
AverageReadLength,DocumentReference,field,Observation.component,Observation.DocumentReference.fragment_standard_deviation_length,0.387550413608551,False,magneto,
MSIStatus,DocumentReference,field,Observation.component,ResearchStudyProgressStatus.actual,0.36663180589675903,False,magneto,
single_cell_library,analysis.metadata.read_groups,field,Observation.DocumentReference.single_cell_library,Observation.DocumentReference.single_cell_library,0.6720408201217651,True,magneto,
FamilyMemberVitalStatusIndicator,Patient,field,Observation.valueString,Organization.name,0.4475524127483368,False,magneto,
portion_ids,case,field,Specimen.identifier,Specimen.identifier.portion,0.5391114354133606,False,magneto,
submitter_id,cases,field,cases_submitter_id,cases_submitter_id,0.7476726770401001,True,magneto,
LibraryStrand,DocumentReference,field,Observation.component,Observation.DocumentReference.library_strategy,0.46500396728515625,False,magneto,
Tseries,DocumentReference,field,Observation.component,Condition.clinicalStatus,0.2749401032924652,False,magneto,
DaystoFollowUp,Patient,field,Observation.valueQuantity.value,Observation.survey.days_to_last_follow_up,0.480075865983963,False,magneto,
IsRawSequencing,DocumentReference,field,Observation.component,Observation.DocumentReference.is_paired_end,0.33176323771476746,False,magneto,
AdapterName,DocumentReference,field,Observation.component,Observation.DocumentReference.adapter_name,0.3416315019130707,False,magneto,
name,tissue_source_site,field,Organization.name,Organization.name,0.46494749188423157,True,magneto,
ShortReads,DocumentReference,field,Observation.component,Observation.DocumentReference.read_length,0.3371767997741699,False,magneto,
md5sum,file,field,Attachment.hash,Attachment.hash,0.39948606491088867,True,magneto,
AdapterContent,DocumentReference,field,Observation.component,Observation.DocumentReference.adapter_name,0.4303526282310486,False,magneto,
name,samples.portions.analytes.aliquots.center,field,Specimen.aliquot.center_name,Organization.name,0.46494749188423157,False,magneto,
ProcessingLocation,Specimen,field,Observation.component,Observation.DocumentReference.target_capture_kit_target_region,0.39046961069107056,False,magneto,
YearOfBirth,Patient,field,Observation.valueString,Observation.survey.days_to_birth,0.44033825397491455,False,magneto,
ImagingResult,Patient,field,Observation.valueString,ImagingStudy.identifier,0.6059049963951111,False,magneto,
PackYearsSmoked,Patient,field,Observation.code,Observation.patient.pack_years_smoked,0.41766268014907837,False,magneto,
ImagingType,Patient,field,Observation.valueString,ImagingStudy.identifier,0.6165938973426819,False,magneto,
ScanTracerUsed,Patient,field,Observation.valueString,Observation.DocumentReference.target_capture_kit,0.44179221987724304,False,magneto,
SomaticVariantsSampleType,DocumentReference,field,Observation.component,Specimen.type,0.45486336946487427,False,magneto,
FEV1FVCPreBronchPercent,Patient,field,Observation.valueQuantity,ResearchStudyProgressStatus.actual,0.3827953338623047,False,magneto,
BloodBiospecimenType,Specimen,field,Observation.component,Specimen.identifier.analyte,0.41319048404693604,False,magneto,
base_caller_name,analysis.metadata.read_groups,field,Observation.DocumentReference.base_caller_name,Observation.DocumentReference.base_caller_name,0.583393931388855,True,magneto,
OverrepresentedSequences,DocumentReference,field,Observation.component,Observation.aliquot.no_matched_normal_targeted_sequencing,0.3161076307296753,False,magneto,
HAARTTreatmentIndicator,Patient,field,Observation.valueString,Patient.gender,0.41517889499664307,False,magneto,
ImagingAssayType,DocumentReference,field,ServiceRequest.supportingInfo.CodeableReference.concept.CodeableConcept.code,ImagingStudy.identifier,0.6566751003265381,False,magneto,
PercentStromalCells,Specimen,field,Observation.component,Observation.aliquot.aliquot_volume,0.36570119857788086,False,magneto,
cigarettes_per_day,exposures,field,Observation.patient.cigarettes_per_day,Observation.patient.cigarettes_per_day,0.7990661263465881,True,magneto,
TranscriptIntegrityNumber,DocumentReference,field,Observation.component,Observation.analyte.rna_integrity_number,0.4781268537044525,False,magneto,
HTANDataFileID,DocumentReference,field,Identifier.value,Condition.coding_icd_10_code,0.31597042083740234,False,magneto,
View,DocumentReference,field,Observation.component,ImagingStudy.id,0.24096426367759705,False,magneto,
PregnancyOutcome,Patient,field,Observation.valueString,Observation.survey.days_to_birth,0.2884085774421692,False,magneto,
ProgressionorRecurrenceType,Patient,field,Observation.valueString,Condition.stage_ajcc_pathologic_n,0.4804292917251587,False,magneto,
sample_id,samples,field,Specimen.identifier,Specimen.identifier,0.4858265519142151,True,magneto,
demographic_id,demographic,field,Patient.id,Organization.id,0.4753524959087372,False,magneto,
version,file,field,DocumentReference.version,DocumentReference.version,0.4133153557777405,True,magneto,
case_count,summary.experimental_strategies,field,Extension.valueUnsignedInt,cases_submitter_id,0.632308840751648,False,magneto,
PrecancerousConditionType,,field,Condition.code,Condition.stage_ajcc_pathologic_n,0.5965644717216492,False,magneto,
read_length,analysis.metadata.read_groups,field,Observation.DocumentReference.read_length,Observation.DocumentReference.read_length,0.6287369728088379,True,magneto,
DaystoImaging,Patient,field,Observation.valueQuantity,Observation.survey.days_to_death,0.510703444480896,False,magneto,
NumberofCycles,Patient,field,Observation.valueString,Observation.DocumentReference.days_to_sequencing,0.2863394618034363,False,magneto,
Comment,,field,Observation.component,Patient.deceasedBoolean,0.19623520970344543,False,magneto,
Ecigvapeuse,Patient,field,Observation.valueQuantity,Extension:extension.USCoreEthnicity,0.2668308913707733,False,magneto,
state,project,field,ResearchStudy.status,Observation.DocumentReference.state,0.28224053978919983,False,magneto,
exposure_id,exposures,field,Observation.patient.exposure_id,ImagingStudy.id,0.557845413684845,False,magneto,
CellBarcodeOffset,DocumentReference,field,Observation.component,Observation.DocumentReference.flow_cell_barcode,0.5131739974021912,False,magneto,
LociAbnormalCount,Patient,field,Observation.valueString,Observation.aliquot.aliquot_quantity,0.3267645835876465,False,magneto,
access,file,field,DocumentReference.category.access,DocumentReference.category.access,0.3486212491989136,True,magneto,
HistoneFamily,Patient,field,Observation.valueString,Observation.analyte.normal_tumor_genotype_snp_match,0.31807956099510193,False,magneto,
portion_id,samples.portions,field,Specimen.identifier,Specimen.identifier.portion,0.5490484237670898,False,magneto,
submitter_analyte_ids,case,field,Specimen.identifier.analyte,cases_submitter_id,0.6608098149299622,False,magneto,
TumorExtranodalExtensionIndicator,Condition,field,Observation.valueString,Observation.code.nci_tumor_grade,0.6280867457389832,False,magneto,
SiteDataSource,Specimen,field,Observation.component,Specimen.bodySite,0.3887205719947815,False,magneto,
no_matched_normal_wgs,samples.portions.analytes.aliquots,field,Observation.aliquot.no_matched_normal_wgs,Observation.aliquot.no_matched_normal_wgs,0.8317874670028687,True,magneto,
Yes-AnaplasiaPresent,Patient,field,Observation.component,Patient.gender,0.4105076491832733,False,magneto,
ViralHepatitisSerologies,Patient,field,Observation.valueString,Condition.clinicalStatus,0.3063550591468811,False,magneto,
state,demographic,field,Extension.valueString,Observation.DocumentReference.state,0.28224053978919983,False,magneto,
ImagingObjectClass,DocumentReference,field,Observation.component,ImagingStudy.identifier,0.5387686491012573,False,magneto,
prior_treatment,diagnoses,field,Condition.prior_treatment,Condition.prior_treatment,0.7911843061447144,True,magneto,
AdapterSequence,DocumentReference,field,Observation.component,Observation.DocumentReference.adapter_sequence,0.4339771270751953,False,magneto,
HepatitisSustainedVirologicalResponse,Patient,field,Observation.valueString,Observation.survey.days_to_last_known_disease_status,0.4160178303718567,False,magneto,
SmokelessTobaccoQuitAge,Patient,field,Observation.valueString,Observation.patient.years_smoked,0.44418928027153015,False,magneto,
ImagingAssayType,DocumentReference,field,ServiceRequest.code,ImagingStudy.identifier,0.6566751003265381,False,magneto,
TumorGrade,Patient,field,Condition.stage.summary,Observation.code.nci_tumor_grade,0.5281338691711426,False,magneto,
YearofDeath,Patient,field,Observation.valueInteger,Patient.deceasedDateTime,0.41593027114868164,False,magneto,
CigarettesperDay,Patient,field,Observation.valueQuantity,Observation.patient.cigarettes_per_day,0.5965884327888489,False,magneto,
Left breast nodule,anatomical_location.prime,content,specimen.collection.bodysite,Specimen.collection.bodySite,1.0,True,magneto,722157002
Left breast tissue,anatomical_location.prime,content,procedure.code,Specimen.collection.bodySite,1.0,True,magneto,6189002
Right iliac bone,anatomical_location.prime,content,specimen.collection.bodysite,Specimen.collection.bodySite,1.0,True,magneto,272673000
Bone Marrow Iliac Crest,anatomical_location.prime,content,procedure.code,Specimen.collection.bodySite,1.0,True,magneto,287550000
Right upper lobe,anatomical_location.prime,content,procedure.code,Specimen.collection.bodySite,1.0,True,magneto,739141006
Abdominal tumor implant,anatomical_location.prime,content,specimen.collection.bodysite,Specimen.collection.bodySite,1.0,True,magneto,18139001
Right shoulder/Scapula subQ node,anatomical_location.prime,content,specimen.collection.bodysite,Specimen.collection.bodySite,1.0,True,magneto,71791004
Prostate-Core needle biopsy,anatomical_location.prime,content,procedure.code,Specimen.collection.bodySite,1.0,True,magneto,40013009
Laparoscopic Hysterectomy and Bilateral Salpingoopherectomy,anatomical_location.prime,content,procedure.code,Specimen.collection.bodySite,1.0,True,magneto,236888001
Right and left breast simple mastectomy,anatomical_location.prime,content,procedure.code,Specimen.collection.bodySite,1.0,True,magneto,1231734007
Skin lesion punch biopsies; left lower and medial chest and left axilla,anatomical_location.prime,content,procedure.code,Specimen.collection.bodySite,1.0,True,magneto,87697008
Right breast biopsy for ILC,anatomical_location.prime,content,procedure.code,Specimen.collection.bodySite,1.0,True,magneto,122548005
Left thigh,anatomical_location.prime,content,specimen.collection.bodysite,Specimen.collection.bodySite,1.0,True,magneto,61396006
N2a,staging_n,content,observation.valuecodeableconcept,Observation.valueCodeableConcept,1.0,True,magneto,1229959004
T4a,staging_t,content,observation.valuecodeableconcept,Observation.valueCodeableConcept,1.0,True,magneto,1229865000
G4,staging_grade,content,observation.valuecodeableconcept,Observation.valueCodeableConcept,1.0,True,magneto,1228852004
N0 (i+),staging_n,content,observation.valuecodeableconcept,Observation.valueCodeableConcept,1.0,True,magneto,1229949000
Lt Axillary LN Biopsy,anatomical_location.prime,content,procedure.code,Procedure.code,1.0,True,magneto,21911005
Right primary breast tumor,anatomical_location.prime,content,procedure.code,Specimen.collection.bodySite,1.0,True,magneto,1303631000
Right supra-renal region,anatomical_location.prime,content,procedure.code,Specimen.collection.bodySite,1.0,True,magneto,726489004
US guided Lt breast core biopsy,anatomical_location.prime,content,procedure.code,Specimen.collection.bodySite,1.0,True,magneto,4541000087104
Left mastectomy and ALND,anatomical_location.prime,content,procedure.code,Specimen.collection.bodySite,1.0,True,magneto,428571003
T2a,staging_t,content,observation.valuecodeableconcept,Observation.valueCodeableConcept,1.0,True,magneto,1229853004
Right breast 10 o'clock,anatomical_location.prime,content,procedure.code,Specimen.collection.bodySite,1.0,True,magneto,46662001
US-guided bipsy of right breast mass,anatomical_location.prime,content,specimen.collection.bodysite,Specimen.collection.bodySite,1.0,True,magneto,73056007
N3,staging_n,content,observation.valuecodeableconcept,Observation.valueCodeableConcept,1.0,True,magneto,1229962001
Lt axillary lymph node,anatomical_location.prime,content,procedure.code,Procedure.code,1.0,True,magneto,58347006
Right Axillary Node,anatomical_location.prime,content,procedure.code,Specimen.collection.bodySite,1.0,True,magneto,739023000
Right liver lobe,anatomical_location.prime,content,specimen.collection.bodysite,Specimen.collection.bodySite,1.0,True,magneto,48521005
US Guided Paracentesis,procedure.prime,content,procedure.code,Procedure.code,1.0,True,magneto,16433271000119101
T1c,staging_t,content,observation.valuecodeableconcept,Observation.valueCodeableConcept,1.0,True,magneto,1229846008
Right chest wall excision,anatomical_location.prime,content,specimen.collection.bodysite,Specimen.collection.bodySite,1.0,True,magneto,1290342004
right colon,anatomical_location.prime,content,specimen.collection.bodysite,Specimen.collection.bodySite,1.0,True,magneto,51342009
T1b1,staging_t,content,observation.valuecodeableconcept,Observation.valueCodeableConcept,1.0,True,magneto,1229844006
Biopsy of left flank,anatomical_location.prime,content,specimen.collection.bodysite,Specimen.collection.bodySite,1.0,True,magneto,18139001
Left upper pleura,anatomical_location.prime,content,specimen.collection.bodysite,Specimen.collection.bodySite,1.0,True,magneto,53727004
Liquid nitrogen,sample-preservation-method,content,specimen.type,Specimen.type,1.0,True,magneto,27872000
EBUS-FNA,procedure.prime,content,procedure.code,Procedure.code,1.0,True,magneto,48635004
Left adrenal gland,anatomical_location.prime,content,procedure.code,Specimen.collection.bodySite,1.0,True,magneto,726488007
IVC,staging_group,content,observation.valuecodeableconcept,Observation.valueCodeableConcept,1.0,True,magneto,1222842006
IIB,staging_group,content,observation.valuecodeableconcept,Observation.valueCodeableConcept,1.0,True,magneto,1222769001
Appendix,metastasis-site,content,specimen.collection.bodysite,Specimen.collection.bodySite,1.0,True,magneto,66754008
Right Forehead Mass,anatomical_location.prime,content,specimen.collection.bodysite,Specimen.collection.bodySite,1.0,True,magneto,181738000
Left sentinel lymph node biopsy,anatomical_location.prime,content,procedure.code,Specimen.collection.bodySite,1.0,True,magneto,1179695007
Peritoneal lavage,anatomical_location.prime,content,procedure.code,Specimen.collection.bodySite,1.0,True,magneto,387715005
Right iliac,anatomical_location.prime,content,procedure.code,Specimen.collection.bodySite,1.0,True,magneto,997199941000119102
Bone structure of humerus,sample_tissue_type,content,specimen.type,Specimen.type,1.0,True,magneto,85050009
US-guided Percutaneous Biopsy - FNA,procedure.prime,content,procedure.code,Procedure.code,1.0,True,magneto,274314005
N1,staging_n,content,observation.valuecodeableconcept,Observation.valueCodeableConcept,1.0,True,magneto,1229951001
Right buttock,anatomical_location.prime,content,specimen.collection.bodysite,Specimen.collection.bodySite,1.0,True,magneto,368209003
Peritoneum,anatomical_location.prime,content,procedure.code,Specimen.collection.bodySite,1.0,True,magneto,609015000
Right breast mass,anatomical_location.prime,content,procedure.code,Specimen.collection.bodySite,1.0,True,magneto,122548005
Left Supraclavicular lymph node (L5),anatomical_location.prime,content,specimen.collection.bodysite,Specimen.collection.bodySite,1.0,True,magneto,16217501000119107
HG,staging_grade,content,observation.valuecodeableconcept,Observation.valueCodeableConcept,1.0,True,magneto,1228854003
IC,staging_group,content,observation.valuecodeableconcept,Observation.valueCodeableConcept,1.0,True,magneto,1222731006
Knee [left],anatomical_location.prime,content,specimen.collection.bodysite,Specimen.collection.bodySite,1.0,True,magneto,82169009
T2 epidural tumor,anatomical_location.prime,content,specimen.collection.bodysite,Specimen.collection.bodySite,1.0,True,magneto,180959008
Lt. forearm shave biopsy,anatomical_location.prime,content,procedure.code,Specimen.collection.bodySite,1.0,True,magneto,177346002
Breast Cancer,condition,content,condition.code,Condition.code,1.0,True,magneto,254837009
Re-excision of left breast lumpectomy cavity for positive inferior margin,anatomical_location.prime,content,procedure.code,Specimen.collection.bodySite,1.0,True,magneto,392023007
N0 (mol-),staging_n,content,observation.valuecodeableconcept,Observation.valueCodeableConcept,1.0,True,magneto,1229947003
Abdominal/Omental mass,anatomical_location.prime,content,procedure.code,Specimen.collection.bodySite,1.0,True,magneto,81751006
US guided FNA of chest wall subpectoral mass and Rt axillary lymph node,anatomical_location.prime,content,specimen.collection.bodysite,Specimen.collection.bodySite,1.0,True,magneto,78904004
T4b,staging_t,content,observation.valuecodeableconcept,Observation.valueCodeableConcept,1.0,True,magneto,1229866004
Left femur,anatomical_location.prime,content,procedure.code,Specimen.collection.bodySite,1.0,True,magneto,1303639003
T4e,staging_t,content,observation.valuecodeableconcept,Observation.valueCodeableConcept,1.0,True,magneto,1229869006
LG,staging_grade,content,observation.valuecodeableconcept,Observation.valueCodeableConcept,1.0,True,magneto,1228853009
Femur,anatomical_location.prime,content,specimen.collection.bodysite,Specimen.collection.bodySite,1.0,True,magneto,182046008
Right breast new inferior-lateral border excision,anatomical_location.prime,content,specimen.collection.bodysite,Specimen.collection.bodySite,1.0,True,magneto,73056007
Intra-operative US of liver; Segment 2 and 3 liver wedge resections,anatomical_location.prime,content,specimen.collection.bodysite,Specimen.collection.bodySite,1.0,True,magneto,119216005
Skin,metastasis-site,content,specimen.collection.bodysite,Specimen.collection.bodySite,1.0,True,magneto,39937001
T2c,staging_t,content,observation.valuecodeableconcept,Observation.valueCodeableConcept,1.0,True,magneto,1229857003
Left anterior mediastinum,anatomical_location.prime,content,specimen.collection.bodysite,Specimen.collection.bodySite,1.0,True,magneto,39607008
Surgical Resection,procedure.prime,content,procedure.code,Procedure.code,1.0,True,magneto,56361007
lymph node evaluation,anatomical_location.prime,content,specimen.collection.bodysite,Specimen.collection.bodySite,1.0,True,magneto,59441001
Pancreas-head mass,anatomical_location.prime,content,procedure.code,Specimen.collection.bodySite,1.0,True,magneto,47789005
EUS-guided Percutaneous Biopsy - Core,procedure.prime,content,procedure.code,Procedure.code,1.0,True,magneto,274314005
Manubrium,anatomical_location.prime,content,specimen.collection.bodysite,Specimen.collection.bodySite,1.0,True,magneto,16226271000119107
Lymph Node: Axillary,metastasis-site,content,specimen.collection.bodysite,Specimen.collection.bodySite,1.0,True,magneto,59441001
Right Calf Mass,anatomical_location.prime,content,specimen.collection.bodysite,Specimen.collection.bodySite,1.0,True,magneto,53840002
Mid sternum punch biopsy,anatomical_location.prime,content,procedure.code,Specimen.collection.bodySite,1.0,True,magneto,87697008
Right central outer breast,anatomical_location.prime,content,procedure.code,Specimen.collection.bodySite,1.0,True,magneto,392023007
Breast structure,sample_tissue_type,content,specimen.type,Specimen.type,1.0,True,magneto,76752008
Prostate,anatomical_location.prime,content,specimen.type,Specimen.type,1.0,True,magneto,248153007
US guided Liver core needle biopsy of a right 2 x 1.4 cm hypoechoic mass,anatomical_location.prime,content,procedure.code,Specimen.collection.bodySite,1.0,True,magneto,86259008
Thyroid,anatomical_location.prime,content,procedure.code,Specimen.collection.bodySite,1.0,True,magneto,13619001
CT Guided Biopsy left pelvic side wall lymph node,anatomical_location.prime,content,procedure.code,Specimen.collection.bodySite,1.0,True,magneto,14211004
T4d,staging_t,content,observation.valuecodeableconcept,Observation.valueCodeableConcept,1.0,True,magneto,1229868003
Lt axilla,anatomical_location.prime,content,specimen.collection.bodysite,Specimen.collection.bodySite,1.0,True,magneto,734429008
T3c,staging_t,content,observation.valuecodeableconcept,Observation.valueCodeableConcept,1.0,True,magneto,1229862002
Right pleural mass,anatomical_location.prime,content,procedure.code,Specimen.collection.bodySite,1.0,True,magneto,278294002
Right breast mass needle biopsy,anatomical_location.prime,content,procedure.code,Specimen.collection.bodySite,1.0,True,magneto,44578009
Left Breast Mass,anatomical_location.prime,content,procedure.code,Specimen.collection.bodySite,1.0,True,magneto,392023007
9:00 2cm Right Breast,anatomical_location.prime,content,procedure.code,Specimen.collection.bodySite,1.0,True,magneto,392023007
Section,sample-preservation-method,content,specimen.type,Specimen.type,1.0,True,magneto,261665006
Inflammation,histology,content,condition.code,Condition.code,1.0,True,magneto,363170005
Left Breast,anatomical_location.prime,content,procedure.code,Specimen.collection.bodySite,1.0,True,magneto,392023007
Radical resection of soft tissue mass left lower extremity,anatomical_location.prime,content,specimen.collection.bodysite,Specimen.collection.bodySite,1.0,True,magneto,442311008
Right elbow,anatomical_location.prime,content,specimen.collection.bodysite,Specimen.collection.bodySite,1.0,True,magneto,895277004
IA1,staging_group,content,observation.valuecodeableconcept,Observation.valueCodeableConcept,1.0,True,magneto,1222725008
cervical mediastinal lymph node,anatomical_location.prime,content,procedure.code,Specimen.collection.bodySite,1.0,True,magneto,58347006
Right Supraclavicular Lymph Node,anatomical_location.prime,content,specimen.collection.bodysite,Specimen.collection.bodySite,1.0,True,magneto,16217541000119109
transurethral resection of prostate,anatomical_location.prime,content,specimen.collection.bodysite,Specimen.collection.bodySite,1.0,True,magneto,39607008
Right and left breast mastectomy with lymph node dissection,anatomical_location.prime,content,procedure.code,Specimen.collection.bodySite,1.0,True,magneto,428571003
Brain,anatomical_location.prime,content,procedure.code,Specimen.collection.bodySite,1.0,True,magneto,807005
N1mi,staging_n,content,observation.valuecodeableconcept,Observation.valueCodeableConcept,1.0,True,magneto,1229952008
Right lung/pleura,anatomical_location.prime,content,procedure.code,Specimen.collection.bodySite,1.0,True,magneto,735016006
left axillary node dissection,anatomical_location.prime,content,specimen.collection.bodysite,Specimen.collection.bodySite,1.0,True,magneto,39607008
axillary sentinel lymph node biopsy,anatomical_location.prime,content,specimen.collection.bodysite,Specimen.collection.bodySite,1.0,True,magneto,746225004
Pelvic Tumor,anatomical_location.prime,content,specimen.collection.bodysite,Specimen.collection.bodySite,1.0,True,magneto,816991004
IIA12,staging_group,content,observation.valuecodeableconcept,Observation.valueCodeableConcept,1.0,True,magneto,1222768009
Biopsy of left humerus pathological fracture,anatomical_location.prime,content,procedure.code,Specimen.collection.bodySite,1.0,True,magneto,13861005
Left breast core needle biopsy,anatomical_location.prime,content,procedure.code,Specimen.collection.bodySite,1.0,True,magneto,44578009
T1mi,staging_t,content,observation.valuecodeableconcept,Observation.valueCodeableConcept,1.0,True,magneto,1228958001
Anterior Abdomen,anatomical_location.prime,content,procedure.code,Specimen.collection.bodySite,1.0,True,magneto,225162003
Adrenal Gland,metastasis-site,content,specimen.collection.bodysite,Specimen.collection.bodySite,1.0,True,magneto,181127006
Thigh,anatomical_location.prime,content,specimen.collection.bodysite,Specimen.collection.bodySite,1.0,True,magneto,58246004
Lymph Node: Retroperitoneal,metastasis-site,content,specimen.collection.bodysite,Specimen.collection.bodySite,1.0,True,magneto,91394001
Right abdominal lesion,anatomical_location.prime,content,procedure.code,Specimen.collection.bodySite,1.0,True,magneto,450591007
Right lung,anatomical_location.prime,content,specimen.collection.bodysite,Specimen.collection.bodySite,1.0,True,magneto,39607008
Right lower lobe of lung,anatomical_location.prime,content,procedure.code,Specimen.collection.bodySite,1.0,True,magneto,739139005
Malignant tumor of breast,histology,content,condition.code,Condition.code,1.0,True,magneto,254837009
Skin lesion,anatomical_location.prime,content,procedure.code,Specimen.collection.bodySite,1.0,True,magneto,35646002
skin biopsy,anatomical_location.prime,content,procedure.code,Specimen.collection.bodySite,1.0,True,magneto,240977001
Right external iliac,anatomical_location.prime,content,specimen.collection.bodysite,Specimen.collection.bodySite,1.0,True,magneto,283797001
Right breast biopsy,anatomical_location.prime,content,procedure.code,Specimen.collection.bodySite,1.0,True,magneto,122548005
Laparoscopic left salpingo-oophorectomy,anatomical_location.prime,content,procedure.code,Specimen.collection.bodySite,1.0,True,magneto,608888001
Right Liver Segment 5/6,anatomical_location.prime,content,specimen.collection.bodysite,Specimen.collection.bodySite,1.0,True,magneto,12245001
Left pelvic side wall soft tissue mass,anatomical_location.prime,content,specimen.collection.bodysite,Specimen.collection.bodySite,1.0,True,magneto,3665003
US guided Lt Breast biopsy,anatomical_location.prime,content,procedure.code,Specimen.collection.bodySite,1.0,True,magneto,4541000087104
Lymph Node: Mediastinal,metastasis-site,content,specimen.collection.bodysite,Specimen.collection.bodySite,1.0,True,magneto,59441001
Splenectomy,procedure.prime,content,procedure.code,Procedure.code,1.0,True,magneto,234319005
US-guided right breast needle biopsy,anatomical_location.prime,content,specimen.collection.bodysite,Specimen.collection.bodySite,1.0,True,magneto,73056007
Right breast 1 o'clock needle core biopsy,anatomical_location.prime,content,procedure.code,Specimen.collection.bodySite,1.0,True,magneto,44578009
Supraclavicular lymph node,anatomical_location.prime,content,procedure.code,Specimen.collection.bodySite,1.0,True,magneto,58347006
Right and left prostate core needle biopsies,anatomical_location.prime,content,specimen.collection.bodysite,Specimen.collection.bodySite,1.0,True,magneto,181422007
Mesentery,metastasis-site,content,specimen.collection.bodysite,Specimen.collection.bodySite,1.0,True,magneto,89679009
Right breast mastectomy and right axillary sentinel lymph node,anatomical_location.prime,content,procedure.code,Specimen.collection.bodySite,1.0,True,magneto,428571003
US-guided Percutaneous Biopsy - Core,procedure.prime,content,procedure.code,Procedure.code,1.0,True,magneto,274314005
Right flank,anatomical_location.prime,content,specimen.collection.bodysite,Specimen.collection.bodySite,1.0,True,magneto,1290340007
T0,staging_t,content,observation.valuecodeableconcept,Observation.valueCodeableConcept,1.0,True,magneto,1222605001
Lt breast core needle biopsy,anatomical_location.prime,content,procedure.code,Specimen.collection.bodySite,1.0,True,magneto,122548005
IA,staging_group,content,observation.valuecodeableconcept,Observation.valueCodeableConcept,1.0,True,magneto,1222724007
Left supraclavicular and axillary lymph node FNA,anatomical_location.prime,content,procedure.code,Specimen.collection.bodySite,1.0,True,magneto,234279002
Blood,anatomical_location.prime,content,procedure.code,Specimen.type,1.0,True,magneto,22778000
Right Brachial Plexus Upper Trunk,anatomical_location.prime,content,specimen.collection.bodysite,Specimen.collection.bodySite,1.0,True,magneto,723374000
Liver Biopsy: metastatic carcinoma,anatomical_location.prime,content,procedure.code,Specimen.collection.bodySite,1.0,True,magneto,86259008
Mammographic localization,anatomical_location.prime,content,specimen.collection.bodysite,Specimen.collection.bodySite,1.0,True,magneto,361716006
Tru-Cut Needle Biopsy,procedure.prime,content,procedure.code,Procedure.code,1.0,True,magneto,86273004
Adenoma AND/OR adenocarcinoma,histology,content,condition.code,Condition.code,1.0,True,magneto,1187375007
N2mi,staging_n,content,observation.valuecodeableconcept,Observation.valueCodeableConcept,1.0,True,magneto,1229958007
Right diaphragmatic implant/right central diaphragmatic nodule,anatomical_location.prime,content,procedure.code,Specimen.collection.bodySite,1.0,True,magneto,61952002
Right visceral pluera and right lower lobe nodule,anatomical_location.prime,content,specimen.collection.bodysite,Specimen.collection.bodySite,1.0,True,magneto,266005
US-guided,procedure.prime,content,procedure.code,Specimen.collection.bodySite,1.0,True,magneto,86273004
Left modified radical mastectomy and lymph node dissection,anatomical_location.prime,content,procedure.code,Procedure.code,1.0,True,magneto,726437009
Left leg,anatomical_location.prime,content,specimen.collection.bodysite,Specimen.collection.bodySite,1.0,True,magneto,48979004
US guided Liver core needle biopsy of right 2.6 x 1.7 cm hepatic lobe mass,anatomical_location.prime,content,procedure.code,Specimen.collection.bodySite,1.0,True,magneto,86259008
Left Modified Radical Mastectomy,anatomical_location.prime,content,procedure.code,Specimen.collection.bodySite,1.0,True,magneto,726437009
Bilateral nipple sparing mastectomy,anatomical_location.prime,content,specimen.collection.bodysite,Specimen.collection.bodySite,1.0,True,magneto,76752008
Upper central omentum,anatomical_location.prime,content,procedure.code,Specimen.collection.bodySite,1.0,True,magneto,11291002
IVA,staging_group,content,observation.valuecodeableconcept,Observation.valueCodeableConcept,1.0,True,magneto,1222838008
Right pelvic sidewall,anatomical_location.prime,content,procedure.code,Specimen.collection.bodySite,1.0,True,magneto,997199941000119102
IA2,staging_group,content,observation.valuecodeableconcept,Observation.valueCodeableConcept,1.0,True,magneto,1222726009
Fallopian tube structure,sample_tissue_type,content,specimen.type,Specimen.type,1.0,True,magneto,31435000
Rt chest wall xiphoid region,anatomical_location.prime,content,procedure.code,Specimen.collection.bodySite,1.0,True,magneto,177754003
IB2,staging_group,content,observation.valuecodeableconcept,Observation.valueCodeableConcept,1.0,True,magneto,1222730007
Left cerebellar brain mass resection,anatomical_location.prime,content,specimen.collection.bodysite,Specimen.collection.bodySite,1.0,True,magneto,113305005
Rectosigmoid polyp,anatomical_location.prime,content,specimen.collection.bodysite,Specimen.collection.bodySite,1.0,True,magneto,181261002
Right Axillary Lymph Node,anatomical_location.prime,content,procedure.code,Specimen.collection.bodySite,1.0,True,magneto,739023000
Left knee,anatomical_location.prime,content,specimen.collection.bodysite,Specimen.collection.bodySite,1.0,True,magneto,210659002
Left mandible,anatomical_location.prime,content,specimen.collection.bodysite,Specimen.collection.bodySite,1.0,True,magneto,735177008
IIIC2,staging_group,content,observation.valuecodeableconcept,Observation.valueCodeableConcept,1.0,True,magneto,1222809005
Prostate Radical prostatectomy,anatomical_location.prime,content,specimen.collection.bodysite,Specimen.collection.bodySite,1.0,True,magneto,72400000
Left breast excisional biopsy,anatomical_location.prime,content,procedure.code,Specimen.collection.bodySite,1.0,True,magneto,237372000
Endometrium,anatomical_location.prime,content,procedure.code,Specimen.collection.bodySite,1.0,True,magneto,T-28000
Liver resection,anatomical_location.prime,content,procedure.code,Specimen.collection.bodySite,1.0,True,magneto,107963000
Gallbladder,anatomical_location.prime,content,procedure.code,Specimen.collection.bodySite,1.0,True,magneto,38102005
Lymph Node: Cervical,metastasis-site,content,specimen.collection.bodysite,Specimen.collection.bodySite,1.0,True,magneto,181757009
Right Axillary Mass,anatomical_location.prime,content,procedure.code,Specimen.collection.bodySite,1.0,True,magneto,301798002
Right Lobe Liver,anatomical_location.prime,content,specimen.collection.bodysite,Specimen.collection.bodySite,1.0,True,magneto,48521005
Left modified radical mastectomy with axillary lymph node dissection,anatomical_location.prime,content,specimen.collection.bodysite,Specimen.collection.bodySite,1.0,True,magneto,39607008
4L Lymph Node,anatomical_location.prime,content,procedure.code,Specimen.collection.bodySite,1.0,True,magneto,58347006
Abdomen,anatomical_location.prime,content,procedure.code,Specimen.collection.bodySite,1.0,True,magneto,225162003
IIIC,staging_group,content,observation.valuecodeableconcept,Observation.valueCodeableConcept,1.0,True,magneto,1222806003
Qiagen kit,sample-preservation-method,content,specimen.type,Specimen.type,1.0,True,magneto,104166004
lumbar spine,anatomical_location.prime,content,procedure.code,Specimen.collection.bodySite,1.0,True,magneto,284407000
Pelvic mass,anatomical_location.prime,content,procedure.code,Specimen.collection.bodySite,1.0,True,magneto,11550001000004102
Right lymph node with Savi,anatomical_location.prime,content,procedure.code,Specimen.collection.bodySite,1.0,True,magneto,58347006
Right colon with tumor resection,anatomical_location.prime,content,specimen.collection.bodysite,Specimen.collection.bodySite,1.0,True,magneto,51342009
Bilateral ovaries,anatomical_location.prime,content,procedure.code,Specimen.collection.bodySite,1.0,True,magneto,76876009
M1b,staging_m,content,observation.valuecodeableconcept,Observation.valueCodeableConcept,1.0,True,magneto,1229920008
Uterus,anatomical_location.prime,content,procedure.code,Specimen.collection.bodySite,1.0,True,magneto,265056007
Right anterior chest wall,anatomical_location.prime,content,procedure.code,Specimen.collection.bodySite,1.0,True,magneto,177754003
Part A Right lymph nodes and RUQ abdomen skin nodules biopsy,anatomical_location.prime,content,procedure.code,Specimen.collection.bodySite,1.0,True,magneto,21911005
Radical resection left leg soft tissue sarcoma,anatomical_location.prime,content,specimen.collection.bodysite,Specimen.collection.bodySite,1.0,True,magneto,67328008
Right breast modified radical mastectomy with right breast new antero-superior border excision,anatomical_location.prime,content,procedure.code,Specimen.collection.bodySite,1.0,True,magneto,726436000
Left breast conserving surgery,anatomical_location.prime,content,procedure.code,Specimen.collection.bodySite,1.0,True,magneto,392023007
Left adnexa,anatomical_location.prime,content,procedure.code,Specimen.collection.bodySite,1.0,True,magneto,1010714005
Left lower quadrant peritoneum,anatomical_location.prime,content,procedure.code,Specimen.collection.bodySite,1.0,True,magneto,79887000
Abdominal ascites,anatomical_location.prime,content,procedure.code,Specimen.collection.bodySite,1.0,True,magneto,440183002
CT-guided T12 biopsy (back/spine biopsy) for metastatic adenocarcinoma,anatomical_location.prime,content,specimen.collection.bodysite,Specimen.collection.bodySite,1.0,True,magneto,281206008
GX,staging_grade,content,observation.valuecodeableconcept,Observation.valueCodeableConcept,1.0,True,magneto,1228845001
Right retroperitoneum,anatomical_location.prime,content,specimen.collection.bodysite,Specimen.collection.bodySite,1.0,True,magneto,82849001
Right breast sentinel lymph node biopsy with right partial mastectomy,anatomical_location.prime,content,procedure.code,Procedure.code,1.0,True,magneto,396487001
Mesenteric,sample_tissue_type,content,specimen.type,Specimen.type,1.0,True,magneto,89679009
Left supraclavicular node,anatomical_location.prime,content,specimen.collection.bodysite,Specimen.collection.bodySite,1.0,True,magneto,16217501000119107
Right subcutaneous umbilical mass,anatomical_location.prime,content,specimen.collection.bodysite,Specimen.collection.bodySite,1.0,True,magneto,368066002
Left breast 3:00 biopsy,anatomical_location.prime,content,procedure.code,Specimen.collection.bodySite,1.0,True,magneto,122548005
axillary lymph node biopsy,anatomical_location.prime,content,procedure.code,Specimen.collection.bodySite,1.0,True,magneto,21911005
FNA of right axilla lymph node,anatomical_location.prime,content,procedure.code,Specimen.collection.bodySite,1.0,True,magneto,234279002
Right level 4 lymph node,anatomical_location.prime,content,procedure.code,Specimen.collection.bodySite,1.0,True,magneto,58347006
Left lobe of liver,anatomical_location.prime,content,procedure.code,Specimen.collection.bodySite,1.0,True,magneto,736758005
Right ilium bone lesion,anatomical_location.prime,content,procedure.code,Specimen.collection.bodySite,1.0,True,magneto,68471001
Carcinoma,histology,content,condition.code,Condition.code,1.0,True,magneto,722688002
Right humerus,anatomical_location.prime,content,specimen.collection.bodysite,Specimen.collection.bodySite,1.0,True,magneto,272673000
Left upper lobe of lung,anatomical_location.prime,content,procedure.code,Specimen.collection.bodySite,1.0,True,magneto,739141006
Prostate biopsy,anatomical_location.prime,content,procedure.code,Specimen.collection.bodySite,1.0,True,magneto,65575008
Right Liver,anatomical_location.prime,content,specimen.collection.bodysite,Specimen.collection.bodySite,1.0,True,magneto,48521005
Left chest wall,anatomical_location.prime,content,procedure.code,Specimen.collection.bodySite,1.0,True,magneto,177754003
IIIC1,staging_group,content,observation.valuecodeableconcept,Observation.valueCodeableConcept,1.0,True,magneto,1222807007
Rt forearm,anatomical_location.prime,content,procedure.code,Specimen.collection.bodySite,1.0,True,magneto,41396000
Right breast medial and lateral dog ear excisions,anatomical_location.prime,content,procedure.code,Specimen.collection.bodySite,1.0,True,magneto,72432009
Not Reported,staging_grade,content,observation.valuecodeableconcept,Observation.valueCodeableConcept,1.0,True,magneto,261665006
N1a,staging_n,content,observation.valuecodeableconcept,Observation.valueCodeableConcept,1.0,True,magneto,1229954009
C5 tumor biopsy,anatomical_location.prime,content,procedure.code,Specimen.collection.bodySite,1.0,True,magneto,230843007
Skin above iliac crest,anatomical_location.prime,content,procedure.code,Specimen.collection.bodySite,1.0,True,magneto,177249006
Sentinel lymph node biopsy of left axilla with excision,anatomical_location.prime,content,procedure.code,Specimen.collection.bodySite,1.0,True,magneto,396487001
Fibrocystic change,histology,content,condition.code,Condition.code,1.0,True,magneto,27431007
Skin of chest wall,anatomical_location.prime,content,specimen.collection.bodysite,Specimen.collection.bodySite,1.0,True,magneto,699936004
Periduodenal mass,anatomical_location.prime,content,specimen.collection.bodysite,Specimen.collection.bodySite,1.0,True,magneto,38848004
Associated morphology,enrollment_primary_site,content,specimen.collection.bodysite,Specimen.collection.bodySite,1.0,True,magneto,116676008
Mediastinum nodes,anatomical_location.prime,content,procedure.code,Specimen.collection.bodySite,1.0,True,magneto,85929002
Pancreas,anatomical_location.prime,content,procedure.code,Specimen.collection.bodySite,1.0,True,magneto,33149006
Ovarian structure,sample_tissue_type,content,specimen.type,Specimen.type,1.0,True,magneto,15497006
Duodenal mass,anatomical_location.prime,content,procedure.code,Specimen.collection.bodySite,1.0,True,magneto,88888008
Left upper chest wall soft tissue nodule (Lung),anatomical_location.prime,content,specimen.collection.bodysite,Specimen.collection.bodySite,1.0,True,magneto,1293021009
Right pelvis mass,anatomical_location.prime,content,specimen.collection.bodysite,Specimen.collection.bodySite,1.0,True,magneto,12921003
Right abdominal wall mass,anatomical_location.prime,content,specimen.collection.bodysite,Specimen.collection.bodySite,1.0,True,magneto,1279608001
Right radical mastectomy with axillary node dissection,anatomical_location.prime,content,procedure.code,Specimen.collection.bodySite,1.0,True,magneto,726430006
Biopsy of left anterior mandibular body,anatomical_location.prime,content,procedure.code,Specimen.collection.bodySite,1.0,True,magneto,178497007
Primary malignant neoplasm of breast,histology,content,condition.code,Condition.code,1.0,True,magneto,254837009
Left parietal tumor resection,anatomical_location.prime,content,procedure.code,Specimen.collection.bodySite,1.0,True,magneto,1201979001
VATS-sharkcore,procedure.prime,content,procedure.code,Specimen.collection.bodySite,1.0,True,magneto,262256007
Ovary,anatomical_location.prime,content,specimen.collection.bodysite,Specimen.collection.bodySite,1.0,True,magneto,15497006
Bilateral ovaries/fallopian tubes,anatomical_location.prime,content,procedure.code,Specimen.collection.bodySite,1.0,True,magneto,29827000
Right pericolic gutter/sub-hepatic tissue,anatomical_location.prime,content,specimen.collection.bodysite,Specimen.collection.bodySite,1.0,True,magneto,40954003
IA3,staging_group,content,observation.valuecodeableconcept,Observation.valueCodeableConcept,1.0,True,magneto,1222727000
Infiltrating lobular carcinoma of breast,histology,content,condition.code,Condition.code,1.0,True,magneto,278054005
Thoracic structure,enrollment_primary_site,content,specimen.collection.bodysite,Specimen.collection.bodySite,1.0,True,magneto,51185008
Right breast needle core biopsies,anatomical_location.prime,content,procedure.code,Specimen.collection.bodySite,1.0,True,magneto,44578009
Right breast needle core biopsy,anatomical_location.prime,content,procedure.code,Specimen.collection.bodySite,1.0,True,magneto,44578009
Infiltrating ductular carcinoma,histology,content,condition.code,Condition.code,1.0,True,magneto,408643008
AML,condition,content,condition.code,Condition.code,1.0,True,magneto,10979003
Lung,anatomical_location.prime,content,specimen.collection.bodysite,Specimen.collection.bodySite,1.0,True,magneto,361427007
IVB,staging_group,content,observation.valuecodeableconcept,Observation.valueCodeableConcept,1.0,True,magneto,1222841004
Endobronchoscopic US-guided needle aspiration biopsy,anatomical_location.prime,content,specimen.collection.bodysite,Specimen.collection.bodySite,1.0,True,magneto,39607008
Pancreatic Cancer,condition,content,condition.code,Condition.code,1.0,True,magneto,363418001
IM femoral reamings,anatomical_location.prime,content,specimen.collection.bodysite,Specimen.collection.bodySite,1.0,True,magneto,272673000
IIID,staging_group,content,observation.valuecodeableconcept,Observation.valueCodeableConcept,1.0,True,magneto,1222811001
Sterotactic biopsy of left breast calcifications,anatomical_location.prime,content,specimen.collection.bodysite,Specimen.collection.bodySite,1.0,True,magneto,80248007
M1a,staging_m,content,observation.valuecodeableconcept,Observation.valueCodeableConcept,1.0,True,magneto,1229917000
Subcarinal lymph node,anatomical_location.prime,content,specimen.collection.bodysite,Specimen.collection.bodySite,1.0,True,magneto,59441001
TX,staging_t,content,observation.valuecodeableconcept,Observation.valueCodeableConcept,1.0,True,magneto,1228950008
Left neck lymph node,anatomical_location.prime,content,procedure.code,Specimen.collection.bodySite,1.0,True,magneto,447412005
T4c,staging_t,content,observation.valuecodeableconcept,Observation.valueCodeableConcept,1.0,True,magneto,1229867008
Ta,staging_t,content,observation.valuecodeableconcept,Observation.valueCodeableConcept,1.0,True,magneto,1228952000
Periumbilical area,anatomical_location.prime,content,procedure.code,Specimen.collection.bodySite,1.0,True,magneto,997199941000119102
Pericardium,anatomical_location.prime,content,procedure.code,Specimen.collection.bodySite,1.0,True,magneto,34646007
Left breast upper-outer quadrant,anatomical_location.prime,content,procedure.code,Specimen.collection.bodySite,1.0,True,magneto,6189002
Bone Marrow Biopsy,procedure.prime,content,procedure.code,Specimen.collection.bodySite,1.0,True,magneto,86273004
VATS,procedure.prime,content,procedure.code,Procedure.code,1.0,True,magneto,262256007
porta caval lymph node,anatomical_location.prime,content,procedure.code,Specimen.collection.bodySite,1.0,True,magneto,58347006
Diaphragm,metastasis-site,content,specimen.collection.bodysite,Specimen.collection.bodySite,1.0,True,magneto,5798000
Right breast needle-guided excision,anatomical_location.prime,content,specimen.collection.bodysite,Specimen.collection.bodySite,1.0,True,magneto,73056007
Lymph Node: Paraaortic,metastasis-site,content,specimen.collection.bodysite,Specimen.collection.bodySite,1.0,True,magneto,59441001
G1,staging_grade,content,observation.valuecodeableconcept,Observation.valueCodeableConcept,1.0,True,magneto,1228848004
Fixation/Embed,sample-preservation-method,content,specimen.type,Specimen.type,1.0,True,magneto,40923002
Left breast structure,sample_tissue_type,content,specimen.type,Specimen.type,1.0,True,magneto,80248007
IIIA1,staging_group,content,observation.valuecodeableconcept,Observation.valueCodeableConcept,1.0,True,magneto,1222803006
Right breast simple mastectomy with axillary sentinel lymph node dissection,anatomical_location.prime,content,procedure.code,Specimen.collection.bodySite,1.0,True,magneto,428571003
Left breast simple mastectomy,anatomical_location.prime,content,procedure.code,Specimen.collection.bodySite,1.0,True,magneto,428571003
IV,staging_group,content,observation.valuecodeableconcept,Observation.valueCodeableConcept,1.0,True,magneto,1222837003
Right axillary node dissection,anatomical_location.prime,content,procedure.code,Specimen.collection.bodySite,1.0,True,magneto,234262008
L and R Breast capsulectomy,anatomical_location.prime,content,procedure.code,Specimen.collection.bodySite,1.0,True,magneto,172124009
Segment 4 hepatic lobe of liver,anatomical_location.prime,content,procedure.code,Specimen.collection.bodySite,1.0,True,magneto,736758005
Infiltrating duct carcinoma,histology,content,condition.code,Condition.code,1.0,True,magneto,408643008
Right upper lobe lung,anatomical_location.prime,content,procedure.code,Specimen.collection.bodySite,1.0,True,magneto,739141006
Implant on sigmoid colon,anatomical_location.prime,content,specimen.collection.bodysite,Specimen.collection.bodySite,1.0,True,magneto,713197008
Right and Left Breast,anatomical_location.prime,content,specimen.collection.bodysite,Specimen.collection.bodySite,1.0,True,magneto,76752008
0a,staging_group,content,observation.valuecodeableconcept,Observation.valueCodeableConcept,1.0,True,magneto,1222605001
Left and right thyroid nodule,anatomical_location.prime,content,procedure.code,Specimen.collection.bodySite,1.0,True,magneto,53533006
CT-guided needle biopsy of R clavicle,anatomical_location.prime,content,procedure.code,Specimen.collection.bodySite,1.0,True,magneto,708694007
N2c,staging_n,content,observation.valuecodeableconcept,Observation.valueCodeableConcept,1.0,True,magneto,1229961008
Mediastinal Lymph Node Level 4R,anatomical_location.prime,content,specimen.collection.bodysite,Specimen.collection.bodySite,1.0,True,magneto,39607008
Skin Punch,procedure.prime,content,procedure.code,Specimen.collection.bodySite,1.0,True,magneto,87697008
Left breast needle biopsy,anatomical_location.prime,content,procedure.code,Specimen.collection.bodySite,1.0,True,magneto,44578009
N2,staging_n,content,observation.valuecodeableconcept,Observation.valueCodeableConcept,1.0,True,magneto,1229957002
Right hilar and level 4R,anatomical_location.prime,content,specimen.collection.bodysite,Specimen.collection.bodySite,1.0,True,magneto,3341006
Rt breast bx,anatomical_location.prime,content,procedure.code,Specimen.collection.bodySite,1.0,True,magneto,2141000087100
US-guided Liver core biopsy,anatomical_location.prime,content,procedure.code,Specimen.collection.bodySite,1.0,True,magneto,86259008
IS,staging_group,content,observation.valuecodeableconcept,Observation.valueCodeableConcept,1.0,True,magneto,1222733009
Right chest excision,anatomical_location.prime,content,specimen.collection.bodysite,Specimen.collection.bodySite,1.0,True,magneto,1290342004
Bilateral Fallopian tubes,anatomical_location.prime,content,procedure.code,Specimen.collection.bodySite,1.0,True,magneto,287664005
IIA,staging_group,content,observation.valuecodeableconcept,Observation.valueCodeableConcept,1.0,True,magneto,1222766008
Left breast partial mastectomy,anatomical_location.prime,content,specimen.collection.bodysite,Specimen.collection.bodySite,1.0,True,magneto,80248007
Unknown,staging_grade,content,specimen.type,Observation.valueCodeableConcept,1.0,True,magneto,261665006
Ovarian Cancer,condition,content,condition.code,Condition.code,1.0,True,magneto,363443007
Rt. upper arm,anatomical_location.prime,content,procedure.code,Specimen.collection.bodySite,1.0,True,magneto,18824003
Posterior iliac crest,anatomical_location.prime,content,specimen.collection.bodysite,Specimen.collection.bodySite,1.0,True,magneto,29850006
Right mastectomy and SLN,anatomical_location.prime,content,procedure.code,Specimen.collection.bodySite,1.0,True,magneto,429400009
G5,staging_grade,content,observation.valuecodeableconcept,Observation.valueCodeableConcept,1.0,True,magneto,1259951003
N0,staging_n,content,observation.valuecodeableconcept,Observation.valueCodeableConcept,1.0,True,magneto,1229947003
I,staging_group,content,observation.valuecodeableconcept,Observation.valueCodeableConcept,1.0,True,magneto,1222723001
N1bIII,staging_n,content,observation.valuecodeableconcept,Observation.valueCodeableConcept,1.0,True,magneto,1229955005
Left proximal phalanx,anatomical_location.prime,content,procedure.code,Specimen.collection.bodySite,1.0,True,magneto,708650001
Thoracoscopic-assisted Biopsy,procedure.prime,content,procedure.code,Procedure.code,1.0,True,magneto,86273004
Peripheral blood and bone marrow,anatomical_location.prime,content,specimen.collection.bodysite,Specimen.collection.bodySite,1.0,True,magneto,419583006
N1bII,staging_n,content,observation.valuecodeableconcept,Observation.valueCodeableConcept,1.0,True,magneto,1229955005
Unprocessed,sample-preservation-method,content,specimen.type,Specimen.type,1.0,True,magneto,262001002
CT-guided core biopsy of the sternal lesion (14 guage),anatomical_location.prime,content,procedure.code,Specimen.collection.bodySite,1.0,True,magneto,708694007
N1b,staging_n,content,observation.valuecodeableconcept,Observation.valueCodeableConcept,1.0,True,magneto,1229955005
Fine needle aspirate,procedure.prime,content,procedure.code,Procedure.code,1.0,True,magneto,86273004
Left sacrum,anatomical_location.prime,content,specimen.collection.bodysite,Specimen.collection.bodySite,1.0,True,magneto,736830008
Caudate lobe liver,anatomical_location.prime,content,procedure.code,Specimen.collection.bodySite,1.0,True,magneto,897714003
Posterior right upper abdomen,anatomical_location.prime,content,procedure.code,Specimen.collection.bodySite,1.0,True,magneto,225162003
NX,staging_n,content,observation.valuecodeableconcept,Observation.valueCodeableConcept,1.0,True,magneto,1229945006
US-guided Thoracentesis,procedure.prime,content,procedure.code,Specimen.collection.bodySite,1.0,True,magneto,91602002
Breast reconstruction,anatomical_location.prime,content,specimen.collection.bodysite,Specimen.collection.bodySite,1.0,True,magneto,361716006
Right Axilla Lymph Node,anatomical_location.prime,content,procedure.code,Specimen.collection.bodySite,1.0,True,magneto,739023000
Right Acetabulum,anatomical_location.prime,content,specimen.collection.bodysite,Specimen.collection.bodySite,1.0,True,magneto,1163051005
IIC,staging_group,content,observation.valuecodeableconcept,Observation.valueCodeableConcept,1.0,True,magneto,1222770000
IIIA,staging_group,content,observation.valuecodeableconcept,Observation.valueCodeableConcept,1.0,True,magneto,1222802001
US guided Liver core needle biopsy of 15mm hypoechoic nodule in the right lobe,anatomical_location.prime,content,procedure.code,Specimen.collection.bodySite,1.0,True,magneto,86259008
Right axilla,anatomical_location.prime,content,procedure.code,Specimen.collection.bodySite,1.0,True,magneto,284429001
Rectum,anatomical_location.prime,content,procedure.code,Specimen.collection.bodySite,1.0,True,magneto,410006001
US-GUIDED MESENTERIC MASS BIOPSY,anatomical_location.prime,content,specimen.collection.bodysite,Specimen.collection.bodySite,1.0,True,magneto,89679009
Centrifugation,sample-preservation-method,content,specimen.type,Specimen.type,1.0,True,magneto,72151000000106
Bone Marrow,procedure.prime,content,procedure.code,Specimen.type,1.0,True,magneto,86273004
Pelvic wall,anatomical_location.prime,content,procedure.code,Specimen.collection.bodySite,1.0,True,magneto,12703009
Lung Wedge Resection,procedure.prime,content,procedure.code,Specimen.collection.bodySite,1.0,True,magneto,444188003
Prostate needle biopsies,anatomical_location.prime,content,procedure.code,Specimen.collection.bodySite,1.0,True,magneto,65575008
Pelvis,anatomical_location.prime,content,specimen.collection.bodysite,Specimen.collection.bodySite,1.0,True,magneto,12921003
Lymph Node: Inguinal,metastasis-site,content,specimen.collection.bodysite,Specimen.collection.bodySite,1.0,True,magneto,181762005
T2b,staging_t,content,observation.valuecodeableconcept,Observation.valueCodeableConcept,1.0,True,magneto,1229856007
bone lesion left femur biopsy,anatomical_location.prime,content,procedure.code,Specimen.collection.bodySite,1.0,True,magneto,13861005
0is,staging_group,content,observation.valuecodeableconcept,Observation.valueCodeableConcept,1.0,True,magneto,1222722006
Right Breast US-guided biopsy,anatomical_location.prime,content,procedure.code,Specimen.collection.bodySite,1.0,True,magneto,432550005
Left axillary sentinel lymph node,anatomical_location.prime,content,specimen.collection.bodysite,Specimen.collection.bodySite,1.0,True,magneto,746225004
N3b,staging_n,content,observation.valuecodeableconcept,Observation.valueCodeableConcept,1.0,True,magneto,1229964000
Left breast and left LN biopsy,anatomical_location.prime,content,specimen.collection.bodysite,Specimen.collection.bodySite,1.0,True,magneto,80248007
Right breast and right axilla,anatomical_location.prime,content,procedure.code,Specimen.collection.bodySite,1.0,True,magneto,46662001
T1c2,staging_t,content,observation.valuecodeableconcept,Observation.valueCodeableConcept,1.0,True,magneto,1229849001
MX,staging_m,content,observation.valuecodeableconcept,Observation.valueCodeableConcept,1.0,True,magneto,1222591006
Ascites (Abdomen)/ peritoneal fluid,anatomical_location.prime,content,procedure.code,Specimen.collection.bodySite,1.0,True,magneto,440183002
Sarcoma,condition,content,condition.code,Condition.code,1.0,True,magneto,424413001
T1,staging_t,content,observation.valuecodeableconcept,Observation.valueCodeableConcept,1.0,True,magneto,1228957006
"Brain, NOS",metastasis-site,content,specimen.collection.bodysite,Specimen.collection.bodySite,1.0,True,magneto,12738006
Right lobe of liver,anatomical_location.prime,content,specimen.collection.bodysite,Specimen.collection.bodySite,1.0,True,magneto,48521005
Left Lung/Mediastinum,anatomical_location.prime,content,procedure.code,Specimen.collection.bodySite,1.0,True,magneto,735015005
N0 (mol+),staging_n,content,observation.valuecodeableconcept,Observation.valueCodeableConcept,1.0,True,magneto,1229950000
Rt breast biopsy and Rt axillary lymph node FNA,anatomical_location.prime,content,specimen.collection.bodysite,Specimen.collection.bodySite,1.0,True,magneto,116030008
"Bone, NOS",metastasis-site,content,specimen.collection.bodysite,Specimen.collection.bodySite,1.0,True,magneto,421663001
Right jaw resection,anatomical_location.prime,content,specimen.collection.bodysite,Specimen.collection.bodySite,1.0,True,magneto,735178003
Core needle biopsy of Lt breast (2 sites) and Lt axilla,anatomical_location.prime,content,procedure.code,Specimen.collection.bodySite,1.0,True,magneto,44578009
Open incisional biopsy of left leg mass,anatomical_location.prime,content,specimen.collection.bodysite,Specimen.collection.bodySite,1.0,True,magneto,416131009
Right breast upper outer quadrant and upper inner quadrant needle core biopsies,anatomical_location.prime,content,procedure.code,Specimen.collection.bodySite,1.0,True,magneto,44578009
Left breast mastectomy,anatomical_location.prime,content,specimen.collection.bodysite,Specimen.collection.bodySite,1.0,True,magneto,361716006
Abdominal Mass,anatomical_location.prime,content,procedure.code,Specimen.collection.bodySite,1.0,True,magneto,225162003
Mediastinal Lymph Node,anatomical_location.prime,content,procedure.code,Specimen.collection.bodySite,1.0,True,magneto,234263003
Inflammation of specific body structures or tissue,histology,content,condition.code,Condition.code,1.0,True,magneto,363170005
T3a,staging_t,content,observation.valuecodeableconcept,Observation.valueCodeableConcept,1.0,True,magneto,1229860005
Left breast mastectomy with axillary node dissection,anatomical_location.prime,content,procedure.code,Specimen.collection.bodySite,1.0,True,magneto,428571003
Peritoneal and liver nodules,anatomical_location.prime,content,specimen.collection.bodysite,Specimen.collection.bodySite,1.0,True,magneto,15425007
Left cervical LN cytology,anatomical_location.prime,content,specimen.collection.bodysite,Specimen.collection.bodySite,1.0,True,magneto,368225008
Masectomy with small axillary dissection - right breast,anatomical_location.prime,content,specimen.collection.bodysite,Specimen.collection.bodySite,1.0,True,magneto,39607008
Breast,anatomical_location.prime,content,procedure.code,Specimen.collection.bodySite,1.0,True,magneto,997199941000119102
Right clavicular (soft tissue),anatomical_location.prime,content,procedure.code,Specimen.collection.bodySite,1.0,True,magneto,291661009
T1a2,staging_t,content,observation.valuecodeableconcept,Observation.valueCodeableConcept,1.0,True,magneto,1228961000
Left lumpectomy and SLN biopsy,anatomical_location.prime,content,procedure.code,Specimen.collection.bodySite,1.0,True,magneto,392023007
Retroperitoneal mass,anatomical_location.prime,content,specimen.collection.bodysite,Specimen.collection.bodySite,1.0,True,magneto,82849001
skin graft,anatomical_location.prime,content,procedure.code,Specimen.collection.bodySite,1.0,True,magneto,304040003
Right breast simple mastectomy/sentinel lymph node biopsy,anatomical_location.prime,content,procedure.code,Specimen.collection.bodySite,1.0,True,magneto,428571003
0,staging_group,content,observation.valuecodeableconcept,Observation.valueCodeableConcept,1.0,True,magneto,1222605001
Right breast mass excision,anatomical_location.prime,content,procedure.code,Specimen.collection.bodySite,1.0,True,magneto,6189002
Subcutaneous lesion,anatomical_location.prime,content,procedure.code,Specimen.collection.bodySite,1.0,True,magneto,35646002
Right Breast,anatomical_location.prime,content,specimen.collection.bodysite,Specimen.collection.bodySite,1.0,True,magneto,76752008
Normal Adjacent to Tumor,histology,content,condition.code,Condition.code,1.0,True,magneto,30389008
Soft tissue pelvis,anatomical_location.prime,content,specimen.collection.bodysite,Specimen.collection.bodySite,1.0,True,magneto,20159001
M1c,staging_m,content,observation.valuecodeableconcept,Observation.valueCodeableConcept,1.0,True,magneto,1229923005
Left Iliac Crest,anatomical_location.prime,content,specimen.collection.bodysite,Specimen.collection.bodySite,1.0,True,magneto,1208626003
US Guided Liver biopsy,anatomical_location.prime,content,specimen.collection.bodysite,Specimen.collection.bodySite,1.0,True,magneto,10200004
IB,staging_group,content,observation.valuecodeableconcept,Observation.valueCodeableConcept,1.0,True,magneto,1222728005
Left Breast and chest wall,anatomical_location.prime,content,procedure.code,Specimen.collection.bodySite,1.0,True,magneto,1231734007
Left axilla Lymph Node,anatomical_location.prime,content,procedure.code,Procedure.code,1.0,True,magneto,234262008
Bone (T9 vertebrae),anatomical_location.prime,content,specimen.collection.bodysite,Specimen.collection.bodySite,1.0,True,magneto,280846003
Spleen,anatomical_location.prime,content,procedure.code,Specimen.collection.bodySite,1.0,True,magneto,174776001
Left Axilla,anatomical_location.prime,content,procedure.code,Specimen.collection.bodySite,1.0,True,magneto,301798002
Right arm,anatomical_location.prime,content,specimen.collection.bodysite,Specimen.collection.bodySite,1.0,True,magneto,368209003
Right retroperitoneal lymph node mass,anatomical_location.prime,content,procedure.code,Specimen.collection.bodySite,1.0,True,magneto,399733007
Left Supraclavicular Lymph Node,anatomical_location.prime,content,procedure.code,Specimen.collection.bodySite,1.0,True,magneto,16217501000119107
Right clavicle,anatomical_location.prime,content,specimen.collection.bodysite,Specimen.collection.bodySite,1.0,True,magneto,1260150009
Right gluteus,anatomical_location.prime,content,specimen.collection.bodysite,Specimen.collection.bodySite,1.0,True,magneto,764593009
Right pleura/right chest wall,anatomical_location.prime,content,specimen.collection.bodysite,Specimen.collection.bodySite,1.0,True,magneto,44788007
Lymph Node: Supraclavicular,metastasis-site,content,specimen.collection.bodysite,Specimen.collection.bodySite,1.0,True,magneto,59441001
Left Paratracheal/Mediastinal Lymph Node,anatomical_location.prime,content,procedure.code,Specimen.collection.bodySite,1.0,True,magneto,58347006
Left axillary mass,anatomical_location.prime,content,procedure.code,Specimen.collection.bodySite,1.0,True,magneto,301798002
Fallopian Tube,anatomical_location.prime,content,procedure.code,Specimen.collection.bodySite,1.0,True,magneto,62692004
Double-Spun,sample-preservation-method,content,specimen.type,Specimen.type,1.0,True,magneto,117032008
Lymph Node: Illiac,metastasis-site,content,specimen.collection.bodysite,Specimen.collection.bodySite,1.0,True,magneto,59441001
Part B Rt axilla needle core biopsy,anatomical_location.prime,content,procedure.code,Specimen.collection.bodySite,1.0,True,magneto,21911005
Left Lower Lobe- Lung,anatomical_location.prime,content,specimen.collection.bodysite,Specimen.collection.bodySite,1.0,True,magneto,41224006
Left upper lobe of left lung,anatomical_location.prime,content,procedure.code,Specimen.collection.bodySite,1.0,True,magneto,739141006
Omental,anatomical_location.prime,content,procedure.code,Specimen.collection.bodySite,1.0,True,magneto,997199941000119102
Rt Breast lumpectomy,anatomical_location.prime,content,procedure.code,Specimen.collection.bodySite,1.0,True,magneto,392023007
N1c,staging_n,content,observation.valuecodeableconcept,Observation.valueCodeableConcept,1.0,True,magneto,1229956006
Left Lung,anatomical_location.prime,content,procedure.code,Specimen.collection.bodySite,1.0,True,magneto,735015005
Anterior Abdomen Lesion,anatomical_location.prime,content,specimen.collection.bodysite,Specimen.collection.bodySite,1.0,True,magneto,302553009
Left posterior iliac bone,anatomical_location.prime,content,specimen.collection.bodysite,Specimen.collection.bodySite,1.0,True,magneto,399682004
Chest wall,anatomical_location.prime,content,procedure.code,Specimen.collection.bodySite,1.0,True,magneto,177754003
Mediastinal Lymph Node - Lung,anatomical_location.prime,content,procedure.code,Specimen.collection.bodySite,1.0,True,magneto,234263003
Lymph Node: NOS,metastasis-site,content,specimen.collection.bodysite,Specimen.collection.bodySite,1.0,True,magneto,59441001
Mediastinum node,anatomical_location.prime,content,procedure.code,Specimen.collection.bodySite,1.0,True,magneto,234263003
US-guided core biopsy of 2:30 left breast mass,anatomical_location.prime,content,specimen.collection.bodysite,Specimen.collection.bodySite,1.0,True,magneto,76752008
Left lower Lung nodule,anatomical_location.prime,content,specimen.collection.bodysite,Specimen.collection.bodySite,1.0,True,magneto,303549000
Pleural cavity,anatomical_location.prime,content,procedure.code,Specimen.collection.bodySite,1.0,True,magneto,278296000
Superior Right lobe liver,anatomical_location.prime,content,procedure.code,Specimen.collection.bodySite,1.0,True,magneto,71273005
G2,staging_grade,content,observation.valuecodeableconcept,Observation.valueCodeableConcept,1.0,True,magneto,1228850007
Mesorectal implant,anatomical_location.prime,content,specimen.collection.bodysite,Specimen.collection.bodySite,1.0,True,magneto,18139001
M0,staging_m,content,observation.valuecodeableconcept,Observation.valueCodeableConcept,1.0,True,magneto,1222591006
Perirectal,anatomical_location.prime,content,specimen.collection.bodysite,Specimen.collection.bodySite,1.0,True,magneto,276511004
Total mastectomy; right breast simple mastectomy and left breast mastectomy with sentinel lymph node excision,anatomical_location.prime,content,procedure.code,Specimen.collection.bodySite,1.0,True,magneto,172043006
Left adrenal mass,anatomical_location.prime,content,procedure.code,Specimen.collection.bodySite,1.0,True,magneto,726488007
Bilateral mastectomies and left axillary dissection (Dr. Arpana Naik),anatomical_location.prime,content,specimen.collection.bodysite,Specimen.collection.bodySite,1.0,True,magneto,387713003
Mediastinum,metastasis-site,content,specimen.collection.bodysite,Specimen.collection.bodySite,1.0,True,magneto,86671006
CT-guided biopsy,procedure.prime,content,procedure.code,Procedure.code,1.0,True,magneto,86273004
Left Ovary,anatomical_location.prime,content,procedure.code,Specimen.collection.bodySite,1.0,True,magneto,608891001
Right anterior superior infraclavicular,anatomical_location.prime,content,specimen.collection.bodysite,Specimen.collection.bodySite,1.0,True,magneto,1260150009
US-guided biopsy,anatomical_location.prime,content,specimen.collection.bodysite,Specimen.collection.bodySite,1.0,True,magneto,1186636000
Duodenum,anatomical_location.prime,content,procedure.code,Specimen.collection.bodySite,1.0,True,magneto,1208951004
Pleura,metastasis-site,content,specimen.collection.bodysite,Specimen.collection.bodySite,1.0,True,magneto,3120008
Bone Marrow Percutaneous Aspiration,procedure.prime,content,procedure.code,Specimen.collection.bodySite,1.0,True,magneto,274314005
Left Axillary Lymph Node,anatomical_location.prime,content,procedure.code,Specimen.collection.bodySite,1.0,True,magneto,746225004
Rt elbow,anatomical_location.prime,content,specimen.collection.bodysite,Specimen.collection.bodySite,1.0,True,magneto,895277004
Excisional Biopsy,procedure.prime,content,procedure.code,Procedure.code,1.0,True,magneto,8889005
Right breast/axilla needle core biopsies,anatomical_location.prime,content,procedure.code,Specimen.collection.bodySite,1.0,True,magneto,44578009
Right ovary,anatomical_location.prime,content,specimen.collection.bodysite,Specimen.collection.bodySite,1.0,True,magneto,95550009
Right femur/intertrochanter biopsy,anatomical_location.prime,content,specimen.collection.bodysite,Specimen.collection.bodySite,1.0,True,magneto,722739008
CT Guided Biopsy retroperitoneal lymph node,anatomical_location.prime,content,procedure.code,Specimen.collection.bodySite,1.0,True,magneto,21911005
IIIB,staging_group,content,observation.valuecodeableconcept,Observation.valueCodeableConcept,1.0,True,magneto,1222805004
Right and left breast needle core biopsy,anatomical_location.prime,content,procedure.code,Specimen.collection.bodySite,1.0,True,magneto,44578009
Right upper quadrant omentum,anatomical_location.prime,content,procedure.code,Specimen.collection.bodySite,1.0,True,magneto,11291002
Right inferior lobe of liver,anatomical_location.prime,content,procedure.code,Specimen.collection.bodySite,1.0,True,magneto,71273005
M2,staging_m,content,observation.valuecodeableconcept,Observation.valueCodeableConcept,1.0,True,magneto,1222591006
Right pelvis,anatomical_location.prime,content,procedure.code,Specimen.collection.bodySite,1.0,True,magneto,997199941000119102
IIIA2,staging_group,content,observation.valuecodeableconcept,Observation.valueCodeableConcept,1.0,True,magneto,1222804000
Spine,anatomical_location.prime,content,procedure.code,Specimen.collection.bodySite,1.0,True,magneto,284394000
US guided Fine Needle Aspiration: Left Breast Axillary Lymph Node,anatomical_location.prime,content,specimen.collection.bodysite,Specimen.collection.bodySite,1.0,True,magneto,80248007
EBUS Percutaneous Biopsy - FNA,procedure.prime,content,procedure.code,Procedure.code,1.0,True,magneto,274314005
US Guided Left Breast Biopsy,anatomical_location.prime,content,specimen.collection.bodysite,Specimen.collection.bodySite,1.0,True,magneto,80248007
Colonoscopy,anatomical_location.prime,content,procedure.code,Specimen.collection.bodySite,1.0,True,magneto,73761001
Bilateral skin sparing mastectomies,anatomical_location.prime,content,specimen.collection.bodysite,Specimen.collection.bodySite,1.0,True,magneto,181490005
Right upper lobe of lung,anatomical_location.prime,content,procedure.code,Specimen.collection.bodySite,1.0,True,magneto,739141006
Adenocarcinoma,histology,content,condition.code,Condition.code,1.0,True,magneto,443961001
Right Lung Lower Lobe,anatomical_location.prime,content,specimen.collection.bodysite,Specimen.collection.bodySite,1.0,True,magneto,266005
left lobe,anatomical_location.prime,content,procedure.code,Specimen.collection.bodySite,1.0,True,magneto,736758005
Bone Marrow of Right iliac crest,anatomical_location.prime,content,procedure.code,Specimen.collection.bodySite,1.0,True,magneto,287550000
Left thumb,anatomical_location.prime,content,specimen.collection.bodysite,Specimen.collection.bodySite,1.0,True,magneto,734143007
Left breast polyp excision,anatomical_location.prime,content,specimen.collection.bodysite,Specimen.collection.bodySite,1.0,True,magneto,80248007
Left breast mass biopsy,anatomical_location.prime,content,procedure.code,Specimen.collection.bodySite,1.0,True,magneto,122548005
Right humerus reamings,anatomical_location.prime,content,specimen.collection.bodysite,Specimen.collection.bodySite,1.0,True,magneto,466551000124105
T1b,staging_t,content,observation.valuecodeableconcept,Observation.valueCodeableConcept,1.0,True,magneto,1228962007
Peripheral blood,anatomical_location.prime,content,specimen.type,Specimen.type,1.0,True,magneto,419583006
Spinal cord,anatomical_location.prime,content,specimen.collection.bodysite,Specimen.collection.bodySite,1.0,True,magneto,119404002
Incisional Biopsy,procedure.prime,content,procedure.code,Procedure.code,1.0,True,magneto,70871006
Right gluteal mass,anatomical_location.prime,content,specimen.collection.bodysite,Specimen.collection.bodySite,1.0,True,magneto,764593009
Inferior right liver segment 6,anatomical_location.prime,content,specimen.collection.bodysite,Specimen.collection.bodySite,1.0,True,magneto,48521005
Right breast biopsy at 9 O'clock,anatomical_location.prime,content,procedure.code,Specimen.collection.bodySite,1.0,True,magneto,122548005
Left Breast Core biopsy,anatomical_location.prime,content,procedure.code,Specimen.collection.bodySite,1.0,True,magneto,122548005
Bilateral mastectomy with low axillary dissections,anatomical_location.prime,content,specimen.collection.bodysite,Specimen.collection.bodySite,1.0,True,magneto,76752008
Right Anterior Abdominal Superficial Node,anatomical_location.prime,content,specimen.collection.bodysite,Specimen.collection.bodySite,1.0,True,magneto,415994006
Left breast skin biopsy,anatomical_location.prime,content,specimen.collection.bodysite,Specimen.collection.bodySite,1.0,True,magneto,722157002
Left axillary tail,anatomical_location.prime,content,specimen.collection.bodysite,Specimen.collection.bodySite,1.0,True,magneto,457281000124109
Right adrenal gland,anatomical_location.prime,content,procedure.code,Specimen.collection.bodySite,1.0,True,magneto,726489004
Bladder dome and prostatic urethra biopsy,anatomical_location.prime,content,specimen.collection.bodysite,Specimen.collection.bodySite,1.0,True,magneto,89837001
Right Parietal Occipital Craniotomy for Tumor Resection,anatomical_location.prime,content,specimen.collection.bodysite,Specimen.collection.bodySite,1.0,True,magneto,71388002
T3b,staging_t,content,observation.valuecodeableconcept,Observation.valueCodeableConcept,1.0,True,magneto,1229861009
Epidural tumor,anatomical_location.prime,content,specimen.collection.bodysite,Specimen.collection.bodySite,1.0,True,magneto,30636001
IIA1,staging_group,content,observation.valuecodeableconcept,Observation.valueCodeableConcept,1.0,True,magneto,1222767004
Central liver,anatomical_location.prime,content,procedure.code,Specimen.collection.bodySite,1.0,True,magneto,72106008
Mastectomy,procedure.prime,content,procedure.code,Specimen.collection.bodySite,1.0,True,magneto,172043006
Malignant tumor of prostate,histology,content,condition.code,Condition.code,1.0,True,magneto,93974005
Rt breast,anatomical_location.prime,content,procedure.code,Specimen.collection.bodySite,1.0,True,magneto,429400009
Right forearm mass,anatomical_location.prime,content,specimen.collection.bodysite,Specimen.collection.bodySite,1.0,True,magneto,64262003
Axillary lymph node dissection,anatomical_location.prime,content,specimen.collection.bodysite,Specimen.collection.bodySite,1.0,True,magneto,361716006
US Breast Right,anatomical_location.prime,content,procedure.code,Specimen.collection.bodySite,1.0,True,magneto,961000087109
Re-excision left mastectomy inferior margin,anatomical_location.prime,content,procedure.code,Specimen.collection.bodySite,1.0,True,magneto,428571003
Right ovarian (adnexal) mass,anatomical_location.prime,content,procedure.code,Specimen.collection.bodySite,1.0,True,magneto,608892008
Ficoll,sample-preservation-method,content,specimen.type,Specimen.type,1.0,True,magneto,73373003
Left breast biopsy,anatomical_location.prime,content,procedure.code,Specimen.collection.bodySite,1.0,True,magneto,122548005
Right lower lobe of right lung,anatomical_location.prime,content,procedure.code,Specimen.collection.bodySite,1.0,True,magneto,739139005
